<?xml version="1.0" encoding="utf-8"?>
<odoo><data>

    <!-- OpenWood Collection Online Reveal: Gemini (all) -->
    <record id="event.event_registration_7_0" model="event.registration">
        <field name="visitor_id" ref="website.website_visitor_0"/>
    </record>
    <record id="event.event_registration_7_1" model="event.registration">
        <field name="visitor_id" ref="website.website_visitor_0"/>
    </record>
    <record id="event.event_registration_7_2" model="event.registration">
        <field name="visitor_id" ref="website.website_visitor_1"/>
    </record>
    <record id="event.event_registration_7_3" model="event.registration">
        <field name="visitor_id" ref="website.website_visitor_1"/>
    </record>

</data></odoo>
