<?xml version="1.0" encoding="utf-8"?>
<odoo>

    <record id="spreadsheet_dashboard_rental" model="spreadsheet.dashboard">
        <field name="name">Rental</field>
        <field name="data" type="base64" file="spreadsheet_dashboard_sale_renting/data/files/rental_dashboard.json"/>
        <field name="dashboard_group_id" ref="spreadsheet_dashboard.spreadsheet_dashboard_group_sales"/>
        <field name="group_ids" eval="[Command.link(ref('sales_team.group_sale_manager'))]"/>
        <field name="sequence">400</field>
    </record>

</odoo>
