<?xml version="1.0" encoding="utf-8"?>
<odoo>
        <record id="l10nbe_chart_template" model="account.chart.template">
            <field name="name">Belgian PCMN</field>
            <field name="code_digits">6</field>
            <field name="property_account_receivable_id" ref="a400"/>
            <field name="property_account_payable_id" ref="a440"/>
            <field name="property_account_expense_categ_id" ref="a600"/>
            <field name="property_account_income_categ_id" ref="a7000"/>
            <field name="expense_currency_exchange_account_id" ref="a654"/>
            <field name="income_currency_exchange_account_id" ref="a754"/>
            <field name="property_tax_payable_account_id" ref="a4512"/>
            <field name="property_tax_receivable_account_id" ref="a4112"/>
            <field name="default_pos_receivable_account_id" ref="a4001"/>
            <field name="account_journal_suspense_account_id" ref="a499"/>
            <field name="account_journal_early_pay_discount_loss_account_id" ref="a657000"/>
            <field name="account_journal_early_pay_discount_gain_account_id" ref="a757000"/>
        </record>
</odoo>
