<?xml version="1.0" encoding="utf-8"?>
<odoo>
        <!-- Chart template -->
        <record id="l10nbe_chart_template" model="account.chart.template">
            <field name="name">Belgian PCMN</field>
            <field name="bank_account_code_prefix">550</field>
            <field name="cash_account_code_prefix">570</field>
            <field name="transfer_account_code_prefix">580</field>
            <field name="currency_id" ref="base.EUR"/>
            <field name="spoken_languages" eval="'nl_BE;nl_NL;fr_FR;fr_BE;de_DE'"/>
            <field name="country_id" ref="base.be"/>
        </record>
</odoo>
