id,name,model_id:id,group_id:id,perm_read,perm_write,perm_create,perm_unlink
access_studio_approval_rule_settings,Studio Approval Rule (Settings),web_studio.model_studio_approval_rule,base.group_system,1,1,1,1
access_studio_approval_entry_user,Studio Approval Entry (Users),web_studio.model_studio_approval_entry,base.group_user,1,0,1,1
access_studio_approval_entry_settings,Studio Approval Entry (Settings),web_studio.model_studio_approval_entry,base.group_system,1,0,1,1
access_studio_approval_request_settings,Studio Approval Requests (Settings),web_studio.model_studio_approval_request,base.group_system,1,1,1,1
