<?xml version="1.0" encoding="utf-8"?>
<odoo>
    <data noupdate="1">
        <record id="tax_group_iva_0" model="account.tax.group">
            <field name="name">IVA 0%</field>
            <field name="country_id" ref="base.ve"/>
        </record>
        <record id="tax_group_iva_8" model="account.tax.group">
            <field name="name">IVA 8%</field>
            <field name="country_id" ref="base.ve"/>
        </record>
        <record id="tax_group_iva_12" model="account.tax.group">
            <field name="name">IVA 12%</field>
            <field name="country_id" ref="base.ve"/>
        </record>
        <record id="tax_group_iva_22" model="account.tax.group">
            <field name="name">IVA 22%</field>
            <field name="country_id" ref="base.ve"/>
        </record>
    </data>
</odoo>
