<?xml version="1.0" encoding="UTF-8" ?>
<templates xml:space="preserve">

<t t-name="web_enterprise.EnterpriseNavBar" t-inherit="web.NavBar" t-inherit-mode="primary">
    <xpath expr="//nav" position="attributes">
        <attribute name="t-ref">nav</attribute>
    </xpath>
    <xpath expr="//t[@t-call='web.NavBar.AppsMenu']" position="replace">
        <a href="#" class="o_menu_toggle" accesskey="h" t-ref="menuApps" t-on-click.prevent="() => this.hm.toggle()">
            <svg width="14px" height="14px" viewBox="0 0 14 14" xmlns="http://www.w3.org/2000/svg" >
                <g t-foreach="[0, 5, 10]" t-as="Y" t-att-id="'o_menu_toggle_row_' + Y_index" fill="currentColor" t-key="'o_menu_toggle_row_' + Y_index">
                    <rect t-foreach="[0, 5, 10]" t-as="X" width="4" height="4" t-att-x="X" t-att-y="Y" t-key="'o_menu_toggle_cell_' + X_index"/>
                </g>
            </svg>
        </a>
    </xpath>
</t>

</templates>
