<?xml version="1.0" encoding="utf-8"?>
<odoo>
    <data noupdate="1">
        <record id="tcs_group" model="account.tax.group">
            <field name="name">TCS</field>
            <field name="country_id" ref="base.in"/>
            <field name="sequence">100</field>
        </record>
        <record id="tds_group" model="account.tax.group">
            <field name="name">TDS</field>
            <field name="country_id" ref="base.in"/>
            <field name="sequence">100</field>
        </record>
    </data>
</odoo>
