<?xml version="1.0" encoding="utf-8"?>
<odoo>

    <record id="spreadsheet_dashboard_livechat" model="spreadsheet.dashboard">
        <field name="name">Live chat</field>
        <field name="data" type="base64" file="spreadsheet_dashboard_im_livechat/data/files/livechat_dashboard.json"/>
        <field name="dashboard_group_id" ref="spreadsheet_dashboard.spreadsheet_dashboard_group_website"/>
        <field name="group_ids" eval="[Command.link(ref('im_livechat.im_livechat_group_manager'))]"/>
        <field name="sequence">100</field>
    </record>

</odoo>
