<?xml version="1.0" encoding="UTF-8"?>
<templates xml:space="preserve">
    <t t-name="warning.time.off.to.defer">
        <div class="alert alert-warning text-center mb-0" role="alert">
            <p class="mb-0">
                You have some <button class="btn btn-link p-0 o_open_defer_time_off" role="button">time off</button> to defer to the next month.
            </p>
        </div>
    </t>
    <t t-name="hr_payroll_holidays.ListViewButtonTemplate" t-inherit="web.ListView.Buttons" t-inherit-mode="primary" owl="1"></t>
</templates>
