<?xml version="1.0" encoding="utf-8"?>
<odoo>
    <data noupdate="1">
        <record id="tax_group_vat20" model="account.tax.group">
            <field name="name">ПДВ 20%</field>
            <field name="country_id" ref="base.ua"/>
        </record>
        <record id="tax_group_vat14" model="account.tax.group">
            <field name="name">ПДВ 14%</field>
            <field name="country_id" ref="base.ua"/>
        </record>
        <record id="tax_group_vat7" model="account.tax.group">
            <field name="name">ПДВ 7%</field>
            <field name="country_id" ref="base.ua"/>
        </record>
        <record id="tax_group_vat0" model="account.tax.group">
            <field name="name">ПДВ 0%</field>
            <field name="country_id" ref="base.ua"/>
        </record>
        <record id="tax_group_vat_free" model="account.tax.group">
            <field name="name">Звільнено від ПДВ</field>
            <field name="country_id" ref="base.ua"/>
        </record>
        <record id="tax_group_not_vat" model="account.tax.group">
            <field name="name">Не є ПДВ</field>
            <field name="country_id" ref="base.ua"/>
        </record>
    </data>
</odoo>
