"id","code","name","account_type","reconcile","chart_template_id:id"
"ua_psbp_100",100,"Інвестиційна нерухомість","asset_fixed",FALSE,"l10n_ua_psbo_chart_template"
"ua_psbp_101",101,"Земельні ділянки","asset_fixed",FALSE,"l10n_ua_psbo_chart_template"
"ua_psbp_102",102,"Капітальні витрати на поліпшення  земель","asset_fixed",FALSE,"l10n_ua_psbo_chart_template"
"ua_psbp_103",103,"Будинки та споруди","asset_fixed",FALSE,"l10n_ua_psbo_chart_template"
"ua_psbp_104",104,"Машини та обладнання","asset_fixed",FALSE,"l10n_ua_psbo_chart_template"
"ua_psbp_105",105,"Транспортні засоби","asset_fixed",FALSE,"l10n_ua_psbo_chart_template"
"ua_psbp_106",106,"Інструменти, прилади та інвентар","asset_fixed",FALSE,"l10n_ua_psbo_chart_template"
"ua_psbp_107",107,"Тварини","asset_fixed",FALSE,"l10n_ua_psbo_chart_template"
"ua_psbp_108",108,"Багаторічні насадження","asset_fixed",FALSE,"l10n_ua_psbo_chart_template"
"ua_psbp_1091",1091,"Інші основні засоби","asset_fixed",FALSE,"l10n_ua_psbo_chart_template"
"ua_psbp_1092",1092,"Основні засоби призначені для продажу","asset_fixed",FALSE,"l10n_ua_psbo_chart_template"
"ua_psbp_111",111,"Бібліотечні фонди","asset_fixed",FALSE,"l10n_ua_psbo_chart_template"
"ua_psbp_112",112,"Малоцінні необоротні матеріальні активи","asset_fixed",FALSE,"l10n_ua_psbo_chart_template"
"ua_psbp_113",113,"Тимчасові (нетитульні) споруди","asset_fixed",FALSE,"l10n_ua_psbo_chart_template"
"ua_psbp_114",114,"Природні ресурси","asset_fixed",FALSE,"l10n_ua_psbo_chart_template"
"ua_psbp_115",115,"Інвентарна тара","asset_fixed",FALSE,"l10n_ua_psbo_chart_template"
"ua_psbp_116",116,"Предмети прокату","asset_fixed",FALSE,"l10n_ua_psbo_chart_template"
"ua_psbp_1171",1171,"Інші необоротні матеріальні активи","asset_fixed",FALSE,"l10n_ua_psbo_chart_template"
"ua_psbp_1172",1172,"Необоротні матеріальні активи призначені для продажу","asset_fixed",FALSE,"l10n_ua_psbo_chart_template"
"ua_psbp_121",121,"Права користування природними ресурсами","asset_fixed",FALSE,"l10n_ua_psbo_chart_template"
"ua_psbp_122",122,"Права користування майном","asset_fixed",FALSE,"l10n_ua_psbo_chart_template"
"ua_psbp_123",123,"Права на комерційні позначення","asset_fixed",FALSE,"l10n_ua_psbo_chart_template"
"ua_psbp_124",124,"Права на об’єкти промислової власності","asset_fixed",FALSE,"l10n_ua_psbo_chart_template"
"ua_psbp_125",125,"Авторське право та суміжні з ним права","asset_fixed",FALSE,"l10n_ua_psbo_chart_template"
"ua_psbp_127",127,"Інші нематеріальні активи","asset_fixed",FALSE,"l10n_ua_psbo_chart_template"
"ua_psbp_131",131,"Знос основних засобів","expense_depreciation",FALSE,"l10n_ua_psbo_chart_template"
"ua_psbp_132",132,"Знос інших необоротних матеріальних активів","expense_depreciation",FALSE,"l10n_ua_psbo_chart_template"
"ua_psbp_133",133,"Накопичена амортизацiя нематеріальних активів","expense_depreciation",FALSE,"l10n_ua_psbo_chart_template"
"ua_psbp_134",134,"Накопичена амортизація довгострокових біологічних активів","expense_depreciation",FALSE,"l10n_ua_psbo_chart_template"
"ua_psbp_135",135,"Знос інвестиційної нерухомості","expense_depreciation",FALSE,"l10n_ua_psbo_chart_template"
"ua_psbp_141",141,"Інвестиції пов’язаним сторонам за методом обліку участі в капіталі","asset_fixed",FALSE,"l10n_ua_psbo_chart_template"
"ua_psbp_142",142,"Інші інвестиції пов’язаним сторонам","asset_fixed",FALSE,"l10n_ua_psbo_chart_template"
"ua_psbp_143",143,"Інвестиції непов’язаним сторонам","asset_fixed",FALSE,"l10n_ua_psbo_chart_template"
"ua_psbp_151",151,"Капітальне будівництво","asset_fixed",FALSE,"l10n_ua_psbo_chart_template"
"ua_psbp_1521",1521,"Придбання основних засобів","asset_fixed",FALSE,"l10n_ua_psbo_chart_template"
"ua_psbp_1522",1522,"Виготовлення та модернізація основних засобів","asset_fixed",FALSE,"l10n_ua_psbo_chart_template"
"ua_psbp_1531",1531,"Придбання  інших необоротних матеріальних активів","asset_fixed",FALSE,"l10n_ua_psbo_chart_template"
"ua_psbp_1532",1532,"Виготовлення та модернізація інших необоротних матеріальних активів","asset_fixed",FALSE,"l10n_ua_psbo_chart_template"
"ua_psbp_1541",1541,"Придбання нематеріальних активів","asset_fixed",FALSE,"l10n_ua_psbo_chart_template"
"ua_psbp_1542",1542,"Виготовлення нематеріальних активів","asset_fixed",FALSE,"l10n_ua_psbo_chart_template"
"ua_psbp_155",155,"Придбання (вирощування) довгострокових біологічних активів","asset_fixed",FALSE,"l10n_ua_psbo_chart_template"
"ua_psbp_161",161,"Довгострокові біологічні активи рослинництва, які оцінені за справедливою вартістю","asset_fixed",FALSE,"l10n_ua_psbo_chart_template"
"ua_psbp_162",162,"Довгострокові біологічні активи рослинництва, які оцінені за первісною вартістю","asset_fixed",FALSE,"l10n_ua_psbo_chart_template"
"ua_psbp_163",163,"Довгострокові біологічні активи тваринництва, які оцінені за справедливою вартістю","asset_fixed",FALSE,"l10n_ua_psbo_chart_template"
"ua_psbp_164",164,"Довгострокові біологічні активи тваринництва, які оцінені за первісною вартістю","asset_fixed",FALSE,"l10n_ua_psbo_chart_template"
"ua_psbp_165",165,"Незрілі довгострокові біологічні активи, які оцінюються за справедливою вартістю","asset_fixed",FALSE,"l10n_ua_psbo_chart_template"
"ua_psbp_166",166,"Незрілі довгострокові біологічні активи, які оцінюються за первісною вартістю","asset_fixed",FALSE,"l10n_ua_psbo_chart_template"
"ua_psbp_17",17,"Відстрочені податкові активи","asset_fixed",FALSE,"l10n_ua_psbo_chart_template"
"ua_psbp_181",181,"Заборгованість за майно, що передано у фінансову оренду","asset_fixed",FALSE,"l10n_ua_psbo_chart_template"
"ua_psbp_182",182,"Довгострокові векселі одержані","asset_fixed",FALSE,"l10n_ua_psbo_chart_template"
"ua_psbp_183",183,"Інша дебіторська заборгованість","asset_fixed",FALSE,"l10n_ua_psbo_chart_template"
"ua_psbp_184",184,"Інші необоротні активи","asset_fixed",FALSE,"l10n_ua_psbo_chart_template"
"ua_psbp_191",191,"Гудвіл при придбаннi","asset_fixed",FALSE,"l10n_ua_psbo_chart_template"
"ua_psbp_192",192,"Негативный гудвил","asset_fixed",FALSE,"l10n_ua_psbo_chart_template"
"ua_psbp_193",193,"Гудвіл при приватизації (корпоратизації)","asset_fixed",FALSE,"l10n_ua_psbo_chart_template"
"ua_psbp_200",200,"Транспортно-заготівельні витрати (матеріали)","asset_current",FALSE,"l10n_ua_psbo_chart_template"
"ua_psbp_201",201,"Сировина й матеріали","asset_current",FALSE,"l10n_ua_psbo_chart_template"
"ua_psbp_202",202,"Купівельні напівфабрикати та комплектуючі вироби","asset_current",FALSE,"l10n_ua_psbo_chart_template"
"ua_psbp_203",203,"Паливо","asset_current",FALSE,"l10n_ua_psbo_chart_template"
"ua_psbp_204",204,"Тара й тарні матеріали","asset_current",FALSE,"l10n_ua_psbo_chart_template"
"ua_psbp_205",205,"Будівельні матеріали","asset_current",FALSE,"l10n_ua_psbo_chart_template"
"ua_psbp_206",206,"Матеріали, передані в переробку","asset_current",FALSE,"l10n_ua_psbo_chart_template"
"ua_psbp_207",207,"Запасні частини","asset_current",FALSE,"l10n_ua_psbo_chart_template"
"ua_psbp_208",208,"Матеріали сільськогосподарського призначення","asset_current",FALSE,"l10n_ua_psbo_chart_template"
"ua_psbp_209",209,"Інші матеріали","asset_current",FALSE,"l10n_ua_psbo_chart_template"
"ua_psbp_211",211,"Поточні біологічні активи рослинництва, які оцінені за справедливою вартістю","asset_current",FALSE,"l10n_ua_psbo_chart_template"
"ua_psbp_212",212,"Поточні біологічні активи тваринництва, які оцінені за справедливою вартістю","asset_current",FALSE,"l10n_ua_psbo_chart_template"
"ua_psbp_213",213,"Поточні біологічні активи тваринництва, які оцінені за первісною вартістю","asset_current",FALSE,"l10n_ua_psbo_chart_template"
"ua_psbp_22",22,"Малоцінні та швидкозношувані предмети","asset_current",FALSE,"l10n_ua_psbo_chart_template"
"ua_psbp_231",231,"Основне виробництво","asset_current",FALSE,"l10n_ua_psbo_chart_template"
"ua_psbp_232",232,"Допоміжні виробництва","asset_current",FALSE,"l10n_ua_psbo_chart_template"
"ua_psbp_233",233,"Обслуговуючі виробництва","asset_current",FALSE,"l10n_ua_psbo_chart_template"
"ua_psbp_234",234,"Давальницьке виробництво","asset_current",FALSE,"l10n_ua_psbo_chart_template"
"ua_psbp_235",235,"Обслуговування і ремонт необоротних активів","asset_current",FALSE,"l10n_ua_psbo_chart_template"
"ua_psbp_238",238,"Незавершені будівельні контракти","asset_current",FALSE,"l10n_ua_psbo_chart_template"
"ua_psbp_239",239,"Проміжні рахунки","asset_current",FALSE,"l10n_ua_psbo_chart_template"
"ua_psbp_24",24,"Брак у виробництві","asset_current",FALSE,"l10n_ua_psbo_chart_template"
"ua_psbp_25",25,"Напівфабрикати","asset_current",FALSE,"l10n_ua_psbo_chart_template"
"ua_psbp_26",26,"Готова продукція","asset_current",FALSE,"l10n_ua_psbo_chart_template"
"ua_psbp_27",27,"Продукція сільськогосподарського виробництва","asset_current",FALSE,"l10n_ua_psbo_chart_template"
"ua_psbp_280",280,"Транспортно-заготівельні витрати","asset_current",FALSE,"l10n_ua_psbo_chart_template"
"ua_psbp_281",281,"Товари на складі","asset_current",FALSE,"l10n_ua_psbo_chart_template"
"ua_psbp_2811",2811,"Товари відвантажені зі складу","asset_current",TRUE,"l10n_ua_psbo_chart_template"
"ua_psbp_2812",2812,"Товари отримані на склад","liability_current",TRUE,"l10n_ua_psbo_chart_template"
"ua_psbp_282",282,"Товари в торгівлі (за продажною вартістю)","asset_current",FALSE,"l10n_ua_psbo_chart_template"
"ua_psbp_283",283,"Товари на комісії","asset_current",FALSE,"l10n_ua_psbo_chart_template"
"ua_psbp_284",284,"Тара під товарами","asset_current",FALSE,"l10n_ua_psbo_chart_template"
"ua_psbp_285",285,"Торгова націнка","asset_current",FALSE,"l10n_ua_psbo_chart_template"
"ua_psbp_286",286,"Необоротні активи та групи вибуття, утримувані для продажу","asset_current",FALSE,"l10n_ua_psbo_chart_template"
"ua_psbp_289",289,"Товари в торгівлі (за покупною вартістю)","asset_current",FALSE,"l10n_ua_psbo_chart_template"
"ua_psbp_311",311,"Поточні рахунки в національній валюті","asset_cash",FALSE,"l10n_ua_psbo_chart_template"
"ua_psbp_312",312,"Поточні рахунки в іноземній валюті","asset_cash",FALSE,"l10n_ua_psbo_chart_template"
"ua_psbp_313",313,"Інші рахунки в банку в національній валюті","asset_cash",FALSE,"l10n_ua_psbo_chart_template"
"ua_psbp_314",314,"Інші рахунки в банку в іноземній валюті","asset_cash",FALSE,"l10n_ua_psbo_chart_template"
"ua_psbp_315",315,"Спеціальні рахунки в національній валюті","asset_cash",FALSE,"l10n_ua_psbo_chart_template"
"ua_psbp_316",316,"Спеціальні рахунки в іноземній валюті","asset_cash",FALSE,"l10n_ua_psbo_chart_template"
"ua_psbp_331",331,"Грошові документи в національній валюті","asset_cash",FALSE,"l10n_ua_psbo_chart_template"
"ua_psbp_332",332,"Грошові документи в іноземній валюті","asset_cash",FALSE,"l10n_ua_psbo_chart_template"
"ua_psbp_333",333,"Грошові кошти в дорозі в національній валюті","asset_cash",FALSE,"l10n_ua_psbo_chart_template"
"ua_psbp_334",334,"Грошові кошти в дорозі в іноземній валюті","asset_cash",FALSE,"l10n_ua_psbo_chart_template"
"ua_psbp_335",335,"Електронні гроші, номіновані в національній валюті","asset_cash",FALSE,"l10n_ua_psbo_chart_template"
"ua_psbp_341",341,"Короткострокові векселі, одержані в національній валюті","asset_cash",FALSE,"l10n_ua_psbo_chart_template"
"ua_psbp_342",342,"Короткострокові векселі, одержані в іноземній валюті","asset_cash",FALSE,"l10n_ua_psbo_chart_template"
"ua_psbp_3511",3511,"Еквіваленти грошових коштів (у національній валюті)","asset_cash",FALSE,"l10n_ua_psbo_chart_template"
"ua_psbp_3512",3512,"Еквіваленти грошових коштів (в іноземній валюті)","asset_cash",FALSE,"l10n_ua_psbo_chart_template"
"ua_psbp_352",352,"Інші поточні фінансові інвестиції","asset_cash",FALSE,"l10n_ua_psbo_chart_template"
"ua_psbp_361",361,"Розрахунки з вітчизняними покупцями","asset_receivable",TRUE,"l10n_ua_psbo_chart_template"
"ua_psbp_362",362,"Розрахунки з іноземними покупцями","asset_receivable",TRUE,"l10n_ua_psbo_chart_template"
"ua_psbp_363",363,"Розрахунки з учасниками ПФГ","asset_receivable",TRUE,"l10n_ua_psbo_chart_template"
"ua_psbp_364",364,"Розрахунки по гарантійному забезпеченню","asset_receivable",TRUE,"l10n_ua_psbo_chart_template"
"ua_psbp_365",365,"Розрахунки з роздрібними покупцями","asset_receivable",TRUE,"l10n_ua_psbo_chart_template"
"ua_psbp_366",366,"Розрахунки з вітчизняними покупцями (PoS)","asset_receivable",TRUE,"l10n_ua_psbo_chart_template"
"ua_psbp_3711",3711,"Розрахунки за виданими авансами (в національній валюті)","asset_receivable",TRUE,"l10n_ua_psbo_chart_template"
"ua_psbp_3712",3712,"Розрахунки за виданими авансами (в іноземній валюті)","asset_receivable",TRUE,"l10n_ua_psbo_chart_template"
"ua_psbp_3721",3721,"Розрахунки з підзвітними особами в національній валюті","asset_receivable",TRUE,"l10n_ua_psbo_chart_template"
"ua_psbp_3722",3722,"Розрахунки з підзвітними особами в іноземній валюті","asset_receivable",TRUE,"l10n_ua_psbo_chart_template"
"ua_psbp_373",373,"Розрахунки за нарахованими доходами","asset_receivable",TRUE,"l10n_ua_psbo_chart_template"
"ua_psbp_374",374,"Розрахунки за претензіями","asset_receivable",TRUE,"l10n_ua_psbo_chart_template"
"ua_psbp_375",375,"Розрахунки за відшкодуванням завданих збитків","asset_receivable",TRUE,"l10n_ua_psbo_chart_template"
"ua_psbp_376",376,"Розрахунки за позиками членам кредитних спілок","asset_receivable",TRUE,"l10n_ua_psbo_chart_template"
"ua_psbp_3771",3771,"Розрахунки з іншими дебіторами (в національній валюті)","asset_receivable",TRUE,"l10n_ua_psbo_chart_template"
"ua_psbp_3772",3772,"Розрахунки з іншими дебіторами (в іноземній валюті)","asset_receivable",TRUE,"l10n_ua_psbo_chart_template"
"ua_psbp_3773",3773,"Розрахунки з робітниками та службовцями по інших операціях","liability_payable",TRUE,"l10n_ua_psbo_chart_template"
"ua_psbp_378",378,"Розрахунки з державними цільовими фондами","asset_receivable",TRUE,"l10n_ua_psbo_chart_template"
"ua_psbp_379",379,"Розрахунки по операціям з дериватимами","asset_receivable",TRUE,"l10n_ua_psbo_chart_template"
"ua_psbp_381",381,"По заборгованості за товари, роботи, послуги","asset_receivable",TRUE,"l10n_ua_psbo_chart_template"
"ua_psbp_382",382,"По заборгованості за розрахунки з бюджетом","asset_receivable",TRUE,"l10n_ua_psbo_chart_template"
"ua_psbp_383",383,"По заборгованості за розрахунки за виданими авансами","asset_receivable",TRUE,"l10n_ua_psbo_chart_template"
"ua_psbp_384",384,"По заборгованості за розрахунки за нарахованими доходами","asset_receivable",TRUE,"l10n_ua_psbo_chart_template"
"ua_psbp_385",385,"По заборгованості за внутрішні розрахунки","asset_receivable",TRUE,"l10n_ua_psbo_chart_template"
"ua_psbp_386",386,"По іншій дебіторській заборгованості","asset_receivable",TRUE,"l10n_ua_psbo_chart_template"
"ua_psbp_39",39,"Витрати майбутніх періодів","liability_non_current",FALSE,"l10n_ua_psbo_chart_template"
"ua_psbp_401",401,"Статутний капітал","equity",FALSE,"l10n_ua_psbo_chart_template"
"ua_psbp_402",402,"Пайовий капітал","equity",FALSE,"l10n_ua_psbo_chart_template"
"ua_psbp_403",403,"Інший зареєстрований капітал","equity",FALSE,"l10n_ua_psbo_chart_template"
"ua_psbp_404",404,"Внески до незареєстрованого статутного капіталу","equity",FALSE,"l10n_ua_psbo_chart_template"
"ua_psbp_411",411,"Дооцінка (уцінка) основних засобів","equity",FALSE,"l10n_ua_psbo_chart_template"
"ua_psbp_412",412,"Дооцінка (уцінка) нематеріальних активів","equity",FALSE,"l10n_ua_psbo_chart_template"
"ua_psbp_413",413,"Дооцінка (уцінка) фінансових інструментів","equity",FALSE,"l10n_ua_psbo_chart_template"
"ua_psbp_414",414,"Інший капітал у дооцінках","equity",FALSE,"l10n_ua_psbo_chart_template"
"ua_psbp_421",421,"Емісійний дохід","equity",FALSE,"l10n_ua_psbo_chart_template"
"ua_psbp_422",422,"Інший  вкладений капітал","equity",FALSE,"l10n_ua_psbo_chart_template"
"ua_psbp_423",423,"Накопичені курсові різниці","equity",FALSE,"l10n_ua_psbo_chart_template"
"ua_psbp_424",424,"Безоплатно одержані необоротні активи","equity",FALSE,"l10n_ua_psbo_chart_template"
"ua_psbp_425",425,"Інший додатковий капітал","equity",FALSE,"l10n_ua_psbo_chart_template"
"ua_psbp_43",43,"Резервний капітал","equity",FALSE,"l10n_ua_psbo_chart_template"
"ua_psbp_441",441,"Прибуток нерозподілений","equity",FALSE,"l10n_ua_psbo_chart_template"
"ua_psbp_442",442,"Непокриті збитки","equity",FALSE,"l10n_ua_psbo_chart_template"
"ua_psbp_443",443,"Прибуток, використаний у звітному періоді","equity",FALSE,"l10n_ua_psbo_chart_template"
"ua_psbp_451",451,"Вилучені акції","equity",FALSE,"l10n_ua_psbo_chart_template"
"ua_psbp_452",452,"Вилучені вклади й паї","equity",FALSE,"l10n_ua_psbo_chart_template"
"ua_psbp_453",453,"Інший вилучений капітал","equity",FALSE,"l10n_ua_psbo_chart_template"
"ua_psbp_46",46,"Неоплачений капітал","equity",FALSE,"l10n_ua_psbo_chart_template"
"ua_psbp_471",471,"Забезпечення виплат відпусток","equity",FALSE,"l10n_ua_psbo_chart_template"
"ua_psbp_472",472,"Додаткове пенсійне забезпечення","equity",FALSE,"l10n_ua_psbo_chart_template"
"ua_psbp_473",473,"Забезпечення гарантійних зобов’язань","equity",FALSE,"l10n_ua_psbo_chart_template"
"ua_psbp_474",474,"Забезпечення інших витрат і платежів","equity",FALSE,"l10n_ua_psbo_chart_template"
"ua_psbp_475",475,"Забезпечення, пов'язане з інвестиційною діяльністю","equity",FALSE,"l10n_ua_psbo_chart_template"
"ua_psbp_476",476,"Забезпечення, пов'язане з фінансовою діяльністю","equity",FALSE,"l10n_ua_psbo_chart_template"
"ua_psbp_477",477,"Забезпечення матеріального заохочення","equity",FALSE,"l10n_ua_psbo_chart_template"
"ua_psbp_478",478,"Забезпечення відновлення земельних ділянок","equity",FALSE,"l10n_ua_psbo_chart_template"
"ua_psbp_481",481,"Кошти, що вилучено з під оподаткування","equity",FALSE,"l10n_ua_psbo_chart_template"
"ua_psbp_482",482,"Кошти з бюджету та державних цільових фондів","equity",FALSE,"l10n_ua_psbo_chart_template"
"ua_psbp_483",483,"Бланодійна допомога","equity",FALSE,"l10n_ua_psbo_chart_template"
"ua_psbp_484",484,"Інші кошти цільового фінансування","equity",FALSE,"l10n_ua_psbo_chart_template"
"ua_psbp_491",491,"Технічні резерви","equity",FALSE,"l10n_ua_psbo_chart_template"
"ua_psbp_492",492,"Резерви із страхування життя","equity",FALSE,"l10n_ua_psbo_chart_template"
"ua_psbp_493",493,"Частка перестраховиків у технічних резервах","equity",FALSE,"l10n_ua_psbo_chart_template"
"ua_psbp_494",494,"Частка перестраховиків у резервах із страхування життя","equity",FALSE,"l10n_ua_psbo_chart_template"
"ua_psbp_495",495,"Результат зміни технічних резервів","equity",FALSE,"l10n_ua_psbo_chart_template"
"ua_psbp_496",496,"Результат зміни резервів із страхування життя","equity",FALSE,"l10n_ua_psbo_chart_template"
"ua_psbp_501",501,"Довгострокові кредити банків у національній валюті","liability_non_current",FALSE,"l10n_ua_psbo_chart_template"
"ua_psbp_502",502,"Довгострокові кредити банків в іноземній валюті","liability_non_current",FALSE,"l10n_ua_psbo_chart_template"
"ua_psbp_503",503,"Відстрочені довгострокові кредити банків у національній валюті","liability_non_current",FALSE,"l10n_ua_psbo_chart_template"
"ua_psbp_504",504,"Відстрочені довгострокові кредити банків в іноземній валюті","liability_non_current",FALSE,"l10n_ua_psbo_chart_template"
"ua_psbp_505",505,"Інші довгострокові позики в національній валюті","liability_non_current",FALSE,"l10n_ua_psbo_chart_template"
"ua_psbp_506",506,"Інші довгострокові позики в іноземній валюті","liability_non_current",FALSE,"l10n_ua_psbo_chart_template"
"ua_psbp_511",511,"Довгострокові векселі, видані в національній валюті","liability_non_current",FALSE,"l10n_ua_psbo_chart_template"
"ua_psbp_512",512,"Довгострокові векселі, видані в іноземній валюті","liability_non_current",FALSE,"l10n_ua_psbo_chart_template"
"ua_psbp_521",521,"Зобов’язання за облігаціями","liability_non_current",FALSE,"l10n_ua_psbo_chart_template"
"ua_psbp_522",522,"Премія за випущеними облігаціями","liability_non_current",FALSE,"l10n_ua_psbo_chart_template"
"ua_psbp_523",523,"Дисконт за випущеними облігаціями","liability_non_current",FALSE,"l10n_ua_psbo_chart_template"
"ua_psbp_531",531,"Зобов’язання з фінансової оренди","liability_non_current",FALSE,"l10n_ua_psbo_chart_template"
"ua_psbp_532",532,"Зобов’язання з оренди цілісних майнових комплексів","liability_non_current",FALSE,"l10n_ua_psbo_chart_template"
"ua_psbp_54",54,"Відстрочені податкові зобов’язання","liability_non_current",FALSE,"l10n_ua_psbo_chart_template"
"ua_psbp_55",55,"Інші довгострокові зобов’язання","liability_non_current",FALSE,"l10n_ua_psbo_chart_template"
"ua_psbp_601",601,"Короткострокові кредити банків у національній валюті","liability_current",FALSE,"l10n_ua_psbo_chart_template"
"ua_psbp_602",602,"Короткострокові кредити банків в іноземній валюті","liability_current",FALSE,"l10n_ua_psbo_chart_template"
"ua_psbp_603",603,"Відстрочені короткострокові кредити банків у національній валюті","liability_current",FALSE,"l10n_ua_psbo_chart_template"
"ua_psbp_604",604,"Відстрочені короткострокові кредити банків в іноземній валюті","liability_current",FALSE,"l10n_ua_psbo_chart_template"
"ua_psbp_605",605,"Прострочені позики в національній валюті","liability_current",FALSE,"l10n_ua_psbo_chart_template"
"ua_psbp_606",606,"Прострочені позики в іноземній валюті","liability_current",FALSE,"l10n_ua_psbo_chart_template"
"ua_psbp_611",611,"Поточна заборгованість за довгостроковими зобов’язаннями в національній валюті","liability_current",FALSE,"l10n_ua_psbo_chart_template"
"ua_psbp_612",612,"Поточна заборгованість за довгостроковими зобов’язаннями в іноземній валюті","liability_current",FALSE,"l10n_ua_psbo_chart_template"
"ua_psbp_621",621,"Короткострокові векселі, видані в національній валюті","liability_current",FALSE,"l10n_ua_psbo_chart_template"
"ua_psbp_622",622,"Короткострокові векселі, видані в іноземній валюті","liability_current",FALSE,"l10n_ua_psbo_chart_template"
"ua_psbp_631",631,"Розрахунки з вітчизняними постачальниками","liability_payable",TRUE,"l10n_ua_psbo_chart_template"
"ua_psbp_632",632,"Розрахунки з іноземними постачальниками","liability_payable",TRUE,"l10n_ua_psbo_chart_template"
"ua_psbp_633",633,"Розрахунки з учасниками ПФГ","liability_payable",TRUE,"l10n_ua_psbo_chart_template"
"ua_psbp_6411",6411,"Розрахунки за ПДФО","liability_payable",TRUE,"l10n_ua_psbo_chart_template"
"ua_psbp_6412",6412,"Розрахунки за ПДВ","liability_payable",TRUE,"l10n_ua_psbo_chart_template"
"ua_psbp_64121",64121,"Розрахунки за ПДВ в системі ЕА ПДВ","liability_payable",TRUE,"l10n_ua_psbo_chart_template"
"ua_psbp_64122",64122,"Залишок на лицьовомцу рахунку з ПДВ після 01.02.2015 року","liability_payable",TRUE,"l10n_ua_psbo_chart_template"
"ua_psbp_64123",64123,"Від’ємний залишок з ПДВ до 01.02.2015 року","liability_payable",TRUE,"l10n_ua_psbo_chart_template"
"ua_psbp_6413",6413,"Розрахунки за податком на прибуток","liability_payable",TRUE,"l10n_ua_psbo_chart_template"
"ua_psbp_6414",6414,"Розрахунки по єдиному податку","liability_payable",TRUE,"l10n_ua_psbo_chart_template"
"ua_psbp_6415",6415,"Розрахунки по військовому збору","liability_payable",TRUE,"l10n_ua_psbo_chart_template"
"ua_psbp_6416",6416,"Розрахунки за акцизом","liability_payable",TRUE,"l10n_ua_psbo_chart_template"
"ua_psbp_642",642,"Розрахунки по обов’язкових платежах","liability_payable",TRUE,"l10n_ua_psbo_chart_template"
"ua_psbp_6431",6431,"Податкові зобов’язання","liability_current",FALSE,"l10n_ua_psbo_chart_template"
"ua_psbp_6432",6432,"Податкові зобов’язання непідтверджені","liability_current",FALSE,"l10n_ua_psbo_chart_template"
"ua_psbp_6433",6433,"Коригування податкових зобов’язань","liability_current",FALSE,"l10n_ua_psbo_chart_template"
"ua_psbp_6434",6434,"Податкові зобов’язання (роздріб)","liability_current",FALSE,"l10n_ua_psbo_chart_template"
"ua_psbp_6435",6435,"Умовний продаж","liability_current",FALSE,"l10n_ua_psbo_chart_template"
"ua_psbp_6441",6441,"Податковий кредит","liability_current",FALSE,"l10n_ua_psbo_chart_template"
"ua_psbp_6442",6442,"Податковий кредит непідтверджений","liability_current",FALSE,"l10n_ua_psbo_chart_template"
"ua_psbp_6443",6443,"Коригування податкового кредиту","liability_current",FALSE,"l10n_ua_psbo_chart_template"
"ua_psbp_651",651,"За розрахунками із загальнообов'язкового державного соціального страхування","liability_payable",TRUE,"l10n_ua_psbo_chart_template"
"ua_psbp_652",652,"За соціальним страхуванням","liability_payable",TRUE,"l10n_ua_psbo_chart_template"
"ua_psbp_653",653,"За страхуванням на випадок безробіття (не використовується)","liability_payable",TRUE,"l10n_ua_psbo_chart_template"
"ua_psbp_654",654,"За індивідуальним страхуванням","liability_payable",TRUE,"l10n_ua_psbo_chart_template"
"ua_psbp_655",655,"За страхуванням майна","liability_payable",TRUE,"l10n_ua_psbo_chart_template"
"ua_psbp_656",656,"За страхуванням від нещасних випадків","liability_payable",TRUE,"l10n_ua_psbo_chart_template"
"ua_psbp_661",661,"Розрахунки за заробітною платою","liability_payable",TRUE,"l10n_ua_psbo_chart_template"
"ua_psbp_662",662,"Розрахунки з депонентами","liability_payable",TRUE,"l10n_ua_psbo_chart_template"
"ua_psbp_663",663,"Розрахунки за іншими виплатами","liability_payable",TRUE,"l10n_ua_psbo_chart_template"
"ua_psbp_671",671,"Розрахунки за нарахованими дивідендами","liability_payable",TRUE,"l10n_ua_psbo_chart_template"
"ua_psbp_672",672,"Розрахунки за іншими виплатами","liability_payable",TRUE,"l10n_ua_psbo_chart_template"
"ua_psbp_680",680,"Розрахунки, пов'язані з необоротними активами та групами вибуття, утримуваними для продажу","liability_payable",TRUE,"l10n_ua_psbo_chart_template"
"ua_psbp_6811",6811,"Розрахунки за авансами одержаними в національній валюті","liability_payable",TRUE,"l10n_ua_psbo_chart_template"
"ua_psbp_6812",6812,"Розрахунки за авансами одержаними в іноземній валюті","liability_payable",TRUE,"l10n_ua_psbo_chart_template"
"ua_psbp_682",682,"Внутрішні розрахунки","liability_payable",TRUE,"l10n_ua_psbo_chart_template"
"ua_psbp_683",683,"Внутрішньогосподарські розрахунки","liability_payable",TRUE,"l10n_ua_psbo_chart_template"
"ua_psbp_684",684,"Розрахунки за нарахованими відсотками","liability_payable",TRUE,"l10n_ua_psbo_chart_template"
"ua_psbp_6851",6851,"Розрахунки з іншими кредиторами (в національній валюті)","liability_payable",TRUE,"l10n_ua_psbo_chart_template"
"ua_psbp_6852",6852,"Розрахунки з іншими кредиторами (в іноземній валюті)","liability_payable",TRUE,"l10n_ua_psbo_chart_template"
"ua_psbp_6853",6853,"Розрахунки по виконавчих листах","liability_payable",TRUE,"l10n_ua_psbo_chart_template"
"ua_psbp_69",69,"Доходи майбутніх періодів","income",FALSE,"l10n_ua_psbo_chart_template"
"ua_psbp_701",701,"Дохід від реалізації готової продукції","income",FALSE,"l10n_ua_psbo_chart_template"
"ua_psbp_702",702,"Дохід від реалізації товарів","income",FALSE,"l10n_ua_psbo_chart_template"
"ua_psbp_703",703,"Дохід від реалізації робіт і послуг","income",FALSE,"l10n_ua_psbo_chart_template"
"ua_psbp_704",704,"Вирахування з доходу","income",FALSE,"l10n_ua_psbo_chart_template"
"ua_psbp_705",705,"Перестрахування","income",FALSE,"l10n_ua_psbo_chart_template"
"ua_psbp_7091",7091,"Дохід від роздрібного продажу","income",FALSE,"l10n_ua_psbo_chart_template"
"ua_psbp_7092",7092,"Вирахування з доходу від роздрібного продажу","income",FALSE,"l10n_ua_psbo_chart_template"
"ua_psbp_710",710,"Дохід від первісного визнання та від зміни вартості активів, які обліковуються за справедливою вартістю","income",FALSE,"l10n_ua_psbo_chart_template"
"ua_psbp_711",711,"Дохід від купівлі-продажу іноземної валюти","income",FALSE,"l10n_ua_psbo_chart_template"
"ua_psbp_712",712,"Дохід від реалізації інших оборотних активів","income",FALSE,"l10n_ua_psbo_chart_template"
"ua_psbp_713",713,"Дохід від операційної оренди активів","income",FALSE,"l10n_ua_psbo_chart_template"
"ua_psbp_714",714,"Дохід від операційної курсової різниці","income",FALSE,"l10n_ua_psbo_chart_template"
"ua_psbp_715",715,"Одержані штрафи, пені, неустойки","income",FALSE,"l10n_ua_psbo_chart_template"
"ua_psbp_716",716,"Відшкодування раніше списаних активів","income",FALSE,"l10n_ua_psbo_chart_template"
"ua_psbp_717",717,"Дохід від списання кредиторської заборгованості","income",FALSE,"l10n_ua_psbo_chart_template"
"ua_psbp_718",718,"Дохiд вiд безоплатно одержаних оборотних активiв","income",FALSE,"l10n_ua_psbo_chart_template"
"ua_psbp_719",719,"Інші доходи від операційної діяльності","income",FALSE,"l10n_ua_psbo_chart_template"
"ua_psbp_721",721,"Дохід від інвестицій в асоційовані підприємства","income",FALSE,"l10n_ua_psbo_chart_template"
"ua_psbp_722",722,"Дохід від спільної діяльності","income",FALSE,"l10n_ua_psbo_chart_template"
"ua_psbp_723",723,"Дохід від інвестицій в дочірні підприємства","income",FALSE,"l10n_ua_psbo_chart_template"
"ua_psbp_731",731,"Дивіденди одержані","income",FALSE,"l10n_ua_psbo_chart_template"
"ua_psbp_732",732,"Відсотки одержані","income",FALSE,"l10n_ua_psbo_chart_template"
"ua_psbp_733",733,"Інші доходи від фінансових операцій","income",FALSE,"l10n_ua_psbo_chart_template"
"ua_psbp_740",740,"Дохід від зміни вартості фінансових інструментів","income",FALSE,"l10n_ua_psbo_chart_template"
"ua_psbp_741",741,"Дохід від реалізації фінансових інвестицій","income",FALSE,"l10n_ua_psbo_chart_template"
"ua_psbp_742",742,"Дохід від відновлення корисності активів","income",FALSE,"l10n_ua_psbo_chart_template"
"ua_psbp_743",743,"Доход от реализации имущественных комплексов","income",FALSE,"l10n_ua_psbo_chart_template"
"ua_psbp_744",744,"Дохід від неопераційної курсової різниці","income",FALSE,"l10n_ua_psbo_chart_template"
"ua_psbp_745",745,"Дохід від безоплатно одержаних активів","income",FALSE,"l10n_ua_psbo_chart_template"
"ua_psbp_746",746,"Інші доходи","income",FALSE,"l10n_ua_psbo_chart_template"
"ua_psbp_751",751,"Відшкодування збитків від надзвичайних подій","income",FALSE,"l10n_ua_psbo_chart_template"
"ua_psbp_752",752,"Інші надзвичайні доходи","income",FALSE,"l10n_ua_psbo_chart_template"
"ua_psbp_76",76,"Страхові платежі","income",FALSE,"l10n_ua_psbo_chart_template"
"ua_psbp_791",791,"Результат операцiйної діяльності","income",FALSE,"l10n_ua_psbo_chart_template"
"ua_psbp_792",792,"Результат фінансових операцій","income",FALSE,"l10n_ua_psbo_chart_template"
"ua_psbp_793",793,"Результат іншої звичайної діяльності","income",FALSE,"l10n_ua_psbo_chart_template"
"ua_psbp_794",794,"(не використовується) Результат надзвичайних подій","income",FALSE,"l10n_ua_psbo_chart_template"
"ua_psbp_801",801,"Витрати сировини й матеріалів","expense",FALSE,"l10n_ua_psbo_chart_template"
"ua_psbp_802",802,"Витрати купівельних напівфабрикатів та комплектуючих виробів","expense",FALSE,"l10n_ua_psbo_chart_template"
"ua_psbp_803",803,"Витрати палива й енергії","expense",FALSE,"l10n_ua_psbo_chart_template"
"ua_psbp_804",804,"Витрати тари й тарних матеріалів","expense",FALSE,"l10n_ua_psbo_chart_template"
"ua_psbp_805",805,"Витрати будівельних матеріалів","expense",FALSE,"l10n_ua_psbo_chart_template"
"ua_psbp_806",806,"Витрати запасних частин","expense",FALSE,"l10n_ua_psbo_chart_template"
"ua_psbp_807",807,"Витрати матеріалів сільськогосподарського призначення","expense",FALSE,"l10n_ua_psbo_chart_template"
"ua_psbp_808",808,"Витрати товарів","expense",FALSE,"l10n_ua_psbo_chart_template"
"ua_psbp_809",809,"Інші матеріальні витрати","expense",FALSE,"l10n_ua_psbo_chart_template"
"ua_psbp_811",811,"Виплати за окладами й тарифами","expense",FALSE,"l10n_ua_psbo_chart_template"
"ua_psbp_812",812,"Премії та заохочення","expense",FALSE,"l10n_ua_psbo_chart_template"
"ua_psbp_813",813,"Компенсаційні виплати","expense",FALSE,"l10n_ua_psbo_chart_template"
"ua_psbp_814",814,"Оплата відпусток","expense",FALSE,"l10n_ua_psbo_chart_template"
"ua_psbp_815",815,"Оплата іншого невідпрацьованого часу","expense",FALSE,"l10n_ua_psbo_chart_template"
"ua_psbp_816",816,"Інші витрати на оплату праці","expense",FALSE,"l10n_ua_psbo_chart_template"
"ua_psbp_821",821,"Відрахування на загальнообов'язкове державне соціальне страхування","expense",FALSE,"l10n_ua_psbo_chart_template"
"ua_psbp_822",822,"Відрахування на соціальне страхування (не використовується)","expense",FALSE,"l10n_ua_psbo_chart_template"
"ua_psbp_823",823,"Страхування на випадок безробіття (не використовується)","expense",FALSE,"l10n_ua_psbo_chart_template"
"ua_psbp_824",824,"Відрахування на індивідуальне страхування","expense",FALSE,"l10n_ua_psbo_chart_template"
"ua_psbp_831",831,"Амортизація основних засобів","expense",FALSE,"l10n_ua_psbo_chart_template"
"ua_psbp_832",832,"Амортизація інших необоротних матеріальних активів","expense",FALSE,"l10n_ua_psbo_chart_template"
"ua_psbp_833",833,"Амортизація нематеріальних активів","expense",FALSE,"l10n_ua_psbo_chart_template"
"ua_psbp_84",84,"Інші операційні витрати","expense",FALSE,"l10n_ua_psbo_chart_template"
"ua_psbp_851",851,"Інші затрати за елементами, податок на прибуток","expense",FALSE,"l10n_ua_psbo_chart_template"
"ua_psbp_852",852,"(не використовується) Інші затрати за елементами, надзвичайні затрати","expense",FALSE,"l10n_ua_psbo_chart_template"
"ua_psbp_901",901,"Собівартість реалізованої  готової продукції","expense_direct_cost",FALSE,"l10n_ua_psbo_chart_template"
"ua_psbp_902",902,"Собівартість реалізованих товарів","expense_direct_cost",FALSE,"l10n_ua_psbo_chart_template"
"ua_psbp_903",903,"Собівартість реалізованих робіт і послуг","expense_direct_cost",FALSE,"l10n_ua_psbo_chart_template"
"ua_psbp_904",904,"Страховi виплати","expense_direct_cost",FALSE,"l10n_ua_psbo_chart_template"
"ua_psbp_91",91,"Загальновиробничі витрати","expense",FALSE,"l10n_ua_psbo_chart_template"
"ua_psbp_92",92,"Адміністративні витрати","expense",FALSE,"l10n_ua_psbo_chart_template"
"ua_psbp_93",93,"Витрати на збут","expense",FALSE,"l10n_ua_psbo_chart_template"
"ua_psbp_940",940,"Витрати від первісного визнання та від зміни вартості активів, які обліковуються за справедливою вартістю","expense",FALSE,"l10n_ua_psbo_chart_template"
"ua_psbp_941",941,"Витрати на дослідження і розробки","expense",FALSE,"l10n_ua_psbo_chart_template"
"ua_psbp_942",942,"Витрати на купівлю-продаж іноземної валюти","expense",FALSE,"l10n_ua_psbo_chart_template"
"ua_psbp_943",943,"Собівартість реалізованих виробничих запасів","expense",FALSE,"l10n_ua_psbo_chart_template"
"ua_psbp_944",944,"Сумнівні та безнадійні борги","expense",FALSE,"l10n_ua_psbo_chart_template"
"ua_psbp_945",945,"Втрати від операційної курсової різниці","expense",FALSE,"l10n_ua_psbo_chart_template"
"ua_psbp_946",946,"Втрати від знецінення запасів","expense",FALSE,"l10n_ua_psbo_chart_template"
"ua_psbp_947",947,"Нестачі і втрати від псування цінностей","expense",FALSE,"l10n_ua_psbo_chart_template"
"ua_psbp_948",948,"Визнані штрафи, пені, неустойки","expense",FALSE,"l10n_ua_psbo_chart_template"
"ua_psbp_949",949,"Інші витрати операційної діяльності","expense",FALSE,"l10n_ua_psbo_chart_template"
"ua_psbp_951",951,"Відсотки за кредит","expense",FALSE,"l10n_ua_psbo_chart_template"
"ua_psbp_952",952,"Інші фінансові витрати","expense",FALSE,"l10n_ua_psbo_chart_template"
"ua_psbp_961",961,"Втрати від інвестицій в асоційовані підприємства","expense",FALSE,"l10n_ua_psbo_chart_template"
"ua_psbp_962",962,"Втрати від спільної діяльності","expense",FALSE,"l10n_ua_psbo_chart_template"
"ua_psbp_963",963,"Втрати від інвестицій в дочірні підприємства","expense",FALSE,"l10n_ua_psbo_chart_template"
"ua_psbp_970",970,"Витрати від зміни вартості фінансових інструментів","expense",FALSE,"l10n_ua_psbo_chart_template"
"ua_psbp_971",971,"Собівартість реалізованих фінансових інвестицій","expense",FALSE,"l10n_ua_psbo_chart_template"
"ua_psbp_972",972,"Втрати від зменшення корисності активів","expense",FALSE,"l10n_ua_psbo_chart_template"
"ua_psbp_973",973,"Себестоимость реализованных имущественных комплексов","expense",FALSE,"l10n_ua_psbo_chart_template"
"ua_psbp_974",974,"Втрати від неопераційних курсових різниць","expense",FALSE,"l10n_ua_psbo_chart_template"
"ua_psbp_975",975,"Уцінка необоротних активів і фінансових інвестицій","expense",FALSE,"l10n_ua_psbo_chart_template"
"ua_psbp_976",976,"Списання необоротних активів","expense",FALSE,"l10n_ua_psbo_chart_template"
"ua_psbp_977",977,"Інші витрати діяльності","expense",FALSE,"l10n_ua_psbo_chart_template"
"ua_psbp_981",981,"Податок на прибуток від усіх видів діяльності","expense",FALSE,"l10n_ua_psbo_chart_template"
"ua_ias_1000",1000,"Назви брендів","asset_fixed",FALSE,"l10n_ua_ias_chart_template"
"ua_ias_1001",1001,"Заголовки та назви видань","asset_fixed",FALSE,"l10n_ua_ias_chart_template"
"ua_ias_1002",1002,"Комп’ютерне програмне забезпечення","asset_fixed",FALSE,"l10n_ua_ias_chart_template"
"ua_ias_1003",1003,"Ліцензії та привілеї","asset_fixed",FALSE,"l10n_ua_ias_chart_template"
"ua_ias_1004",1004,"Авторські права, патенти, та інші права","asset_fixed",FALSE,"l10n_ua_ias_chart_template"
"ua_ias_1005",1005,"Нематеріальні активи на етапі розробки","asset_fixed",FALSE,"l10n_ua_ias_chart_template"
"ua_ias_1009",1009,"Амортизація нематеріальних активів","expense_depreciation",FALSE,"l10n_ua_ias_chart_template"
"ua_ias_1010",1010,"Земля","asset_fixed",FALSE,"l10n_ua_ias_chart_template"
"ua_ias_1011",1011,"Будівлі","asset_fixed",FALSE,"l10n_ua_ias_chart_template"
"ua_ias_1012",1012,"Машини та обладнання","asset_fixed",FALSE,"l10n_ua_ias_chart_template"
"ua_ias_1013",1013,"Автомобілі","asset_fixed",FALSE,"l10n_ua_ias_chart_template"
"ua_ias_1014",1014,"Меблі та приладдя","asset_fixed",FALSE,"l10n_ua_ias_chart_template"
"ua_ias_1015",1015,"Офісне обладнання","asset_fixed",FALSE,"l10n_ua_ias_chart_template"
"ua_ias_1019",1019,"Амортизація основних засобів","expense_depreciation",FALSE,"l10n_ua_ias_chart_template"
"ua_ias_1020",1020,"Гудвіл","asset_fixed",FALSE,"l10n_ua_ias_chart_template"
"ua_ias_1030",1030,"Біологічні активи","asset_fixed",FALSE,"l10n_ua_ias_chart_template"
"ua_ias_1040",1040,"Інвестиції","asset_fixed",FALSE,"l10n_ua_ias_chart_template"
"ua_ias_1100",1100,"Запаси (Склад)","asset_current",FALSE,"l10n_ua_ias_chart_template"
"ua_ias_1101",1101,"Незавершене виробництво","asset_current",FALSE,"l10n_ua_ias_chart_template"
"ua_ias_1102",1102,"Готова продукція","asset_current",FALSE,"l10n_ua_ias_chart_template"
"ua_ias_1120",1120,"Дебіторська заборгованість за товари та послуги","asset_receivable",TRUE,"l10n_ua_ias_chart_template"
"ua_ias_1121",1121,"Відвантажено зі складу без рахунку-фактури","asset_current",TRUE,"l10n_ua_ias_chart_template"
"ua_ias_1122",1122,"Дебіторська заборгованість за товари та послуги (PoS)","asset_receivable",TRUE,"l10n_ua_ias_chart_template"
"ua_ias_1130",1130,"Аванси партнерам","liability_payable",TRUE,"l10n_ua_ias_chart_template"
"ua_ias_1131",1131,"Інші оборотні активи","liability_payable",TRUE,"l10n_ua_ias_chart_template"
"ua_ias_1140",1140,"Податковий кредит по ПДВ","asset_current",FALSE,"l10n_ua_ias_chart_template"
"ua_ias_1141",1141,"Аванс по податку на прибуток","liability_payable",TRUE,"l10n_ua_ias_chart_template"
"ua_ias_1142",1142,"Кошти на СЕА ПДВ","liability_payable",TRUE,"l10n_ua_ias_chart_template"
"ua_ias_1143",1143,"Переплата по лицьовому рахунку з ПДВ","asset_current",FALSE,"l10n_ua_ias_chart_template"
"ua_ias_1144",1144,"Аванс по ЄСВ","liability_payable",TRUE,"l10n_ua_ias_chart_template"
"ua_ias_1150",1150,"Короткострокові фінансові інвестиції","asset_current",FALSE,"l10n_ua_ias_chart_template"
"ua_ias_1160",1160,"Довгострокові інвестиції","asset_non_current",FALSE,"l10n_ua_ias_chart_template"
"ua_ias_1170",1170,"Довгострокова дебіторська заборгованість","asset_non_current",FALSE,"l10n_ua_ias_chart_template"
"ua_ias_1180",1180,"Відстрочені податкові активи","asset_non_current",FALSE,"l10n_ua_ias_chart_template"
"ua_ias_1200",1200,"Кредиторська заборгованість за товари та послуги","liability_payable",TRUE,"l10n_ua_ias_chart_template"
"ua_ias_1201",1201,"Отримано на склад без рахунку-фактури","liability_current",TRUE,"l10n_ua_ias_chart_template"
"ua_ias_1202",1202,"Податок на прибуток","liability_payable",TRUE,"l10n_ua_ias_chart_template"
"ua_ias_1203",1203,"ПДВ","liability_payable",TRUE,"l10n_ua_ias_chart_template"
"ua_ias_1204",1204,"Податкові зобов’язання по ПДВ","liability_current",FALSE,"l10n_ua_ias_chart_template"
"ua_ias_1205",1205,"ПДФО","liability_payable",TRUE,"l10n_ua_ias_chart_template"
"ua_ias_12051",12051,"Військовий збір","liability_payable",TRUE,"l10n_ua_ias_chart_template"
"ua_ias_1206",1206,"ЄСВ","liability_payable",TRUE,"l10n_ua_ias_chart_template"
"ua_ias_1207",1207,"Інші податки","liability_payable",TRUE,"l10n_ua_ias_chart_template"
"ua_ias_1208",1208,"Заробітна плата та винагороди","liability_payable",TRUE,"l10n_ua_ias_chart_template"
"ua_ias_1210",1210,"Аванси одержані від покупців та замовників","asset_receivable",TRUE,"l10n_ua_ias_chart_template"
"ua_ias_1220",1220,"Інші короткострокові зобов’язання","liability_current",FALSE,"l10n_ua_ias_chart_template"
"ua_ias_1230",1230,"Короткострокові позики","liability_current",FALSE,"l10n_ua_ias_chart_template"
"ua_ias_1240",1240,"Короткострокова частка за довгострокові позики","liability_current",FALSE,"l10n_ua_ias_chart_template"
"ua_ias_1300",1300,"Довгострокові позики","liability_non_current",FALSE,"l10n_ua_ias_chart_template"
"ua_ias_1301",1301,"Довгострокові кредити","liability_non_current",FALSE,"l10n_ua_ias_chart_template"
"ua_ias_1302",1302,"Іпотека","liability_non_current",FALSE,"l10n_ua_ias_chart_template"
"ua_ias_1310",1310,"Відстрочені податкові зобов’язання","liability_non_current",FALSE,"l10n_ua_ias_chart_template"
"ua_ias_1320",1320,"Витрати майбутніх періодів","liability_non_current",FALSE,"l10n_ua_ias_chart_template"
"ua_ias_1330",1330,"Інші довгострокові зобов’язання","liability_non_current",FALSE,"l10n_ua_ias_chart_template"
"ua_ias_1400",1400,"Статутний капітал","equity",FALSE,"l10n_ua_ias_chart_template"
"ua_ias_1401",1401,"Емісійний фонд","equity",FALSE,"l10n_ua_ias_chart_template"
"ua_ias_1402",1402,"Вилучений капітал","equity",FALSE,"l10n_ua_ias_chart_template"
"ua_ias_1403",1403,"Додатковий оплачений капітал","equity",FALSE,"l10n_ua_ias_chart_template"
"ua_ias_1404",1404,"Резерв переоцінки","equity",FALSE,"l10n_ua_ias_chart_template"
"ua_ias_1405",1405,"Неоплачений капітал","equity",FALSE,"l10n_ua_ias_chart_template"
"ua_ias_1406",1406,"Нерозподілений прибуток (непокритий збиток)","equity",FALSE,"l10n_ua_ias_chart_template"
"ua_ias_1407",1407,"Частка меншості","equity",FALSE,"l10n_ua_ias_chart_template"
"ua_ias_1408",1408,"Ефект курсових різниць","equity",FALSE,"l10n_ua_ias_chart_template"
"ua_ias_2000",2000,"Дохід від продажу (категорія № 1)","income",FALSE,"l10n_ua_ias_chart_template"
"ua_ias_2001",2001,"Дохід від продажу (категорія № 2)","income",FALSE,"l10n_ua_ias_chart_template"
"ua_ias_2002",2002,"Дохід від продажу (категорія № 3)","income",FALSE,"l10n_ua_ias_chart_template"
"ua_ias_2003",2003,"Дохід від продажу (категорія № 4)","income",FALSE,"l10n_ua_ias_chart_template"
"ua_ias_2100",2100,"Фінансовий результат","equity_unaffected",FALSE,"l10n_ua_ias_chart_template"
"ua_ias_2200",2200,"Собівартість продажу (категорія № 1)","expense_direct_cost",FALSE,"l10n_ua_ias_chart_template"
"ua_ias_2201",2201,"Собівартість продажу (категорія № 2)","expense_direct_cost",FALSE,"l10n_ua_ias_chart_template"
"ua_ias_2202",2202,"Собівартість продажу (категорія № 3)","expense_direct_cost",FALSE,"l10n_ua_ias_chart_template"
"ua_ias_2203",2203,"Собівартість продажу (категорія № 4)","expense_direct_cost",FALSE,"l10n_ua_ias_chart_template"
"ua_ias_2300",2300,"Адміністративні витрати","expense",FALSE,"l10n_ua_ias_chart_template"
"ua_ias_2400",2400,"Витрати на збут","expense",FALSE,"l10n_ua_ias_chart_template"
"ua_ias_2500",2500,"Інші витрати","expense",FALSE,"l10n_ua_ias_chart_template"
"ua_ias_2600",2600,"Податок на прибуток","expense",FALSE,"l10n_ua_ias_chart_template"
