id,name,model_id:id,group_id:id,perm_read,perm_write,perm_create,perm_unlink
access_purchase_requisition_type,purchase.requisition.type,model_purchase_requisition_type,purchase.group_purchase_user,1,0,0,0
access_purchase_requisition_type_manager,purchase.requisition.type,model_purchase_requisition_type,purchase.group_purchase_manager,1,1,1,1
access_purchase_requisition,purchase.requisition,model_purchase_requisition,purchase.group_purchase_user,1,1,1,1
access_purchase_requisition_line_purchase_user,purchase.requisition.line,model_purchase_requisition_line,purchase.group_purchase_user,1,1,1,1
access_purchase_requisition_manager,purchase.requisition manager,model_purchase_requisition,purchase.group_purchase_manager,1,0,0,0
access_purchase_requisition_line_manager,purchase.requisition.line manager,model_purchase_requisition_line,purchase.group_purchase_manager,1,0,0,0
access_purchase_requisition_alternative_warning, purchase.requisition.alternative.warning,model_purchase_requisition_alternative_warning,purchase.group_purchase_user,1,1,1,1
access_purchase_requisition_create_alternative, purchase.requisition.create.alternative,model_purchase_requisition_create_alternative,purchase.group_purchase_user,1,1,1,1
access_purchase_requisition_purchase_order_group, purchase.order.group,model_purchase_order_group,purchase.group_purchase_user,1,1,1,1
