"id","name","model_id:id","group_id:id","perm_read","perm_write","perm_create","perm_unlink"
"access_spreadsheet_dashboard_group_user","access_spreadsheet_dashboard_group_user","model_spreadsheet_dashboard_group","base.group_user",1,0,0,0
spreadsheet_dashboard_user","spreadsheet_dashboard_user","model_spreadsheet_dashboard","base.group_user",1,0,0,0
"access_spreadsheet_dashboard_group","access_spreadsheet_dashboard_group","model_spreadsheet_dashboard_group","base.group_system",1,1,1,1
"spreadsheet_dashboard","spreadsheet_dashboard","model_spreadsheet_dashboard","base.group_system",1,1,1,1
