<?xml version="1.0" encoding="utf-8"?>
<odoo>
    <record id="l10n_au_chart_template" model="account.chart.template">
        <field name="use_anglo_saxon" eval="True"/>
        <field name="property_account_receivable_id" ref="au_11200"/>
        <field name="property_account_payable_id" ref="au_21200"/>
        <field name="property_account_expense_categ_id" ref="au_51110"/>
        <field name="property_account_income_categ_id" ref="au_41110"/>
        <field name="property_stock_account_input_categ_id" ref="au_21210"/>
        <field name="property_stock_account_output_categ_id" ref="au_11340"/>
        <field name="property_stock_valuation_account_id" ref="au_11330"/>
        <field name="expense_currency_exchange_account_id" ref="au_61630"/>
        <field name="income_currency_exchange_account_id" ref="au_61640"/>
        <field name="default_pos_receivable_account_id" ref="au_11201" />
        <field name="account_journal_early_pay_discount_loss_account_id" ref="au_61610"/>
        <field name="account_journal_early_pay_discount_gain_account_id" ref="au_61620"/>
    </record>
</odoo>
