<?xml version="1.0" encoding="utf-8"?>
<odoo>
    <record id="l10n_au_chart_template" model="account.chart.template">
        <field name="name">Australian Tax and Account Chart Template (by Willow IT)</field>
        <field name="bank_account_code_prefix">1111</field>
        <field name="cash_account_code_prefix">1113</field>
        <field name="transfer_account_code_prefix">11170</field>
        <field name="code_digits">5</field>
        <field name="currency_id" ref="base.AUD"/>
        <field name="country_id" ref="base.au"/>
    </record>
</odoo>
