<?xml version="1.0" encoding="utf-8"?>
<odoo>
    <record id="event_track_tag_category_1" model="event.track.tag.category">
        <field name="name">Audience</field>
        <field name="sequence">10</field>
    </record>
    <record id="event_track_tag_category_2" model="event.track.tag.category">
        <field name="name">Format</field>
        <field name="sequence">20</field>
    </record>

    <record id="event_track_tag1" model="event.track.tag">
        <field name="name">Consumers</field>
        <field name="color">1</field>
        <field name="category_id" ref="event_track_tag_category_1"/>
        <field name="sequence">1</field>
    </record>
    <record id="event_track_tag2" model="event.track.tag">
        <field name="name">Sales</field>
        <field name="color">2</field>
        <field name="category_id" ref="event_track_tag_category_1"/>
        <field name="sequence">2</field>
    </record>
    <record id="event_track_tag3" model="event.track.tag">
        <field name="name">Research</field>
        <field name="color">3</field>
        <field name="category_id" ref="event_track_tag_category_1"/>
        <field name="sequence">3</field>
    </record>
    <record id="event_track_tag11" model="event.track.tag">
        <field name="name">Lightning Talks</field>
        <field name="color">4</field>
        <field name="category_id" ref="event_track_tag_category_2"/>
        <field name="sequence">11</field>
    </record>
    <record id="event_track_tag12" model="event.track.tag">
        <field name="name">Round Table</field>
        <field name="color">5</field>
        <field name="category_id" ref="event_track_tag_category_2"/>
        <field name="sequence">12</field>
    </record>
    <record id="event_track_tag13" model="event.track.tag">
        <field name="name">Keynote</field>
        <field name="color">6</field>
        <field name="category_id" ref="event_track_tag_category_2"/>
        <field name="sequence">13</field>
    </record>

</odoo>
