<?xml version="1.0" encoding="utf-8"?>
<odoo>
    <record id="account_report_balancesheet" model="account.report">
        <field name="name">Balance Sheet</field>
        <field name="root_report_id" ref="account_reports.balance_sheet"/>
        <field name="country_id" ref="base.mn"/>
        <field name="filter_analytic_groupby" eval="True"/>
        <field name="filter_multi_company">selector</field>
        <field name="column_ids">
            <record id="account_report_balancesheet_column" model="account.report.column">
                <field name="name">Balance</field>
                <field name="expression_label">balance</field>
            </record>
        </field>
        <field name="line_ids">
            <record id="report_line_balanceta" model="account.report.line">
                <field name="name">ХӨРӨНГӨ</field>
                <field name="code">MN_TA</field>
                <field name="expression_ids">
                    <record id="report_line_balanceta_balance" model="account.report.expression">
                        <field name="label">balance</field>
                        <field name="engine">aggregation</field>
                        <field name="formula">MN_CA.balance + MN_PNCA.balance</field>
                        <field name="date_scope">normal</field>
                    </record>
                </field>
                <field name="children_ids">
                    <record id="report_line_balanceca" model="account.report.line">
                        <field name="name">Эргэлтийн хөрөнгө</field>
                        <field name="code">MN_CA</field>
                        <field name="expression_ids">
                            <record id="report_line_balanceca_balance" model="account.report.expression">
                                <field name="label">balance</field>
                                <field name="engine">aggregation</field>
                                <field name="formula">MN_MONEY.balance + MN_TREC.balance + MN_TAXREC.balance + MN_OREC.balance + MN_FINASST.balance + MN_PROD.balance + MN_PRE.balance + MN_OCA.balance + MN_SASST.balance</field>
                                <field name="date_scope">normal</field>
                            </record>
                        </field>
                        <field name="children_ids">
                            <record id="report_line_balanceca1" model="account.report.line">
                                <field name="name">Мөнгө, түүнтэй адилтгах хөрөнгө</field>
                                <field name="code">MN_MONEY</field>
                                <field name="groupby">account_id</field>
                                <field name="foldable" eval="True"/>
                                <field name="expression_ids">
                                    <record id="report_line_balanceca1_balance" model="account.report.expression">
                                        <field name="label">balance</field>
                                        <field name="engine">domain</field>
                                        <field name="formula" eval="[('account_id.account_type','in',('asset_cash', 'liability_credit_card'))]"/>
                                        <field name="date_scope">normal</field>
                                        <field name="subformula">sum</field>
                                    </record>
                                </field>
                            </record>
                            <record id="report_line_balanceca2" model="account.report.line">
                                <field name="name">Дансны авлага</field>
                                <field name="code">MN_TREC</field>
                                <field name="groupby">account_id</field>
                                <field name="foldable" eval="True"/>
                                <field name="expression_ids">
                                    <record id="report_line_balanceca2_balance" model="account.report.expression">
                                        <field name="label">balance</field>
                                        <field name="engine">domain</field>
                                        <field name="formula" eval="[('account_id.account_type', '=', 'asset_receivable'),('account_id.code','=like','1201%')]"/>
                                        <field name="date_scope">normal</field>
                                        <field name="subformula">sum</field>
                                    </record>
                                </field>
                            </record>
                            <record id="report_line_balanceca3" model="account.report.line">
                                <field name="name">Татвар, НДШ - ийн авлага</field>
                                <field name="code">MN_TAXREC</field>
                                <field name="expression_ids">
                                    <record id="report_line_balanceca3_balance" model="account.report.expression">
                                        <field name="label">balance</field>
                                        <field name="engine">aggregation</field>
                                        <field name="formula">MN_PRETAX.balance + MN_PREINSU.balance</field>
                                        <field name="date_scope">normal</field>
                                    </record>
                                </field>
                            </record>
                            <record id="report_line_balanceca31" model="account.report.line">
                                <field name="name">Урьдчилж төлсөн татвар</field>
                                <field name="code">MN_PRETAX</field>
                                <field name="groupby">account_id</field>
                                <field name="foldable" eval="True"/>
                                <field name="expression_ids">
                                    <record id="report_line_balanceca31_balance" model="account.report.expression">
                                        <field name="label">balance</field>
                                        <field name="engine">domain</field>
                                        <field name="formula" eval="[('account_id.account_type', '=', 'asset_current'),('account_id.code','=like','1204%')]"/>
                                        <field name="date_scope">normal</field>
                                        <field name="subformula">sum</field>
                                    </record>
                                </field>
                            </record>
                            <record id="report_line_balanceca32" model="account.report.line">
                                <field name="name">Урьдчилж төлсөн даатгал</field>
                                <field name="code">MN_PREINSU</field>
                                <field name="groupby">account_id</field>
                                <field name="foldable" eval="True"/>
                                <field name="expression_ids">
                                    <record id="report_line_balanceca32_balance" model="account.report.expression">
                                        <field name="label">balance</field>
                                        <field name="engine">domain</field>
                                        <field name="formula" eval="[('account_id.account_type', '=', 'asset_current'),('account_id.code','=like','1205%')]"/>
                                        <field name="date_scope">normal</field>
                                        <field name="subformula">sum</field>
                                    </record>
                                </field>
                            </record>
                            <record id="report_line_balanceca4" model="account.report.line">
                                <field name="name">Бусад авлага</field>
                                <field name="code">MN_OREC</field>
                                <field name="groupby">account_id</field>
                                <field name="foldable" eval="True"/>
                                <field name="expression_ids">
                                    <record id="report_line_balanceca4_balance" model="account.report.expression">
                                        <field name="label">balance</field>
                                        <field name="engine">domain</field>
                                        <field name="formula" eval="[('account_id.account_type', '=', 'asset_receivable'),'|','|',('account_id.code','=like','1206%'),('account_id.code','=like','1202%'),('account_id.code','=like','1203%')]"/>
                                        <field name="date_scope">normal</field>
                                        <field name="subformula">sum</field>
                                    </record>
                                </field>
                            </record>
                            <record id="report_line_balanceca5" model="account.report.line">
                                <field name="name">Бусад санхүүгийн хөрөнгө</field>
                                <field name="code">MN_FINASST</field>
                                <field name="groupby">account_id</field>
                                <field name="foldable" eval="True"/>
                                <field name="expression_ids">
                                    <record id="report_line_balanceca5_balance" model="account.report.expression">
                                        <field name="label">balance</field>
                                        <field name="engine">domain</field>
                                        <field name="formula" eval="[('account_id.account_type', '=', 'asset_current'), ('account_id.code','=like','13%')]"/>
                                        <field name="date_scope">normal</field>
                                        <field name="subformula">sum</field>
                                    </record>
                                </field>
                            </record>
                            <record id="report_line_balanceca6" model="account.report.line">
                                <field name="name">Бараа материал</field>
                                <field name="code">MN_PROD</field>
                                <field name="expression_ids">
                                    <record id="report_line_balanceca6_balance" model="account.report.expression">
                                        <field name="label">balance</field>
                                        <field name="engine">aggregation</field>
                                        <field name="formula">MN_FPROD.balance + MN_RAWM.balance + MN_CONSU.balance + MN_NGPROD.balance + MN_AGENCY.balance + MN_PRODROAD.balance</field>
                                        <field name="date_scope">normal</field>
                                    </record>
                                </field>
                            </record>
                            <record id="report_line_balanceca61" model="account.report.line">
                                <field name="name">Бараа</field>
                                <field name="code">MN_FPROD</field>
                                <field name="groupby">account_id</field>
                                <field name="foldable" eval="True"/>
                                <field name="expression_ids">
                                    <record id="report_line_balanceca61_balance" model="account.report.expression">
                                        <field name="label">balance</field>
                                        <field name="engine">domain</field>
                                        <field name="formula" eval="[('account_id.account_type', '=', 'asset_current'), ('account_id.code','=like','1401%')]"/>
                                        <field name="date_scope">normal</field>
                                        <field name="subformula">sum</field>
                                    </record>
                                </field>
                            </record>
                            <record id="report_line_balanceca62" model="account.report.line">
                                <field name="name">Түүхий эд материал</field>
                                <field name="code">MN_RAWM</field>
                                <field name="groupby">account_id</field>
                                <field name="foldable" eval="True"/>
                                <field name="expression_ids">
                                    <record id="report_line_balanceca62_balance" model="account.report.expression">
                                        <field name="label">balance</field>
                                        <field name="engine">domain</field>
                                        <field name="formula" eval="[('account_id.account_type', '=', 'asset_current'), ('account_id.code','=like','1402%')]"/>
                                        <field name="date_scope">normal</field>
                                        <field name="subformula">sum</field>
                                    </record>
                                </field>
                            </record>
                            <record id="report_line_balanceca63" model="account.report.line">
                                <field name="name">Хангамжийн материал</field>
                                <field name="code">MN_CONSU</field>
                                <field name="groupby">account_id</field>
                                <field name="foldable" eval="True"/>
                                <field name="expression_ids">
                                    <record id="report_line_balanceca63_balance" model="account.report.expression">
                                        <field name="label">balance</field>
                                        <field name="engine">domain</field>
                                        <field name="formula" eval="[('account_id.account_type', '=', 'asset_current'), ('account_id.code','=like','1403%')]"/>
                                        <field name="date_scope">normal</field>
                                        <field name="subformula">sum</field>
                                    </record>
                                </field>
                            </record>
                            <record id="report_line_balanceca64" model="account.report.line">
                                <field name="name">Дуусаагүй үйлдвэрлэл</field>
                                <field name="code">MN_NGPROD</field>
                                <field name="groupby">account_id</field>
                                <field name="foldable" eval="True"/>
                                <field name="expression_ids">
                                    <record id="report_line_balanceca64_balance" model="account.report.expression">
                                        <field name="label">balance</field>
                                        <field name="engine">domain</field>
                                        <field name="formula" eval="[('account_id.account_type', '=', 'asset_current'), ('account_id.code','=like','1404%')]"/>
                                        <field name="date_scope">normal</field>
                                        <field name="subformula">sum</field>
                                    </record>
                                </field>
                            </record>
                            <record id="report_line_balanceca65" model="account.report.line">
                                <field name="name">Агентад байгаа бараа</field>
                                <field name="code">MN_AGENCY</field>
                                <field name="groupby">account_id</field>
                                <field name="foldable" eval="True"/>
                                <field name="expression_ids">
                                    <record id="report_line_balanceca65_balance" model="account.report.expression">
                                        <field name="label">balance</field>
                                        <field name="engine">domain</field>
                                        <field name="formula" eval="[('account_id.account_type', '=', 'asset_current'), ('account_id.code','=like','1405%')]"/>
                                        <field name="date_scope">normal</field>
                                        <field name="subformula">sum</field>
                                    </record>
                                </field>
                            </record>
                            <record id="report_line_balanceca66" model="account.report.line">
                                <field name="name">Замд яваа бараа</field>
                                <field name="code">MN_PRODROAD</field>
                                <field name="groupby">account_id</field>
                                <field name="foldable" eval="True"/>
                                <field name="expression_ids">
                                    <record id="report_line_balanceca66_balance" model="account.report.expression">
                                        <field name="label">balance</field>
                                        <field name="engine">domain</field>
                                        <field name="formula" eval="[('account_id.account_type', '=', 'asset_current'), ('account_id.code','=like','1406%')]"/>
                                        <field name="date_scope">normal</field>
                                        <field name="subformula">sum</field>
                                    </record>
                                </field>
                            </record>
                            <record id="report_line_balanceca7" model="account.report.line">
                                <field name="name">Урьдчилж төлсөн зардал/тооцоо</field>
                                <field name="code">MN_PRE</field>
                                <field name="expression_ids">
                                    <record id="report_line_balanceca7_balance" model="account.report.expression">
                                        <field name="label">balance</field>
                                        <field name="engine">aggregation</field>
                                        <field name="formula">MN_PREEX.balance + MN_PREPAY.balance</field>
                                        <field name="date_scope">normal</field>
                                    </record>
                                </field>
                            </record>
                            <record id="report_line_balanceca71" model="account.report.line">
                                <field name="name">Урьдчилж төлсөн зардал</field>
                                <field name="code">MN_PREEX</field>
                                <field name="groupby">account_id</field>
                                <field name="foldable" eval="True"/>
                                <field name="expression_ids">
                                    <record id="report_line_balanceca71_balance" model="account.report.expression">
                                        <field name="label">balance</field>
                                        <field name="engine">domain</field>
                                        <field name="formula" eval="[('account_id.account_type', '=', 'asset_prepayments'), ('account_id.code','=like','1501%')]"/>
                                        <field name="date_scope">normal</field>
                                        <field name="subformula">sum</field>
                                    </record>
                                </field>
                            </record>
                            <record id="report_line_balanceca72" model="account.report.line">
                                <field name="name">Урьдчилж төлсөн тооцоо</field>
                                <field name="code">MN_PREPAY</field>
                                <field name="groupby">account_id</field>
                                <field name="foldable" eval="True"/>
                                <field name="expression_ids">
                                    <record id="report_line_balanceca72_balance" model="account.report.expression">
                                        <field name="label">balance</field>
                                        <field name="engine">domain</field>
                                        <field name="formula" eval="[('account_id.account_type', '=', 'asset_prepayments'), ('account_id.code','=like','1502%')]"/>
                                        <field name="date_scope">normal</field>
                                        <field name="subformula">sum</field>
                                    </record>
                                </field>
                            </record>
                            <record id="report_line_balanceca8" model="account.report.line">
                                <field name="name">Бусад эргэлтийн хөрөнгө</field>
                                <field name="code">MN_OCA</field>
                                <field name="groupby">account_id</field>
                                <field name="foldable" eval="True"/>
                                <field name="expression_ids">
                                    <record id="report_line_balanceca8_balance" model="account.report.expression">
                                        <field name="label">balance</field>
                                        <field name="engine">domain</field>
                                        <field name="formula" eval="[('account_id.account_type', '=', 'asset_current'), ('account_id.code','=like','16%')]"/>
                                        <field name="date_scope">normal</field>
                                        <field name="subformula">sum</field>
                                    </record>
                                </field>
                            </record>
                            <record id="report_line_balanceca9" model="account.report.line">
                                <field name="name">Борлуулах зорилгоор эзэмшиж буй эргэлтийн бус хөрөнгө (борлуулах бүлэг хөрөнгө)</field>
                                <field name="code">MN_SASST</field>
                                <field name="groupby">account_id</field>
                                <field name="foldable" eval="True"/>
                                <field name="expression_ids">
                                    <record id="report_line_balanceca9_balance" model="account.report.expression">
                                        <field name="label">balance</field>
                                        <field name="engine">domain</field>
                                        <field name="formula" eval="[('account_id.account_type', '=', 'asset_current'), ('account_id.code','=like','17%')]"/>
                                        <field name="date_scope">normal</field>
                                        <field name="subformula">sum</field>
                                    </record>
                                </field>
                            </record>
                        </field>
                    </record>
                    <record id="report_line_balancenca" model="account.report.line">
                        <field name="name">Эргэлтийн бус хөрөнгө</field>
                        <field name="code">MN_PNCA</field>
                        <field name="expression_ids">
                            <record id="report_line_balancenca_balance" model="account.report.expression">
                                <field name="label">balance</field>
                                <field name="engine">aggregation</field>
                                <field name="formula">MN_FA.balance + MN_IA.balance + MN_BA.balance + MN_LTINV.balance + MN_EXASST.balance + MN_DTAX.balance + MN_ONCA.balance</field>
                                <field name="date_scope">normal</field>
                            </record>
                        </field>
                        <field name="children_ids">
                            <record id="report_line_balancenca1" model="account.report.line">
                                <field name="name">Үндсэн хөрөнгө</field>
                                <field name="code">MN_FA</field>
                                <field name="groupby">account_id</field>
                                <field name="foldable" eval="True"/>
                                <field name="expression_ids">
                                    <record id="report_line_balancenca1_balance" model="account.report.expression">
                                        <field name="label">balance</field>
                                        <field name="engine">domain</field>
                                        <field name="formula" eval="[('account_id.account_type', '=', 'asset_fixed'), ('account_id.code','=like','20%')]"/>
                                        <field name="date_scope">normal</field>
                                        <field name="subformula">sum</field>
                                    </record>
                                </field>
                            </record>
                            <record id="report_line_balancenca2" model="account.report.line">
                                <field name="name">Биет бус хөрөнгө</field>
                                <field name="code">MN_IA</field>
                                <field name="groupby">account_id</field>
                                <field name="foldable" eval="True"/>
                                <field name="expression_ids">
                                    <record id="report_line_balancenca2_balance" model="account.report.expression">
                                        <field name="label">balance</field>
                                        <field name="engine">domain</field>
                                        <field name="formula" eval="[('account_id.account_type', '=', 'asset_fixed'), ('account_id.code','=like','21%')]"/>
                                        <field name="date_scope">normal</field>
                                        <field name="subformula">sum</field>
                                    </record>
                                </field>
                            </record>
                            <record id="report_line_balancenca3" model="account.report.line">
                                <field name="name">Биологийн хөрөнгө</field>
                                <field name="code">MN_BA</field>
                                <field name="groupby">account_id</field>
                                <field name="foldable" eval="True"/>
                                <field name="expression_ids">
                                    <record id="report_line_balancenca3_balance" model="account.report.expression">
                                        <field name="label">balance</field>
                                        <field name="engine">domain</field>
                                        <field name="formula" eval="[('account_id.account_type', '=', 'asset_fixed'), ('account_id.code','=like','24%')]"/>
                                        <field name="date_scope">normal</field>
                                        <field name="subformula">sum</field>
                                    </record>
                                </field>
                            </record>
                            <record id="report_line_balancenca4" model="account.report.line">
                                <field name="name">Урт хугацаат хөрөнгө оруулалт</field>
                                <field name="code">MN_LTINV</field>
                                <field name="groupby">account_id</field>
                                <field name="foldable" eval="True"/>
                                <field name="expression_ids">
                                    <record id="report_line_balancenca4_balance" model="account.report.expression">
                                        <field name="label">balance</field>
                                        <field name="engine">domain</field>
                                        <field name="formula" eval="[('account_id.account_type', '=', 'asset_non_current'), ('account_id.code','=like','22%')]"/>
                                        <field name="date_scope">normal</field>
                                        <field name="subformula">sum</field>
                                    </record>
                                </field>
                            </record>
                            <record id="report_line_balancenca5" model="account.report.line">
                                <field name="name">Хайгуул ба үнэлгээний хөрөнгө</field>
                                <field name="code">MN_EXASST</field>
                                <field name="groupby">account_id</field>
                                <field name="foldable" eval="True"/>
                                <field name="expression_ids">
                                    <record id="report_line_balancenca5_balance" model="account.report.expression">
                                        <field name="label">balance</field>
                                        <field name="engine">domain</field>
                                        <field name="formula" eval="[('account_id.account_type', '=', 'asset_non_current'), ('account_id.code','=like','23%')]"/>
                                        <field name="date_scope">normal</field>
                                        <field name="subformula">sum</field>
                                    </record>
                                </field>
                            </record>
                            <record id="report_line_balancenca6" model="account.report.line">
                                <field name="name">Хойшлогдсон татварын хөрөнгө</field>
                                <field name="code">MN_DTAX</field>
                                <field name="groupby">account_id</field>
                                <field name="foldable" eval="True"/>
                                <field name="expression_ids">
                                    <record id="report_line_balancenca6_balance" model="account.report.expression">
                                        <field name="label">balance</field>
                                        <field name="engine">domain</field>
                                        <field name="formula" eval="[('account_id.account_type', '=', 'asset_non_current'), ('account_id.code','=like','25%')]"/>
                                        <field name="date_scope">normal</field>
                                        <field name="subformula">sum</field>
                                    </record>
                                </field>
                            </record>
                            <record id="report_line_balancenca7" model="account.report.line">
                                <field name="name">Бусад эргэлтийн бус хөрөнгө</field>
                                <field name="code">MN_ONCA</field>
                                <field name="groupby">account_id</field>
                                <field name="foldable" eval="True"/>
                                <field name="expression_ids">
                                    <record id="report_line_balancenca7_balance" model="account.report.expression">
                                        <field name="label">balance</field>
                                        <field name="engine">domain</field>
                                        <field name="formula" eval="[('account_id.account_type', '=', 'asset_non_current'),  '|',('account_id.code','=like','26%'),('account_id.code','=like','27%')]"/>
                                        <field name="date_scope">normal</field>
                                        <field name="subformula">sum</field>
                                    </record>
                                </field>
                            </record>
                        </field>
                    </record>
                </field>
            </record>
            <record id="report_line_balancele" model="account.report.line">
                <field name="name">ӨР ТӨЛБӨР БА ЭЗДИЙН ӨМЧ</field>
                <field name="code">MN_LE</field>
                <field name="expression_ids">
                    <record id="report_line_balancele_balance" model="account.report.expression">
                        <field name="label">balance</field>
                        <field name="engine">aggregation</field>
                        <field name="formula">MN_LIA.balance + MN_EQ.balance</field>
                        <field name="date_scope">normal</field>
                    </record>
                </field>
                <field name="children_ids">
                    <record id="report_line_balanceliab" model="account.report.line">
                        <field name="name">Өр төлбөр</field>
                        <field name="code">MN_LIA</field>
                        <field name="expression_ids">
                            <record id="report_line_balanceliab_balance" model="account.report.expression">
                                <field name="label">balance</field>
                                <field name="engine">aggregation</field>
                                <field name="formula">MN_CLIA.balance + MN_NCLIA.balance</field>
                                <field name="date_scope">normal</field>
                            </record>
                        </field>
                        <field name="children_ids">
                            <record id="report_line_balancecliab" model="account.report.line">
                                <field name="name">Богино хугацаат өр төлбөр</field>
                                <field name="code">MN_CLIA</field>
                                <field name="expression_ids">
                                    <record id="report_line_balancecliab_balance" model="account.report.expression">
                                        <field name="label">balance</field>
                                        <field name="engine">aggregation</field>
                                        <field name="formula">MN_TPAY.balance + MN_SPAY.balance + MN_TXPAY.balance + MN_SIFPAY.balance + MN_STLOAN.balance + MN_LIPAY.balance + MN_DIVPAY.balance + MN_PREINC.balance + MN_RESLIA.balance + MN_OCLIA.balance + MN_DEPLIA.balance</field>
                                        <field name="date_scope">normal</field>
                                    </record>
                                </field>
                            </record>
                            <record id="report_line_balancecliab1" model="account.report.line">
                                <field name="name">Дансны өглөг</field>
                                <field name="code">MN_TPAY</field>
                                <field name="groupby">account_id</field>
                                <field name="foldable" eval="True"/>
                                <field name="expression_ids">
                                    <record id="report_line_balancecliab1_balance" model="account.report.expression">
                                        <field name="label">balance</field>
                                        <field name="engine">domain</field>
                                        <field name="formula" eval="[('account_id.account_type', '=', 'liability_payable'), ('account_id.code', '=like', '31%')]"/>
                                        <field name="date_scope">normal</field>
                                        <field name="subformula">-sum</field>
                                    </record>
                                </field>
                            </record>
                            <record id="report_line_balancecliab2" model="account.report.line">
                                <field name="name">Цалингийн өглөг</field>
                                <field name="code">MN_SPAY</field>
                                <field name="groupby">account_id</field>
                                <field name="foldable" eval="True"/>
                                <field name="expression_ids">
                                    <record id="report_line_balancecliab2_balance" model="account.report.expression">
                                        <field name="label">balance</field>
                                        <field name="engine">domain</field>
                                        <field name="formula" eval="[('account_id.account_type', '=', 'liability_payable'), ('account_id.code', '=like', '33%')]"/>
                                        <field name="date_scope">normal</field>
                                        <field name="subformula">-sum</field>
                                    </record>
                                </field>
                            </record>
                            <record id="report_line_balancecliab3" model="account.report.line">
                                <field name="name">Татварын өр</field>
                                <field name="code">MN_TXPAY</field>
                                <field name="groupby">account_id</field>
                                <field name="foldable" eval="True"/>
                                <field name="expression_ids">
                                    <record id="report_line_balancecliab3_balance" model="account.report.expression">
                                        <field name="label">balance</field>
                                        <field name="engine">domain</field>
                                        <field name="formula" eval="[('account_id.account_type', '=', 'liability_current'), ('account_id.code', '=like', '3401%')]"/>
                                        <field name="date_scope">normal</field>
                                        <field name="subformula">-sum</field>
                                    </record>
                                </field>
                            </record>
                            <record id="report_line_balancecliab4" model="account.report.line">
                                <field name="name">НДШ-ийн өглөг</field>
                                <field name="code">MN_SIFPAY</field>
                                <field name="groupby">account_id</field>
                                <field name="foldable" eval="True"/>
                                <field name="expression_ids">
                                    <record id="report_line_balancecliab4_balance" model="account.report.expression">
                                        <field name="label">balance</field>
                                        <field name="engine">domain</field>
                                        <field name="formula" eval="[('account_id.account_type', '=', 'liability_current'), ('account_id.code', '=like', '3402%')]"/>
                                        <field name="date_scope">normal</field>
                                        <field name="subformula">-sum</field>
                                    </record>
                                </field>
                            </record>
                            <record id="report_line_balancecliab5" model="account.report.line">
                                <field name="name">Богино хугацаат зээл</field>
                                <field name="code">MN_STLOAN</field>
                                <field name="groupby">account_id</field>
                                <field name="foldable" eval="True"/>
                                <field name="expression_ids">
                                    <record id="report_line_balancecliab5_balance" model="account.report.expression">
                                        <field name="label">balance</field>
                                        <field name="engine">account_codes</field>
                                        <field name="formula">-3501</field>
                                        <field name="date_scope">normal</field>
                                    </record>
                                </field>
                            </record>
                            <record id="report_line_balancecliab6" model="account.report.line">
                                <field name="name">Зээлийн хүүгийн өглөг</field>
                                <field name="code">MN_LIPAY</field>
                                <field name="groupby">account_id</field>
                                <field name="foldable" eval="True"/>
                                <field name="expression_ids">
                                    <record id="report_line_balancecliab6_balance" model="account.report.expression">
                                        <field name="label">balance</field>
                                        <field name="engine">account_codes</field>
                                        <field name="formula">-3502</field>
                                        <field name="date_scope">normal</field>
                                    </record>
                                </field>
                            </record>
                            <record id="report_line_balancecliab7" model="account.report.line">
                                <field name="name">Ногдол ашгийн өглөг</field>
                                <field name="code">MN_DIVPAY</field>
                                <field name="groupby">account_id</field>
                                <field name="foldable" eval="True"/>
                                <field name="expression_ids">
                                    <record id="report_line_balancecliab7_balance" model="account.report.expression">
                                        <field name="label">balance</field>
                                        <field name="engine">account_codes</field>
                                        <field name="formula">-36</field>
                                        <field name="date_scope">normal</field>
                                    </record>
                                </field>
                            </record>
                            <record id="report_line_balancecliab8" model="account.report.line">
                                <field name="name">Урьдчилж орсон орлого</field>
                                <field name="code">MN_PREINC</field>
                                <field name="groupby">account_id</field>
                                <field name="foldable" eval="True"/>
                                <field name="expression_ids">
                                    <record id="report_line_balancecliab8_balance" model="account.report.expression">
                                        <field name="label">balance</field>
                                        <field name="engine">domain</field>
                                        <field name="formula" eval="[('account_id.account_type', '=', 'liability_current'), ('account_id.code', '=like', '32%')]"/>
                                        <field name="date_scope">normal</field>
                                        <field name="subformula">-sum</field>
                                    </record>
                                </field>
                            </record>
                            <record id="report_line_balancecliab9" model="account.report.line">
                                <field name="name">Нөөц өр төлбөр</field>
                                <field name="code">MN_RESLIA</field>
                                <field name="groupby">account_id</field>
                                <field name="foldable" eval="True"/>
                                <field name="expression_ids">
                                    <record id="report_line_balancecliab9_balance" model="account.report.expression">
                                        <field name="label">balance</field>
                                        <field name="engine">account_codes</field>
                                        <field name="formula">-37</field>
                                        <field name="date_scope">normal</field>
                                    </record>
                                </field>
                            </record>
                            <record id="report_line_balancecliab10" model="account.report.line">
                                <field name="name">Бусад богино хугацаат өр төлбөр</field>
                                <field name="code">MN_OCLIA</field>
                                <field name="groupby">account_id</field>
                                <field name="foldable" eval="True"/>
                                <field name="expression_ids">
                                    <record id="report_line_balancecliab10_balance" model="account.report.expression">
                                        <field name="label">balance</field>
                                        <field name="engine">account_codes</field>
                                        <field name="formula">-38</field>
                                        <field name="date_scope">normal</field>
                                    </record>
                                </field>
                            </record>
                            <record id="report_line_balancecliab11" model="account.report.line">
                                <field name="name">Борлуулах зорилгоор эзэмшиж буй эргэлтийн бус хөрөнгө (борлуулах бүлэг хөрөнгө) - нд хамаарах өр төлбөр</field>
                                <field name="code">MN_DEPLIA</field>
                                <field name="groupby">account_id</field>
                                <field name="foldable" eval="True"/>
                                <field name="expression_ids">
                                    <record id="report_line_balancecliab11_balance" model="account.report.expression">
                                        <field name="label">balance</field>
                                        <field name="engine">account_codes</field>
                                        <field name="formula">-39</field>
                                        <field name="date_scope">normal</field>
                                    </record>
                                </field>
                            </record>
                            <record id="report_line_balancencliab" model="account.report.line">
                                <field name="name">Урт хугацаат өр төлбөр</field>
                                <field name="code">MN_NCLIA</field>
                                <field name="expression_ids">
                                    <record id="report_line_balancencliab_balance" model="account.report.expression">
                                        <field name="label">balance</field>
                                        <field name="engine">aggregation</field>
                                        <field name="formula">MN_LTLOAN.balance + MN_NRESLIA.balance + MN_DTAXPAY.balance + MN_ONCLIA.balance</field>
                                        <field name="date_scope">normal</field>
                                    </record>
                                </field>
                            </record>
                            <record id="report_line_balancencliab1" model="account.report.line">
                                <field name="name">Урт хугацаат зээл</field>
                                <field name="code">MN_LTLOAN</field>
                                <field name="groupby">account_id</field>
                                <field name="foldable" eval="True"/>
                                <field name="expression_ids">
                                    <record id="report_line_balancencliab1_balance" model="account.report.expression">
                                        <field name="label">balance</field>
                                        <field name="engine">account_codes</field>
                                        <field name="formula">-4001</field>
                                        <field name="date_scope">normal</field>
                                    </record>
                                </field>
                            </record>
                            <record id="report_line_balancencliab2" model="account.report.line">
                                <field name="name">Нөөц өр төлбөр</field>
                                <field name="code">MN_NRESLIA</field>
                                <field name="groupby">account_id</field>
                                <field name="foldable" eval="True"/>
                                <field name="expression_ids">
                                    <record id="report_line_balancencliab2_balance" model="account.report.expression">
                                        <field name="label">balance</field>
                                        <field name="engine">account_codes</field>
                                        <field name="formula">-4002</field>
                                        <field name="date_scope">normal</field>
                                    </record>
                                </field>
                            </record>
                            <record id="report_line_balancencliab3" model="account.report.line">
                                <field name="name">Хойшлогдсон татварын өр</field>
                                <field name="code">MN_DTAXPAY</field>
                                <field name="groupby">account_id</field>
                                <field name="foldable" eval="True"/>
                                <field name="expression_ids">
                                    <record id="report_line_balancencliab3_balance" model="account.report.expression">
                                        <field name="label">balance</field>
                                        <field name="engine">account_codes</field>
                                        <field name="formula">-4003</field>
                                        <field name="date_scope">normal</field>
                                    </record>
                                </field>
                            </record>
                            <record id="report_line_balancencliab4" model="account.report.line">
                                <field name="name">Бусад урт хугацаат өр төлбөр</field>
                                <field name="code">MN_ONCLIA</field>
                                <field name="groupby">account_id</field>
                                <field name="foldable" eval="True"/>
                                <field name="expression_ids">
                                    <record id="report_line_balancencliab4_balance" model="account.report.expression">
                                        <field name="label">balance</field>
                                        <field name="engine">account_codes</field>
                                        <field name="formula">-4009</field>
                                        <field name="date_scope">normal</field>
                                    </record>
                                </field>
                            </record>
                        </field>
                    </record>
                    <record id="report_line_balanceequity" model="account.report.line">
                        <field name="name">Эздийн өмч</field>
                        <field name="code">MN_EQ</field>
                        <field name="expression_ids">
                            <record id="report_line_balanceequity_balance" model="account.report.expression">
                                <field name="label">balance</field>
                                <field name="engine">aggregation</field>
                                <field name="formula">MN_SEQ.balance + MN_PEQ.balance + MN_PUEQ.balance + MN_STOCK.balance + MN_CAPIT.balance + MN_REVAL.balance + MN_EXHEQ.balance + MN_OEQ.balance + MN_EQPROF.balance</field>
                                <field name="date_scope">normal</field>
                            </record>
                        </field>
                        <field name="children_ids">
                            <record id="report_line_balanceequity1" model="account.report.line">
                                <field name="name">Өмч - Төрийн</field>
                                <field name="code">MN_SEQ</field>
                                <field name="groupby">account_id</field>
                                <field name="foldable" eval="True"/>
                                <field name="expression_ids">
                                    <record id="report_line_balanceequity1_balance" model="account.report.expression">
                                        <field name="label">balance</field>
                                        <field name="engine">account_codes</field>
                                        <field name="formula">-4101</field>
                                        <field name="date_scope">normal</field>
                                    </record>
                                </field>
                            </record>
                            <record id="report_line_balanceequity2" model="account.report.line">
                                <field name="name">Өмч - Хувийн</field>
                                <field name="code">MN_PEQ</field>
                                <field name="groupby">account_id</field>
                                <field name="foldable" eval="True"/>
                                <field name="expression_ids">
                                    <record id="report_line_balanceequity2_balance" model="account.report.expression">
                                        <field name="label">balance</field>
                                        <field name="engine">account_codes</field>
                                        <field name="formula">-4102</field>
                                        <field name="date_scope">normal</field>
                                    </record>
                                </field>
                            </record>
                            <record id="report_line_balanceequity3" model="account.report.line">
                                <field name="name">Өмч - Хувьцаат</field>
                                <field name="code">MN_PUEQ</field>
                                <field name="groupby">account_id</field>
                                <field name="foldable" eval="True"/>
                                <field name="expression_ids">
                                    <record id="report_line_balanceequity3_balance" model="account.report.expression">
                                        <field name="label">balance</field>
                                        <field name="engine">account_codes</field>
                                        <field name="formula">-4103</field>
                                        <field name="date_scope">normal</field>
                                    </record>
                                </field>
                            </record>
                            <record id="report_line_balanceequity4" model="account.report.line">
                                <field name="name">Халаасны хувьцаа</field>
                                <field name="code">MN_STOCK</field>
                                <field name="groupby">account_id</field>
                                <field name="foldable" eval="True"/>
                                <field name="expression_ids">
                                    <record id="report_line_balanceequity4_balance" model="account.report.expression">
                                        <field name="label">balance</field>
                                        <field name="engine">account_codes</field>
                                        <field name="formula">-42</field>
                                        <field name="date_scope">normal</field>
                                    </record>
                                </field>
                            </record>
                            <record id="report_line_balanceequity5" model="account.report.line">
                                <field name="name">Нэмж төлөгдсөн капитал</field>
                                <field name="code">MN_CAPIT</field>
                                <field name="groupby">account_id</field>
                                <field name="foldable" eval="True"/>
                                <field name="expression_ids">
                                    <record id="report_line_balanceequity5_balance" model="account.report.expression">
                                        <field name="label">balance</field>
                                        <field name="engine">account_codes</field>
                                        <field name="formula">-43</field>
                                        <field name="date_scope">normal</field>
                                    </record>
                                </field>
                            </record>
                            <record id="report_line_balanceequity6" model="account.report.line">
                                <field name="name">Хөрөнгийн дахин үнэлгээний нэмэгдэл</field>
                                <field name="code">MN_REVAL</field>
                                <field name="groupby">account_id</field>
                                <field name="foldable" eval="True"/>
                                <field name="expression_ids">
                                    <record id="report_line_balanceequity6_balance" model="account.report.expression">
                                        <field name="label">balance</field>
                                        <field name="engine">account_codes</field>
                                        <field name="formula">-44</field>
                                        <field name="date_scope">normal</field>
                                    </record>
                                </field>
                            </record>
                            <record id="report_line_balanceequity7" model="account.report.line">
                                <field name="name">Гадаад валютын хөрвүүлэлтийн нөөц</field>
                                <field name="code">MN_EXHEQ</field>
                                <field name="groupby">account_id</field>
                                <field name="foldable" eval="True"/>
                                <field name="expression_ids">
                                    <record id="report_line_balanceequity7_balance" model="account.report.expression">
                                        <field name="label">balance</field>
                                        <field name="engine">account_codes</field>
                                        <field name="formula">-4501</field>
                                        <field name="date_scope">normal</field>
                                    </record>
                                </field>
                            </record>
                            <record id="report_line_balanceequity8" model="account.report.line">
                                <field name="name">Эздийн өмчийн бусад хэсэг</field>
                                <field name="code">MN_OEQ</field>
                                <field name="groupby">account_id</field>
                                <field name="foldable" eval="True"/>
                                <field name="expression_ids">
                                    <record id="report_line_balanceequity8_balance" model="account.report.expression">
                                        <field name="label">balance</field>
                                        <field name="engine">account_codes</field>
                                        <field name="formula">-4509</field>
                                        <field name="date_scope">normal</field>
                                    </record>
                                </field>
                            </record>
                            <record id="report_line_balanceequity9" model="account.report.line">
                                <field name="name">Хуримтлагдсан ашиг</field>
                                <field name="code">MN_EQPROF</field>
                                <field name="groupby">account_id</field>
                                <field name="foldable" eval="True"/>
                                <field name="expression_ids">
                                    <record id="report_line_balanceequity9_balance" model="account.report.expression">
                                        <field name="label">balance</field>
                                        <field name="engine">account_codes</field>
                                        <field name="formula">-46</field>
                                        <field name="date_scope">normal</field>
                                    </record>
                                </field>
                            </record>
                        </field>
                    </record>
                </field>
            </record>
            <record id="account_financial_report_mn_off_sheet" model="account.report.line">
                <field name="name">OFF BALANCE SHEET ACCOUNTS</field>
                <field name="code">MN_OS</field>
                <field name="groupby">account_id</field>
                <field name="hide_if_zero" eval="1"/>
                <field name="foldable" eval="True"/>
                <field name="expression_ids">
                    <record id="account_financial_report_mn_off_sheet_balance" model="account.report.expression">
                        <field name="label">balance</field>
                        <field name="engine">domain</field>
                        <field name="formula" eval="[('account_id.account_type', '=', 'off_balance')]"/>
                        <field name="date_scope">normal</field>
                        <field name="subformula">-sum</field>
                    </record>
                </field>
            </record>
        </field>
    </record>
</odoo>
