<?xml version="1.0" encoding="utf-8"?>
<odoo>
    <record id="account_report_profit_and_loss" model="account.report">
        <field name="name">Profit and Loss</field>
        <field name="root_report_id" ref="account_reports.profit_and_loss"/>
        <field name="filter_analytic_groupby" eval="True"/>
        <field name="country_id" ref="base.mn"/>
        <field name="filter_multi_company">selector</field>
        <field name="column_ids">
            <record id="account_report_profit_and_loss_column" model="account.report.column">
                <field name="name">Balance</field>
                <field name="expression_label">balance</field>
            </record>
        </field>
        <field name="line_ids">
            <record id="report_profit_root" model="account.report.line">
                <field name="name">Орлого үр дүн</field>
                <field name="code">MNPL_ROOT</field>
                <field name="expression_ids">
                    <record id="report_profit_root_balance" model="account.report.expression">
                        <field name="label">balance</field>
                        <field name="engine">aggregation</field>
                        <field name="formula">MNPL_PROFIT.balance + MNPL_COMPRE.balance</field>
                        <field name="date_scope">normal</field>
                    </record>
                </field>
                <field name="children_ids">
                    <record id="report_line_gross_profit_sale" model="account.report.line">
                        <field name="name">Борлуулалтын орлого (цэвэр)</field>
                        <field name="code">MNPL_INC</field>
                        <field name="groupby">account_id</field>
                        <field name="foldable" eval="True"/>
                        <field name="expression_ids">
                            <record id="report_line_gross_profit_sale_balance" model="account.report.expression">
                                <field name="label">balance</field>
                                <field name="engine">domain</field>
                                <field name="formula" eval="[('account_id.account_type','=','income')]"/>
                                <field name="date_scope">normal</field>
                                <field name="subformula">-sum</field>
                            </record>
                        </field>
                    </record>
                    <record id="report_line_gross_profit_cost" model="account.report.line">
                        <field name="name">Борлуулсан бүтээгдэхүүний өртөг</field>
                        <field name="code">MNPL_COS</field>
                        <field name="groupby">account_id</field>
                        <field name="foldable" eval="True"/>
                        <field name="expression_ids">
                            <record id="report_line_gross_profit_cost_balance" model="account.report.expression">
                                <field name="label">balance</field>
                                <field name="engine">domain</field>
                                <field name="formula" eval="[('account_id.account_type','=','expense_direct_cost')]"/>
                                <field name="date_scope">normal</field>
                                <field name="subformula">sum</field>
                            </record>
                        </field>
                    </record>
                    <record id="report_line_gross_profit" model="account.report.line">
                        <field name="name">Нийт ашиг (алдагдал)</field>
                        <field name="code">MNPL_GRP</field>
                        <field name="expression_ids">
                            <record id="report_line_gross_profit_balance" model="account.report.expression">
                                <field name="label">balance</field>
                                <field name="engine">aggregation</field>
                                <field name="formula">MNPL_INC.balance - MNPL_COS.balance</field>
                                <field name="date_scope">normal</field>
                            </record>
                        </field>
                    </record>
                    <record id="report_line_income_loan" model="account.report.line">
                        <field name="name">Түрээсийн орлого</field>
                        <field name="code">MNPL_RENT</field>
                        <field name="groupby">account_id</field>
                        <field name="foldable" eval="True"/>
                        <field name="expression_ids">
                            <record id="report_line_income_loan_balance" model="account.report.expression">
                                <field name="label">balance</field>
                                <field name="engine">domain</field>
                                <field name="formula" eval="[('account_id.account_type','=','income_other'), ('account_id.code','=like','5102%')]"/>
                                <field name="date_scope">normal</field>
                                <field name="subformula">-sum</field>
                            </record>
                        </field>
                    </record>
                    <record id="report_line_income_interest" model="account.report.line">
                        <field name="name">Хүүний орлого</field>
                        <field name="code">MNPL_INTER</field>
                        <field name="groupby">account_id</field>
                        <field name="foldable" eval="True"/>
                        <field name="expression_ids">
                            <record id="report_line_income_interest_balance" model="account.report.expression">
                                <field name="label">balance</field>
                                <field name="engine">domain</field>
                                <field name="formula" eval="[('account_id.account_type','=','income_other'), ('account_id.code','=like','5103%')]"/>
                                <field name="date_scope">normal</field>
                                <field name="subformula">-sum</field>
                            </record>
                        </field>
                    </record>
                    <record id="report_line_income_devidend" model="account.report.line">
                        <field name="name">Ногдол ашгийн орлого</field>
                        <field name="code">MNPL_DIVID</field>
                        <field name="groupby">account_id</field>
                        <field name="foldable" eval="True"/>
                        <field name="expression_ids">
                            <record id="report_line_income_devidend_balance" model="account.report.expression">
                                <field name="label">balance</field>
                                <field name="engine">domain</field>
                                <field name="formula" eval="[('account_id.account_type','=','income_other'), ('account_id.code','=like','5104%')]"/>
                                <field name="date_scope">normal</field>
                                <field name="subformula">-sum</field>
                            </record>
                        </field>
                    </record>
                    <record id="report_line_income_loyalty" model="account.report.line">
                        <field name="name">Эрхийн шимтгэлийн орлого</field>
                        <field name="code">MNPL_ROYAL</field>
                        <field name="groupby">account_id</field>
                        <field name="foldable" eval="True"/>
                        <field name="expression_ids">
                            <record id="report_line_income_loyalty_balance" model="account.report.expression">
                                <field name="label">balance</field>
                                <field name="engine">domain</field>
                                <field name="formula" eval="[('account_id.account_type','=','income_other'), ('account_id.code','=like','5105%')]"/>
                                <field name="date_scope">normal</field>
                                <field name="subformula">-sum</field>
                            </record>
                        </field>
                    </record>
                    <record id="report_line_income_other" model="account.report.line">
                        <field name="name">Бусад орлого</field>
                        <field name="code">MNPL_OIN</field>
                        <field name="groupby">account_id</field>
                        <field name="foldable" eval="True"/>
                        <field name="expression_ids">
                            <record id="report_line_income_other_balance" model="account.report.expression">
                                <field name="label">balance</field>
                                <field name="engine">domain</field>
                                <field name="formula" eval="[('account_id.account_type','=','income_other'), ('account_id.code','=like','52%')]"/>
                                <field name="date_scope">normal</field>
                                <field name="subformula">-sum</field>
                            </record>
                        </field>
                    </record>
                    <record id="report_line_expense_sale" model="account.report.line">
                        <field name="name">Борлуулалт, маркетингийн зардал</field>
                        <field name="code">MNPL_SEXP</field>
                        <field name="groupby">account_id</field>
                        <field name="foldable" eval="True"/>
                        <field name="expression_ids">
                            <record id="report_line_expense_sale_balance" model="account.report.expression">
                                <field name="label">balance</field>
                                <field name="engine">domain</field>
                                <field name="formula" eval="[('account_id.account_type','=','expense'), ('account_id.code','=like','71%')]"/>
                                <field name="date_scope">normal</field>
                                <field name="subformula">sum</field>
                            </record>
                        </field>
                    </record>
                    <record id="report_line_expense_admin" model="account.report.line">
                        <field name="name">Ерөнхий ба удирдлагын зардал</field>
                        <field name="code">MNPL_AEXP</field>
                        <field name="groupby">account_id</field>
                        <field name="foldable" eval="True"/>
                        <field name="expression_ids">
                            <record id="report_line_expense_admin_balance" model="account.report.expression">
                                <field name="label">balance</field>
                                <field name="engine">domain</field>
                                <field name="formula" eval="[('account_id.account_type','=','expense'), ('account_id.code','=like','70%')]"/>
                                <field name="date_scope">normal</field>
                                <field name="subformula">sum</field>
                            </record>
                        </field>
                    </record>
                    <record id="report_line_expense_finance" model="account.report.line">
                        <field name="name">Санхүүгийн зардал</field>
                        <field name="code">MNPL_FEXP</field>
                        <field name="groupby">account_id</field>
                        <field name="foldable" eval="True"/>
                        <field name="expression_ids">
                            <record id="report_line_expense_finance_balance" model="account.report.expression">
                                <field name="label">balance</field>
                                <field name="engine">domain</field>
                                <field name="formula" eval="[('account_id.account_type','=','expense'), ('account_id.code','=like','72%')]"/>
                                <field name="date_scope">normal</field>
                                <field name="subformula">sum</field>
                            </record>
                        </field>
                    </record>
                    <record id="report_line_expense_other" model="account.report.line">
                        <field name="name">Бусад зардал</field>
                        <field name="code">MNPL_OEXP</field>
                        <field name="groupby">account_id</field>
                        <field name="foldable" eval="True"/>
                        <field name="expression_ids">
                            <record id="report_line_expense_other_balance" model="account.report.expression">
                                <field name="label">balance</field>
                                <field name="engine">domain</field>
                                <field name="formula" eval="[('account_id.account_type','=','expense'), ('account_id.code','=like','74%')]"/>
                                <field name="date_scope">normal</field>
                                <field name="subformula">sum</field>
                            </record>
                        </field>
                    </record>
                    <record id="report_line_gainloss_exchange" model="account.report.line">
                        <field name="name">Гадаад валютын ханшийн зөрүүний олз (гарз)</field>
                        <field name="code">MNPL_EXCHANGE</field>
                        <field name="groupby">account_id</field>
                        <field name="foldable" eval="True"/>
                        <field name="expression_ids">
                            <record id="report_line_gainloss_exchange_balance" model="account.report.expression">
                                <field name="label">balance</field>
                                <field name="engine">domain</field>
                                <field name="formula" eval="[('account_id.account_type','=','income_other'), ('account_id.code','=like','53%')]"/>
                                <field name="date_scope">normal</field>
                                <field name="subformula">-sum</field>
                            </record>
                        </field>
                    </record>
                    <record id="report_line_gainloss_asset" model="account.report.line">
                        <field name="name">Үндсэн хөрөнгө данснаас хассаны олз (гарз)</field>
                        <field name="code">MNPL_ASTGAIN</field>
                        <field name="groupby">account_id</field>
                        <field name="foldable" eval="True"/>
                        <field name="expression_ids">
                            <record id="report_line_gainloss_asset_balance" model="account.report.expression">
                                <field name="label">balance</field>
                                <field name="engine">domain</field>
                                <field name="formula" eval="[('account_id.account_type','=','income_other'), ('account_id.code','=like','54%')]"/>
                                <field name="date_scope">normal</field>
                                <field name="subformula">-sum</field>
                            </record>
                        </field>
                    </record>
                    <record id="report_line_gainloss_intangible" model="account.report.line">
                        <field name="name">Биет бус хөрөнгө данснаас хассаны олз (гарз)</field>
                        <field name="code">MNPL_INASTGAIN</field>
                        <field name="groupby">account_id</field>
                        <field name="foldable" eval="True"/>
                        <field name="expression_ids">
                            <record id="report_line_gainloss_intangible_balance" model="account.report.expression">
                                <field name="label">balance</field>
                                <field name="engine">domain</field>
                                <field name="formula" eval="[('account_id.account_type','=','income_other'), ('account_id.code','=like','55%')]"/>
                                <field name="date_scope">normal</field>
                                <field name="subformula">-sum</field>
                            </record>
                        </field>
                    </record>
                    <record id="report_line_gainloss_investment" model="account.report.line">
                        <field name="name">Хөрөнгө оруулалт борлуулсны олз (гарз)</field>
                        <field name="code">MNPL_INVSTGAIN</field>
                        <field name="groupby">account_id</field>
                        <field name="foldable" eval="True"/>
                        <field name="expression_ids">
                            <record id="report_line_gainloss_investment_balance" model="account.report.expression">
                                <field name="label">balance</field>
                                <field name="engine">domain</field>
                                <field name="formula" eval="[('account_id.account_type','=','income_other'), ('account_id.code','=like','56%')]"/>
                                <field name="date_scope">normal</field>
                                <field name="subformula">-sum</field>
                            </record>
                        </field>
                    </record>
                    <record id="report_line_gainloss_other" model="account.report.line">
                        <field name="name">Бусад ашиг (алдагдал)</field>
                        <field name="code">MNPL_OTHGAIN</field>
                        <field name="groupby">account_id</field>
                        <field name="foldable" eval="True"/>
                        <field name="expression_ids">
                            <record id="report_line_gainloss_other_balance" model="account.report.expression">
                                <field name="label">balance</field>
                                <field name="engine">domain</field>
                                <field name="formula" eval="[('account_id.account_type','=','income_other'), ('account_id.code','=like','57%')]"/>
                                <field name="date_scope">normal</field>
                                <field name="subformula">-sum</field>
                            </record>
                        </field>
                    </record>
                    <record id="report_line_retained_earn" model="account.report.line">
                        <field name="name">Татвар төлөхийн өмнөх ашиг (алдагдал)</field>
                        <field name="code">MNPL_TOTPROFBT</field>
                        <field name="expression_ids">
                            <record id="report_line_retained_earn_balance" model="account.report.expression">
                                <field name="label">balance</field>
                                <field name="engine">aggregation</field>
                                <field name="formula">(MNPL_GRP.balance + MNPL_RENT.balance + MNPL_INTER.balance + MNPL_DIVID.balance + MNPL_ROYAL.balance + MNPL_OIN.balance) - (MNPL_SEXP.balance + MNPL_AEXP.balance + MNPL_FEXP.balance + MNPL_OEXP.balance) + (MNPL_EXCHANGE.balance + MNPL_ASTGAIN.balance + MNPL_INASTGAIN.balance + MNPL_INVSTGAIN.balance + MNPL_OTHGAIN.balance)</field>
                                <field name="date_scope">normal</field>
                            </record>
                        </field>
                    </record>
                    <record id="report_line_profit_tax" model="account.report.line">
                        <field name="name">Орлогын албан татвар</field>
                        <field name="code">MNPL_INCTAX</field>
                        <field name="groupby">account_id</field>
                        <field name="foldable" eval="True"/>
                        <field name="expression_ids">
                            <record id="report_line_profit_tax_balance" model="account.report.expression">
                                <field name="label">balance</field>
                                <field name="engine">domain</field>
                                <field name="formula" eval="[('account_id.account_type','=','expense'), ('account_id.code','=like','9101%')]"/>
                                <field name="date_scope">normal</field>
                                <field name="subformula">sum</field>
                            </record>
                        </field>
                    </record>
                    <record id="report_line_after_tax" model="account.report.line">
                        <field name="name">Татварын дараах ашиг (алдагдал)</field>
                        <field name="code">MNPL_TOTPROFAT</field>
                        <field name="expression_ids">
                            <record id="report_line_after_tax_balance" model="account.report.expression">
                                <field name="label">balance</field>
                                <field name="engine">aggregation</field>
                                <field name="formula">MNPL_TOTPROFBT.balance - MNPL_INCTAX.balance</field>
                                <field name="date_scope">normal</field>
                            </record>
                        </field>
                    </record>
                    <record id="report_line_delayed" model="account.report.line">
                        <field name="name">Зогсоосон үйл ажиллагааны татвар</field>
                        <field name="code">MNPL_STOPTAX</field>
                        <field name="groupby">account_id</field>
                        <field name="foldable" eval="True"/>
                        <field name="expression_ids">
                            <record id="report_line_delayed_balance" model="account.report.expression">
                                <field name="label">balance</field>
                                <field name="engine">domain</field>
                                <field name="formula" eval="[('account_id.account_type','=','expense'), ('account_id.code','=like','9102%')]"/>
                                <field name="date_scope">normal</field>
                                <field name="subformula">sum</field>
                            </record>
                        </field>
                    </record>
                    <record id="report_line_net_profit" model="account.report.line">
                        <field name="name">Тайлант үеийн цэвэр ашиг (алдагдал)</field>
                        <field name="code">MNPL_PROFIT</field>
                        <field name="expression_ids">
                            <record id="report_line_net_profit_balance" model="account.report.expression">
                                <field name="label">balance</field>
                                <field name="engine">aggregation</field>
                                <field name="formula">MNPL_TOTPROFAT.balance - MNPL_STOPTAX.balance</field>
                                <field name="date_scope">normal</field>
                            </record>
                        </field>
                    </record>
                    <record id="report_line_other" model="account.report.line">
                        <field name="name">Бусад дэлгэрэнгүй орлого</field>
                        <field name="code">MNPL_COMPRE</field>
                        <field name="groupby">account_id</field>
                        <field name="foldable" eval="True"/>
                        <field name="expression_ids">
                            <record id="report_line_other_balance" model="account.report.expression">
                                <field name="label">balance</field>
                                <field name="engine">domain</field>
                                <field name="formula" eval="[('account_id.account_type','=','expense'), ('account_id.code','=like','9103%')]"/>
                                <field name="date_scope">normal</field>
                                <field name="subformula">-sum</field>
                            </record>
                        </field>
                    </record>
                </field>
            </record>
        </field>
    </record>
</odoo>
