<?xml version="1.0" encoding="utf-8"?>
<odoo>
    <record id="account_report_vat_report" model="account.report">
        <field name="name">VAT Repayment Report</field>
        <field name="root_report_id" ref="account.generic_tax_report"/>
        <field name="country_id" ref="base.mn"/>
        <field name="filter_multi_company">tax_units</field>
        <field name="column_ids">
            <record id="account_report_vat_report_column" model="account.report.column">
                <field name="name">Balance</field>
                <field name="expression_label">balance</field>
            </record>
        </field>
        <field name="line_ids">
            <record id="vat_report_lineA" model="account.report.line">
                <field name="name">А. ТУХАЙН САРЫН БОРЛУУЛСАН БАРАА, АЖИЛ, ҮЙЛЧИЛГЭЭНИЙ НӨАТ-ЫН ТООЦОО</field>
                <field name="code">VAT_LINEA</field>
                <field name="children_ids">
                    <record id="vat_report_line1" model="account.report.line">
                        <field name="name">Тухайн сарын нийт борлуулалтын орлого (1=2+3)</field>
                        <field name="code">VAT_LINE1</field>
                        <field name="expression_ids">
                            <record id="vat_report_line1_balance" model="account.report.expression">
                                <field name="label">balance</field>
                                <field name="engine">aggregation</field>
                                <field name="formula">VAT_LINE2.balance + VAT_LINE3.balance</field>
                                <field name="date_scope">normal</field>
                            </record>
                        </field>
                    </record>
                    <record id="vat_report_line2" model="account.report.line">
                        <field name="name">Хуулийн 13-р зүйлд заасан тухайн сарын НӨАТ-аас чөлөөлөгдөх борлуулалт (2)</field>
                        <field name="code">VAT_LINE2</field>
                        <field name="expression_ids">
                            <record id="vat_report_line2_balance" model="account.report.expression">
                                <field name="label">balance</field>
                                <field name="engine">domain</field>
                                <field name="formula" eval="[('tax_tag_ids','=',ref('l10n_mn.vat_report_tag2')),('tax_ids','!=',False)]"/>
                                <field name="date_scope">normal</field>
                                <field name="subformula">-sum</field>
                            </record>
                        </field>
                    </record>
                    <record id="vat_report_line3" model="account.report.line">
                        <field name="name">Нэмэгдсэн өртгийн албан татвар ногдох бараа, ажил, үйлчилгээний нийт борлуулалтын орлого (3=4+10+30)</field>
                        <field name="code">VAT_LINE3</field>
                        <field name="expression_ids">
                            <record id="vat_report_line3_balance" model="account.report.expression">
                                <field name="label">balance</field>
                                <field name="engine">aggregation</field>
                                <field name="formula">VAT_LINE4.balance + VAT_LINE10.balance + VAT_LINE30.balance</field>
                                <field name="date_scope">normal</field>
                            </record>
                        </field>
                    </record>
                    <record id="vat_report_line4" model="account.report.line">
                        <field name="name">НӨАТ ногдох бараа борлуулсны орлого (4=5+...+9)</field>
                        <field name="code">VAT_LINE4</field>
                        <field name="aggregation_formula">VAT_LINE5.balance + VAT_LINE6.balance + VAT_LINE7.balance + VAT_LINE8.balance + VAT_LINE9.balance</field>
                    </record>
                    <record id="vat_report_line5" model="account.report.line">
                        <field name="name">Дотоодын зах зээлд борлуулсан барааны борлуулалтын орлого (5)</field>
                        <field name="code">VAT_LINE5</field>
                        <field name="domain_formula">-sum([('tax_tag_ids','=',ref('l10n_mn.vat_report_tag5')),('tax_ids','!=',False)])</field>
                    </record>
                    <record id="vat_report_line6" model="account.report.line">
                        <field name="name">Бусад барааны борлуулалтын орлого (6)</field>
                        <field name="code">VAT_LINE6</field>
                        <field name="domain_formula">-sum([('tax_tag_ids','=',ref('l10n_mn.vat_report_tag6')),('tax_ids','!=',False)])</field>
                    </record>
                    <record id="vat_report_line7" model="account.report.line">
                        <field name="name">Эрх борлуулсны орлого (7)</field>
                        <field name="code">VAT_LINE7</field>
                        <field name="domain_formula">-sum([('tax_tag_ids','=',ref('l10n_mn.vat_report_tag7')),('tax_ids','!=',False)])</field>
                    </record>
                    <record id="vat_report_line8" model="account.report.line">
                        <field name="name">Татан буугдах үед өөрт үлдээсэн барааны орлого (8)</field>
                        <field name="code">VAT_LINE8</field>
                        <field name="domain_formula">-sum([('tax_tag_ids','=',ref('l10n_mn.vat_report_tag8')),('tax_ids','!=',False)])</field>
                    </record>
                    <record id="vat_report_line9" model="account.report.line">
                        <field name="name">Өрийн төлбөрт шилжүүлсэн  барааны орлого (9)</field>
                        <field name="code">VAT_LINE9</field>
                        <field name="domain_formula">-sum([('tax_tag_ids','=',ref('l10n_mn.vat_report_tag9')),('tax_ids','!=',False)])</field>
                    </record>
                    <record id="vat_report_line10" model="account.report.line">
                        <field name="name">НӨАТ ногдох ажил, үйлчилгээний  орлого (10=11+...+25)</field>
                        <field name="code">VAT_LINE10</field>
                        <field name="expression_ids">
                            <record id="vat_report_line10_balance" model="account.report.expression">
                                <field name="label">balance</field>
                                <field name="engine">aggregation</field>
                                <field name="formula">VAT_LINE11.balance + VAT_LINE12.balance + VAT_LINE13.balance + VAT_LINE14.balance + VAT_LINE15.balance + VAT_LINE16.balance + VAT_LINE17.balance + VAT_LINE18.balance + VAT_LINE19.balance + VAT_LINE20.balance + VAT_LINE21.balance + VAT_LINE22.balance + VAT_LINE23.balance + VAT_LINE24.balance + VAT_LINE25.balance</field>
                                <field name="date_scope">normal</field>
                            </record>
                        </field>
                    </record>
                    <record id="vat_report_line11" model="account.report.line">
                        <field name="name">Наториатын үйлчилгээний орлого (11)</field>
                        <field name="code">VAT_LINE11</field>
                        <field name="domain_formula">-sum([('tax_tag_ids','=',ref('l10n_mn.vat_report_tag11')),('tax_ids','!=',False)])</field>
                    </record>
                    <record id="vat_report_line12" model="account.report.line">
                        <field name="name">Өрийн төлбөрт тооцсон ажил гүйцэтгэх, үйлчилгээ үзүүлсний орлого (12)</field>
                        <field name="code">VAT_LINE12</field>
                        <field name="domain_formula">-sum([('tax_tag_ids','=',ref('l10n_mn.vat_report_tag12')),('tax_ids','!=',False)])</field>
                    </record>
                    <record id="vat_report_line13" model="account.report.line">
                        <field name="name">Цахилгаан,
 дулаан, хий, ус хангамж, ариутгах татуурга, шуудан, харилцаа холбооны болон бусад үйлчилгээ үзүүлсний  орлого (13)</field>
                        <field name="code">VAT_LINE13</field>
                        <field name="domain_formula">-sum([('tax_tag_ids','=',ref('l10n_mn.vat_report_tag13')),('tax_ids','!=',False)])</field>
                    </record>
                    <record id="vat_report_line14" model="account.report.line">
                        <field name="name">Бараа түрээслүүлэх, бусад хэлбэрээр эзэмшүүлэх, ашиглуулах үйлчилгээний орлого (14)</field>
                        <field name="code">VAT_LINE14</field>
                        <field name="domain_formula">-sum([('tax_tag_ids','=',ref('l10n_mn.vat_report_tag14')),('tax_ids','!=',False)])</field>
                    </record>
                    <record id="vat_report_line15" model="account.report.line">
                        <field name="name">Зочид буудал ба түүнтэй адилтгах байр түрээслүүлэх, эзэмшүүлэх, ашиглуулах үйлчилгээний орлого (15)</field>
                        <field name="code">VAT_LINE15</field>
                        <field name="domain_formula">-sum([('tax_tag_ids','=',ref('l10n_mn.vat_report_tag15')),('tax_ids','!=',False)])</field>
                    </record>
                    <record id="vat_report_line16" model="account.report.line">
                        <field name="name">Үл хөдлөх, хөдлөх эд хөрөнгө түрээслүүлэх ба эзэмшүүлэх ашиглуулах үйлчилгээий орлого (16)</field>
                        <field name="code">VAT_LINE16</field>
                        <field name="domain_formula">-sum([('tax_tag_ids','=',ref('l10n_mn.vat_report_tag16')),('tax_ids','!=',False)])</field>
                    </record>
                    <record id="vat_report_line17" model="account.report.line">
                        <field name="name">Шинэ бүтээл, бүтээгдэхүүний загвар, зохиогчийн эрхэд хамаарах бүтээл, барааны тэмдэг, ноу-хау шилжүүлсэн, түрээсэлсэн, худалдсаны орлого (17)</field>
                        <field name="code">VAT_LINE17</field>
                        <field name="domain_formula">-sum([('tax_tag_ids','=',ref('l10n_mn.vat_report_tag17')),('tax_ids','!=',False)])</field>
                    </record>
                    <record id="vat_report_line18" model="account.report.line">
                        <field name="name">Эд мөнгөний хонжворт сугалаа,төлбөрт таавар бооцоот тоглоомын үйл ажиллагааны орлого (18)</field>
                        <field name="code">VAT_LINE18</field>
                        <field name="domain_formula">-sum([('tax_tag_ids','=',ref('l10n_mn.vat_report_tag18')),('tax_ids','!=',False)])</field>
                    </record>
                    <record id="vat_report_line19" model="account.report.line">
                        <field name="name">Зуучлалын үйлчилгээний орлого (19)</field>
                        <field name="code">VAT_LINE19</field>
                        <field name="domain_formula">-sum([('tax_tag_ids','=',ref('l10n_mn.vat_report_tag19')),('tax_ids','!=',False)])</field>
                    </record>
                    <record id="vat_report_line20" model="account.report.line">
                        <field name="name">Бусдын буруутай үйл ажиллагааны улмаас авсан хүү, торгууль, алдангийн орлого (20)</field>
                        <field name="code">VAT_LINE20</field>
                        <field name="domain_formula">-sum([('tax_tag_ids','=',ref('l10n_mn.vat_report_tag20')),('tax_ids','!=',False)])</field>
                    </record>
                    <record id="vat_report_line21" model="account.report.line">
                        <field name="name">Хөрөнгийн үнэлгээний үйлчилгээний орлого (21)</field>
                        <field name="code">VAT_LINE21</field>
                        <field name="domain_formula">-sum([('tax_tag_ids','=',ref('l10n_mn.vat_report_tag21')),('tax_ids','!=',False)])</field>
                    </record>
                    <record id="vat_report_line22" model="account.report.line">
                        <field name="name">Төрөөс олгож буй төсвийн санхүүжилт, татаас, урамшууллын орлого (22)</field>
                        <field name="code">VAT_LINE22</field>
                        <field name="domain_formula">-sum([('tax_tag_ids','=',ref('l10n_mn.vat_report_tag22')),('tax_ids','!=',False)])</field>
                    </record>
                    <record id="vat_report_line23" model="account.report.line">
                        <field name="name">Өмгөөлөл, хууль зүйн зөвлөлгөө өгөх үйлчилгээний орлого (23)</field>
                        <field name="code">VAT_LINE23</field>
                        <field name="domain_formula">-sum([('tax_tag_ids','=',ref('l10n_mn.vat_report_tag23')),('tax_ids','!=',False)])</field>
                    </record>
                    <record id="vat_report_line24" model="account.report.line">
                        <field name="name">Үсчин, гоо сайхан, засвар үйлчилгээ, угаалга, хими цэвэрлэгээний үйлчилгээний орлого (24)</field>
                        <field name="code">VAT_LINE24</field>
                        <field name="domain_formula">-sum([('tax_tag_ids','=',ref('l10n_mn.vat_report_tag24')),('tax_ids','!=',False)])</field>
                    </record>
                    <record id="vat_report_line25" model="account.report.line">
                        <field name="name">Хуулийн 13 дугаар зүйлд зааснаас  бусад бүх төрлийн үйлчилгээний  орлого (25)</field>
                        <field name="code">VAT_LINE25</field>
                        <field name="domain_formula">-sum([('tax_tag_ids','=',ref('l10n_mn.vat_report_tag25')),('tax_ids','!=',False)])</field>
                    </record>
                    <record id="vat_report_line26" model="account.report.line">
                        <field name="name">Тухайн сарын НӨАТ ногдох дотоодын бараа, ажил, үйлчилгээний орлого (26=4+10)</field>
                        <field name="code">VAT_LINE26</field>
                        <field name="aggregation_formula">VAT_LINE4.balance + VAT_LINE10.balance</field>
                    </record>
                    <record id="vat_report_line27" model="account.report.line">
                        <field name="name">Ногдуулсан татвар (27=26*10%)</field>
                        <field name="code">VAT_LINE27</field>
                        <field name="groupby">account_id</field>
                        <field name="foldable" eval="True"/>
                        <field name="domain_formula">-sum([('tax_tag_ids','in',[ref('l10n_mn.vat_report_tag5'),ref('l10n_mn.vat_report_tag6'),ref('l10n_mn.vat_report_tag7'),ref('l10n_mn.vat_report_tag8'),ref('l10n_mn.vat_report_tag9'),ref('l10n_mn.vat_report_tag11'),ref('l10n_mn.vat_report_tag12'),ref('l10n_mn.vat_report_tag13'),ref('l10n_mn.vat_report_tag14'),ref('l10n_mn.vat_report_tag15'),ref('l10n_mn.vat_report_tag16'),ref('l10n_mn.vat_report_tag17'),ref('l10n_mn.vat_report_tag18'),ref('l10n_mn.vat_report_tag19'),ref('l10n_mn.vat_report_tag20'),ref('l10n_mn.vat_report_tag21'),ref('l10n_mn.vat_report_tag22'),ref('l10n_mn.vat_report_tag23'),ref('l10n_mn.vat_report_tag24'),ref('l10n_mn.vat_report_tag25')]),('tax_line_id','!=',False)])</field>
                    </record>
                    <record id="vat_report_line28" model="account.report.line">
                        <field name="name">Экспортонд гаргасан барааны борлуулалтын орлого (28)</field>
                        <field name="code">VAT_LINE28</field>
                        <field name="domain_formula">-sum([('tax_tag_ids','=',ref('l10n_mn.vat_report_tag28')),('tax_ids','!=',False)])</field>
                    </record>
                    <record id="vat_report_line29" model="account.report.line">
                        <field name="name">Экспортолсон үйлчилгээний  борлуулалтын орлого (29)</field>
                        <field name="code">VAT_LINE29</field>
                        <field name="domain_formula">-sum([('tax_tag_ids','=',ref('l10n_mn.vat_report_tag29')),('tax_ids','!=',False)])</field>
                    </record>
                    <record id="vat_report_line30" model="account.report.line">
                        <field name="name">Тухайн сарын НӨАТ ногдох экспортын бараа, ажил, үйлчилгээний орлого (30=28+29)</field>
                        <field name="code">VAT_LINE30</field>
                        <field name="aggregation_formula">VAT_LINE28.balance + VAT_LINE29.balance</field>
                    </record>
                    <record id="vat_report_line31" model="account.report.line">
                        <field name="name">Ногдуулсан татвар (31=30*0%)</field>
                        <field name="code">VAT_LINE31</field>
                        <field name="aggregation_formula">0</field>
                    </record>
                    <record id="vat_report_line32" model="account.report.line">
                        <field name="name">Тухайн сард ногдуулсан НӨАТ-ын нийт татвар (32=27+31)</field>
                        <field name="code">VAT_LINE32</field>
                        <field name="aggregation_formula">VAT_LINE27.balance + VAT_LINE31.balance</field>
                    </record>
                </field>
            </record>
            <record id="vat_report_lineB" model="account.report.line">
                <field name="name">Б. ТУХАЙН САРД ХУДАЛДАН АВСАН БАРАА, АЖИЛ, ҮЙЛЧИЛГЭЭНИЙ НӨАТ-ЫН ТООЦОО</field>
                <field name="code">VAT_LINEB</field>
                <field name="children_ids">
                    <record id="vat_report_line33" model="account.report.line">
                        <field name="name">Тухайн сард худалдан авсан бараа, ажил үйлчилгээний нийт дүн (33)</field>
                        <field name="code">VAT_LINE33</field>
                        <field name="domain_formula">sum([('tax_tag_ids','=',ref('l10n_mn.vat_report_tag33')),('tax_ids','!=',False)])</field>
                    </record>
                    <record id="vat_report_line34" model="account.report.line">
                        <field name="name">Тухайн сард худалдан авсан БАҮ-нээс НӨАТ-тай худалдан авсан бараа, ажил, үйлчилгээний дүн (34=35+...+38)</field>
                        <field name="code">VAT_LINE34</field>
                        <field name="aggregation_formula">VAT_LINE35.balance + VAT_LINE36.balance + VAT_LINE37.balance + VAT_LINE38.balance</field>
                    </record>
                    <record id="vat_report_line35" model="account.report.line">
                        <field name="name">Импортын бараа, ажил үйлчилгээний дүн ( НӨАТ-гүй дүн) (35)</field>
                        <field name="code">VAT_LINE35</field>
                        <field name="domain_formula">sum([('tax_tag_ids','=',ref('l10n_mn.vat_report_tag35')),('tax_ids','!=',False)])</field>
                    </record>
                    <record id="vat_report_line36" model="account.report.line">
                        <field name="name">Дотоодын зах зээлээс худалдан авсан бараа, ажил, үйлчилгээнд төлсөн дүн ( НӨАТ-гүй дүн) (36)</field>
                        <field name="code">VAT_LINE36</field>
                        <field name="domain_formula">sum([('tax_tag_ids','=',ref('l10n_mn.vat_report_tag36')),('tax_ids','!=',False)])</field>
                    </record>
                    <record id="vat_report_line37" model="account.report.line">
                        <field name="name">Суутган төлөгчөөр бүртгүүлэх үед импортоор худалдан авсан бараа, үйлчилгээний НӨАТ-гүй дүн (37)</field>
                        <field name="code">VAT_LINE37</field>
                        <field name="domain_formula">sum([('tax_tag_ids','=',ref('l10n_mn.vat_report_tag37')),('tax_ids','!=',False)])</field>
                    </record>
                    <record id="vat_report_line38" model="account.report.line">
                        <field name="name">Мал аж ахуй, газар тариалан эрхлэгчээс худалдан авсан бараа, үйлчилгээний НӨАТ-гүй дүн (38)</field>
                        <field name="code">VAT_LINE38</field>
                        <field name="domain_formula">sum([('tax_tag_ids','=',ref('l10n_mn.vat_report_tag38')),('tax_ids','!=',False)])</field>
                    </record>
                    <record id="vat_report_line39" model="account.report.line">
                        <field name="name">· Худалдан авсан бараа, ажил, үйлчилгээнд төлсөн  НӨАТ-ын  нийт дүн (39=34*10%)</field>
                        <field name="code">VAT_LINE39</field>
                        <field name="groupby">account_id</field>
                        <field name="foldable" eval="True"/>
                        <field name="domain_formula">sum([('tax_tag_ids','in',[ref('l10n_mn.vat_report_tag38'),ref('l10n_mn.vat_report_tag37'),ref('l10n_mn.vat_report_tag36'),ref('l10n_mn.vat_report_tag35')]),('tax_line_id','!=',False)])</field>
                    </record>
                    <record id="vat_report_line40" model="account.report.line">
                        <field name="name">· Худалдан авсан бараа, ажил, үйлчилгээнд төлсөн хасагдахгүй  НӨАТ-ын  дүн (40=41+...+46)</field>
                        <field name="code">VAT_LINE40</field>
                        <field name="aggregation_formula">VAT_LINE41.balance + VAT_LINE42.balance + VAT_LINE43.balance + VAT_LINE44.balance + VAT_LINE45.balance + VAT_LINE46.balance</field>
                    </record>
                    <record id="vat_report_line41" model="account.report.line">
                        <field name="name">Суудлын автомашин, түүний эд анги сэлбэгт төлсөн  НӨАТ (41)</field>
                        <field name="code">VAT_LINE41</field>
                        <field name="domain_formula">sum([('tax_tag_ids','=', ref('l10n_mn.vat_report_tag41')),('tax_line_id','!=',False)])</field>
                    </record>
                    <record id="vat_report_line42" model="account.report.line">
                        <field name="name">Хувьдаа болон ажиллагсдын хэрэгцээнд зориулж авсан бараа, үйлчилгээнд төлсөн НӨАТ (42)</field>
                        <field name="code">VAT_LINE42</field>
                        <field name="domain_formula">sum([('tax_tag_ids','=', ref('l10n_mn.vat_report_tag42')),('tax_line_id','!=',False)])</field>
                    </record>
                    <record id="vat_report_line43" model="account.report.line">
                        <field name="name">Үндсэн хөрөнгө бэлтгэхэд зориулж импортоор авсан бараа, үйлчилгээнд төлсөн  НӨАТ (43)</field>
                        <field name="code">VAT_LINE43</field>
                        <field name="domain_formula">sum([('tax_tag_ids','=', ref('l10n_mn.vat_report_tag43')),('tax_line_id','!=',False)])</field>
                    </record>
                    <record id="vat_report_line44" model="account.report.line">
                        <field name="name">Хуулийн 13-р зүйлд заасан чөлөөлөгдөх үйлдвэрлэл, үйлчилгээнд зориулж импортолсон бараа, үйлчилгээнд төлсөн НӨАТ (44)</field>
                        <field name="code">VAT_LINE44</field>
                        <field name="domain_formula">sum([('tax_tag_ids','=', ref('l10n_mn.vat_report_tag44')),('tax_line_id','!=',False)])</field>
                    </record>
                    <record id="vat_report_line45" model="account.report.line">
                        <field name="name">Хайгуулын ажил, ашиглалтын өмнөх ажиллагаанд зориулж импортоор авсан бараа, үйлчилгээнд төлсөн НӨАТ (45)</field>
                        <field name="code">VAT_LINE45</field>
                        <field name="domain_formula">sum([('tax_tag_ids','=', ref('l10n_mn.vat_report_tag45')),('tax_line_id','!=',False)])</field>
                    </record>
                    <record id="vat_report_line46" model="account.report.line">
                        <field name="name">Тайлант хугацааны албан татвар ногдох бараа, үйлчилгээтэй хамааралгүйгээр импортоор авсан бараа, үйлчилгээнд төлсөн НӨАТ (46)</field>
                        <field name="code">VAT_LINE46</field>
                        <field name="domain_formula">sum([('tax_tag_ids','=', ref('l10n_mn.vat_report_tag46')),('tax_line_id','!=',False)])</field>
                    </record>
                    <record id="vat_report_line47" model="account.report.line">
                        <field name="name">Тухайн сард хасагдах НӨАТ-ын дүн (47=39-40)</field>
                        <field name="code">VAT_LINE47</field>
                        <field name="aggregation_formula">VAT_LINE39.balance - VAT_LINE40.balance</field>
                    </record>
                </field>
            </record>
            <record id="vat_report_lineC" model="account.report.line">
                <field name="name">В. САНХҮҮГИЙН ТҮРЭЭС БОЛОН САНХҮҮЖИЛТИЙН ХЭЛЭЛЦЭЭРИЙН ЗҮЙЛИЙН НӨАТ-ЫН ТООЦОО</field>
                <field name="code">VAT_LINEC</field>
                <field name="children_ids">
                    <record id="vat_report_line48" model="account.report.line">
                        <field name="name">Санхүүгийн түрээсийн зүйлийг санхүүгийн түрээсээр дотоодын зах зээлд борлуулсны орлого (48)</field>
                        <field name="code">VAT_LINE48</field>
                        <field name="domain_formula">-sum([('tax_tag_ids','=',ref('l10n_mn.vat_report_tag48')),('tax_ids','!=',False)])</field>
                    </record>
                    <record id="vat_report_line49" model="account.report.line">
                        <field name="name">Факторинг, форфайтинг зэрэг тэдгээртэй адилтгах хэлцлийн үйлчилгээний орлого
 (49)</field>
                        <field name="code">VAT_LINE49</field>
                        <field name="domain_formula">-sum([('tax_tag_ids','=',ref('l10n_mn.vat_report_tag49')),('tax_ids','!=',False)])</field>
                    </record>
                    <record id="vat_report_line50" model="account.report.line">
                        <field name="name">Ногдуулсан НӨАТ (50=(48+49)*10%)</field>
                        <field name="code">VAT_LINE50</field>
                        <field name="groupby">account_id</field>
                        <field name="foldable" eval="True"/>
                        <field name="domain_formula">-sum([('tax_tag_ids','in',[ref('l10n_mn.vat_report_tag48'),ref('l10n_mn.vat_report_tag49')]),('tax_line_id','!=',False)])</field>
                    </record>
                    <record id="vat_report_line51" model="account.report.line">
                        <field name="name">Санхүүгийн түрээсийг санхүүгийн түрээсээр дотоодын зах зээлээс худалдан авахад төлсөн түрээсийн төлбөр (51)</field>
                        <field name="code">VAT_LINE51</field>
                        <field name="domain_formula">sum([('tax_tag_ids','=',ref('l10n_mn.vat_report_tag51')),('tax_ids','!=',False)])</field>
                    </record>
                    <record id="vat_report_line52" model="account.report.line">
                        <field name="name">Тайлант хугацааны албан татвар ногдох бараа, үйлчилгээнд хамааралгүйгээр импортоор авсан бараа, үйлчилгээнд төлсөн НӨАТ (52)</field>
                        <field name="code">VAT_LINE52</field>
                        <field name="domain_formula">sum([('tax_tag_ids','=',ref('l10n_mn.vat_report_tag52')),('tax_ids','!=',False)])</field>
                    </record>
                    <record id="vat_report_line53" model="account.report.line">
                        <field name="name">Хасагдах НӨАТ (53=(51+52)*10%)</field>
                        <field name="code">VAT_LINE53</field>
                        <field name="groupby">account_id</field>
                        <field name="foldable" eval="True"/>
                        <field name="domain_formula">sum([('tax_tag_ids','in',[ref('l10n_mn.vat_report_tag51'),ref('l10n_mn.vat_report_tag52')]),('tax_line_id','!=',False)])</field>
                    </record>
                </field>
            </record>
            <record id="vat_report_lineD" model="account.report.line">
                <field name="name">Г. ТУХАЙН САРЫН НЭМЭГДСЭН ӨРТГИЙН АЛБАН ТАТВАРЫН ТООЦООЛОЛ</field>
                <field name="code">VAT_LINED</field>
                <field name="children_ids">
                    <record id="vat_report_line54" model="account.report.line">
                        <field name="name">Тухайн сард төлбөл зохих НӨАТ (54=32+50)</field>
                        <field name="code">VAT_LINE54</field>
                        <field name="aggregation_formula">VAT_LINE32.balance + VAT_LINE50.balance</field>
                    </record>
                    <record id="vat_report_line55" model="account.report.line">
                        <field name="name">Тухайн сард буцаан авах НӨАТ (50=47+53)</field>
                        <field name="code">VAT_LINE55</field>
                        <field name="aggregation_formula">VAT_LINE47.balance + VAT_LINE53.balance</field>
                    </record>
                </field>
            </record>
            <record id="vat_report_lineE" model="account.report.line">
                <field name="name">Д. ӨМНӨХ  САРЫН ТАЙЛАНГИЙН  ЗАЛРУУЛГА</field>
                <field name="code">VAT_LINEE</field>
                <field name="children_ids">
                    <record id="vat_report_line56" model="account.report.line">
                        <field name="name">Борлуулалтын орлогын буцаалт, хөнгөлөлтийн дүн (56)</field>
                        <field name="code">VAT_LINE56</field>
                        <field name="domain_formula">sum([('account_id.code','=like','60%'),('account_id.account_type','=','income'),('tax_ids.type_tax_use','=','sale'),('tax_ids.amount','&gt;',0)])</field>
                    </record>
                    <record id="vat_report_line57" model="account.report.line">
                        <field name="name">Төлсөн НӨАТ (57=56*10%)</field>
                        <field name="code">VAT_LINE57</field>
                        <field name="aggregation_formula">VAT_LINE56.balance * 0.10</field>
                    </record>
                    <record id="vat_report_line58" model="account.report.line">
                        <field name="name">Худалдан авалтын буцаалт, хөнгөлөлтийн дүн (58)</field>
                        <field name="code">VAT_LINE58</field>
                        <field name="domain_formula">-sum([('credit','&gt;',0),('account_id.code','=like','1407%'),('account_id.account_type','=','asset_current'),('tax_ids.type_tax_use','=','purchase'),('tax_ids.amount','&gt;',0)])</field>
                    </record>
                    <record id="vat_report_line59" model="account.report.line">
                        <field name="name">Хасагдах НӨАТ (59=58*10%)</field>
                        <field name="code">VAT_LINE59</field>
                        <field name="aggregation_formula">VAT_LINE58.balance * 0.10</field>
                    </record>
                </field>
            </record>
            <record id="vat_report_lineF" model="account.report.line">
                <field name="name">Е. ТУХАЙН САРЫН НЭМЭГДСЭН ӨРТГИЙН АЛБАН ТАТВАРЫН ТООЦООЛОЛ</field>
                <field name="code">VAT_LINEF</field>
                <field name="children_ids">
                    <record id="vat_report_line60" model="account.report.line">
                        <field name="name">НИЙТ ТӨЛБӨЛ ЗОХИХ  НӨАТ (60=54-57)</field>
                        <field name="code">VAT_LINE60</field>
                        <field name="aggregation_formula">VAT_LINE54.balance - VAT_LINE57.balance</field>
                    </record>
                    <record id="vat_report_line61" model="account.report.line">
                        <field name="name">НИЙТ БУЦААН АВАХ НӨАТ (61=55-59)</field>
                        <field name="code">VAT_LINE61</field>
                        <field name="aggregation_formula">VAT_LINE55.balance - VAT_LINE59.balance</field>
                    </record>
                    <record id="vat_report_line62" model="account.report.line">
                        <field name="name">ЭЦСИЙН ТООЦООГООР ТӨЛБӨЛ ЗОХИХ НӨАТ (62=60-61)</field>
                        <field name="code">VAT_LINE62</field>
                        <field name="aggregation_formula">VAT_LINE60.balance - VAT_LINE61.balance</field>
                    </record>
                    <record id="vat_report_line63" model="account.report.line">
                        <field name="name">ЭЦСИЙН ТООЦООГООР БУЦААН АВАХ НӨАТ (63=60-61)</field>
                        <field name="code">VAT_LINE63</field>
                        <field name="aggregation_formula">(VAT_LINE60.balance - VAT_LINE61.balance) * -1</field>
                    </record>
                </field>
            </record>
        </field>
    </record>
</odoo>
