<?xml version="1.0" encoding="utf-8"?>
<odoo>

    <record id="default_chart_template" model="account.chart.template">
        <field name="property_account_receivable_id" ref="110010"/>
        <field name="property_account_payable_id" ref="220010"/>
        <field name="property_account_expense_categ_id" ref="600010"/>
        <field name="property_account_income_categ_id" ref="500010"/>
        <field name="property_stock_account_input_categ_id" ref="200010"/>
        <field name="property_stock_account_output_categ_id" ref="100050"/>
        <field name="property_stock_valuation_account_id" ref="100020"/>
        <field name="income_currency_exchange_account_id" ref="610440"/>
        <field name="expense_currency_exchange_account_id" ref="610440"/>
        <field name="default_pos_receivable_account_id" ref="110030" />
        <field name="use_anglo_saxon" eval="True"/>
    </record>

</odoo>
