<?xml version="1.0" encoding="utf-8"?>
<odoo>
    <record id="hr_payroll_structure_ken_employee_salary" model="hr.payroll.structure">
        <field name="name">Kenya: Regular Pay</field>
        <field name="code">KENMONTHLY</field>
        <field name="country_id" ref="base.ke"/>
        <field name="type_id" ref="l10n_ke_hr_payroll.structure_type_employee_ken"/>
        <field name="report_id" ref="l10n_ke_hr_payroll.action_report_payslip_ken"/>
    </record>
    <record id="l10n_ke_hr_payroll.structure_type_employee_ken" model="hr.payroll.structure.type">
        <field name="default_struct_id" ref="hr_payroll_structure_ken_employee_salary"/>
    </record>
</odoo>
