<?xml version="1.0" encoding="utf-8"?>
<odoo>
    <data noupdate="1">
        <record id="resource_calendar_std_45h" model="resource.calendar">
            <field name="name">Standard 45 hours/week</field>
            <field name="company_id" ref="base.main_company"/>
            <field name="hours_per_day">9</field>
            <field name="full_time_required_hours">45</field>
            <field name="attendance_ids"
                eval="[(5, 0, 0),
                    (0, 0, {'name': 'Monday Morning', 'dayofweek': '0', 'hour_from': 8, 'hour_to': 12, 'day_period': 'morning'}),
                    (0, 0, {'name': 'Monday Afternoon', 'dayofweek': '0', 'hour_from': 13, 'hour_to': 18.0, 'day_period': 'afternoon'}),
                    (0, 0, {'name': 'Tuesday Morning', 'dayofweek': '1', 'hour_from': 8, 'hour_to': 12, 'day_period': 'morning'}),
                    (0, 0, {'name': 'Tuesday Afternoon', 'dayofweek': '1', 'hour_from': 13, 'hour_to': 18.0, 'day_period': 'afternoon'}),
                    (0, 0, {'name': 'Wednesday Morning', 'dayofweek': '2', 'hour_from': 8, 'hour_to': 12, 'day_period': 'morning'}),
                    (0, 0, {'name': 'Wednesday Afternoon', 'dayofweek': '2', 'hour_from': 13, 'hour_to': 18.0, 'day_period': 'afternoon'}),
                    (0, 0, {'name': 'Thursday Morning', 'dayofweek': '3', 'hour_from': 8, 'hour_to': 12, 'day_period': 'morning'}),
                    (0, 0, {'name': 'Thursday Afternoon', 'dayofweek': '3', 'hour_from': 13, 'hour_to': 18.0, 'day_period': 'afternoon'}),
                    (0, 0, {'name': 'Friday Morning', 'dayofweek': '4', 'hour_from': 8, 'hour_to': 12, 'day_period': 'morning'}),
                    (0, 0, {'name': 'Friday Afternoon', 'dayofweek': '4', 'hour_from': 13, 'hour_to': 18.0, 'day_period': 'afternoon'})
                ]"
            />
        </record>
    </data>
</odoo>