<?xml version="1.0" encoding="utf-8"?>
<odoo>    
    <!-- Employee -->
    <record id="hr.employee_admin" model="hr.employee">
        <field name="hourly_cost">100</field>
    </record>

    <record id="hr.employee_vad" model="hr.employee">
        <field name="hourly_cost">35</field>
    </record>

    <record id="hr.employee_jth" model="hr.employee">
        <field name="hourly_cost">25</field>
    </record>

    <record id="hr.employee_niv" model="hr.employee">
        <field name="hourly_cost">45</field>
    </record>

    <record id="hr.employee_jod" model="hr.employee">
        <field name="hourly_cost">55</field>
    </record>

    <record id="hr.employee_jve" model="hr.employee">
        <field name="hourly_cost">15</field>
    </record>

    <record id="hr.employee_fme" model="hr.employee">
        <field name="hourly_cost">45</field>
    </record>

    <record id="hr.employee_chs" model="hr.employee">
        <field name="hourly_cost">20</field>
    </record>

    <record id="hr.employee_ngh" model="hr.employee">
        <field name="hourly_cost">40</field>
    </record>

    <record id="hr.employee_jgo" model="hr.employee">
        <field name="hourly_cost">45</field>
    </record>

    <record id="hr.employee_lur" model="hr.employee">
        <field name="hourly_cost">35</field>
    </record>

    <record id="hr.employee_jep" model="hr.employee">
        <field name="hourly_cost">25</field>
    </record>

    <record id="hr.employee_jog" model="hr.employee">
        <field name="hourly_cost">40</field>
    </record>

    <record id="hr.employee_fpi" model="hr.employee">
        <field name="hourly_cost">50</field>
    </record>

    <record id="hr.employee_mit" model="hr.employee">
        <field name="hourly_cost">15</field>
    </record>

    <record id="hr.employee_hne" model="hr.employee">
        <field name="hourly_cost">10</field>
    </record>

    <record id="hr.employee_qdp" model="hr.employee">
        <field name="hourly_cost">75</field>
        <field name="parent_id" ref="hr.employee_admin"/>
    </record>

    <record id="hr.employee_stw" model="hr.employee">
        <field name="hourly_cost">65</field>
    </record>

    <record id="hr.employee_al" model="hr.employee">
        <field name="hourly_cost">50</field>
    </record>

    <record id="hr.employee_han" model="hr.employee">
        <field name="hourly_cost">35</field>
    </record>
</odoo>
