<?xml version="1.0" encoding="utf-8"?>
<odoo>

    <record id="mn_chart_1" model="account.chart.template">
        <field name="name">Mongolia</field>
        <field name="bank_account_code_prefix">11</field>
        <field name="cash_account_code_prefix">10</field>
        <field name="transfer_account_code_prefix">1109</field>
        <field name="code_digits">8</field>
        <field name="currency_id" ref="base.MNT"/>
        <field name="use_anglo_saxon" eval="True"/>
        <field name="country_id" ref="base.mn"/>
    </record>

</odoo>
