<?xml version="1.0" encoding="utf-8"?>
<odoo>

    <record id="spreadsheet_dashboard_manufacturing" model="spreadsheet.dashboard">
        <field name="name">Manufacturing</field>
        <field name="data" type="base64" file="spreadsheet_dashboard_mrp_account/data/files/manufacturing_dashboard.json"/>
        <field name="dashboard_group_id" ref="spreadsheet_dashboard.spreadsheet_dashboard_group_logistics"/>
        <field name="group_ids" eval="[Command.link(ref('mrp.group_mrp_manager'))]"/>
        <field name="sequence">500</field>
    </record>

</odoo>
