<templates id="template" xml:space="preserve">
    <t t-name="website_forum.web_editor_toolbar" t-extend="web_editor.toolbar">
        <t t-jquery="li#heading1-dropdown-item" t-operation="replace"/>
        <t t-jquery="li#heading2-dropdown-item" t-operation="replace"/>
        <t t-jquery="li#heading3-dropdown-item" t-operation="replace"/>
        <t t-jquery="div#font-size" t-operation="replace"/>
        <t t-jquery="div#colorInputButtonGroup" t-operation="replace"/>
        <t t-jquery="div#toolbar" t-operation="append">
            <div id="history" class="btn-group">
                <div id="undo" data-call="undo" class="btn fa fa-undo"/>
                <div id="redo" data-call="redo" class="btn fa fa-repeat"/>
            </div>
        </t>
    </t>
</templates>
