<?xml version="1.0" encoding="utf-8"?>
<odoo>
    <!-- Exemption start -->
    <record id="fiscal_position_hr_S_exempt_tax_1" model="account.fiscal.position.tax.template">
        <field name="position_id" ref="fiscal_position_hr_exempt"/>
        <field name="tax_src_id" ref="VAT_S_IN_ROC_5"/>
        <field name="tax_dest_id" ref="VAT_S_other_exempt_O"/>
    </record>
    <record id="fiscal_position_hr_S_exempt_tax_2" model="account.fiscal.position.tax.template">
        <field name="position_id" ref="fiscal_position_hr_exempt"/>
        <field name="tax_src_id" ref="VAT_S_IN_ROC_13"/>
        <field name="tax_dest_id" ref="VAT_S_other_exempt_O"/>
    </record>
    <record id="fiscal_position_hr_S_exempt_tax_3" model="account.fiscal.position.tax.template">
        <field name="position_id" ref="fiscal_position_hr_exempt"/>
        <field name="tax_src_id" ref="VAT_S_IN_ROC_25"/>
        <field name="tax_dest_id" ref="VAT_S_other_exempt_O"/>
    </record>
    <record id="fiscal_position_hr_P_exempt_tax_1" model="account.fiscal.position.tax.template">
        <field name="position_id" ref="fiscal_position_hr_exempt"/>
        <field name="tax_src_id" ref="VAT_S_IN_ROC_5"/>
        <field name="tax_dest_id" ref="VAT_P_O"/>
    </record>
    <record id="fiscal_position_hr_P_exempt_tax_2" model="account.fiscal.position.tax.template">
        <field name="position_id" ref="fiscal_position_hr_exempt"/>
        <field name="tax_src_id" ref="VAT_S_IN_ROC_13"/>
        <field name="tax_dest_id" ref="VAT_P_O"/>
    </record>
    <record id="fiscal_position_hr_P_exempt_tax_3" model="account.fiscal.position.tax.template">
        <field name="position_id" ref="fiscal_position_hr_exempt"/>
        <field name="tax_src_id" ref="VAT_S_IN_ROC_25"/>
        <field name="tax_dest_id" ref="VAT_P_O"/>
    </record>
    <!-- Exemption end -->
    <!-- Eu partner start -->
    <record id="fiscal_position_S_G_hr_eu_1" model="account.fiscal.position.tax.template">
        <field name="position_id" ref="fiscal_position_hr_eu"/>
        <field name="tax_src_id" ref="VAT_S_IN_ROC_5"/>
        <field name="tax_dest_id" ref="VAT_S_EU_G"/>
    </record>
    <record id="fiscal_position_S_G_hr_eu_2" model="account.fiscal.position.tax.template">
        <field name="position_id" ref="fiscal_position_hr_eu"/>
        <field name="tax_src_id" ref="VAT_S_IN_ROC_13"/>
        <field name="tax_dest_id" ref="VAT_S_EU_G"/>
    </record>
    <record id="fiscal_position_S_G_hr_eu_3" model="account.fiscal.position.tax.template">
        <field name="position_id" ref="fiscal_position_hr_eu"/>
        <field name="tax_src_id" ref="VAT_S_IN_ROC_25"/>
        <field name="tax_dest_id" ref="VAT_S_EU_G"/>
    </record>
    <record id="fiscal_position_P_G_hr_eu_1" model="account.fiscal.position.tax.template">
        <field name="position_id" ref="fiscal_position_hr_eu"/>
        <field name="tax_src_id" ref="VAT_P_IN_ROC_5"/>
        <field name="tax_dest_id" ref="VAT_P_G_IN_EU_5"/>
    </record>
    <record id="fiscal_position_P_G_hr_eu_2" model="account.fiscal.position.tax.template">
        <field name="position_id" ref="fiscal_position_hr_eu"/>
        <field name="tax_src_id" ref="VAT_P_IN_ROC_13"/>
        <field name="tax_dest_id" ref="VAT_P_G_IN_EU_13"/>
    </record>
    <record id="fiscal_position_P_G_hr_eu_3" model="account.fiscal.position.tax.template">
        <field name="position_id" ref="fiscal_position_hr_eu"/>
        <field name="tax_src_id" ref="VAT_P_IN_ROC_25"/>
        <field name="tax_dest_id" ref="VAT_P_G_IN_EU_25"/>
    </record>
    <!-- Eu partner end  -->
    <!-- out Eu partner start -->
    <record id="fiscal_position_hr_S_out_eu_1" model="account.fiscal.position.tax.template">
        <field name="position_id" ref="fiscal_position_hr_eu_out"/>
        <field name="tax_src_id" ref="VAT_S_IN_ROC_5"/>
        <field name="tax_dest_id" ref="VAT_S_EX_O"/>
    </record>
    <record id="fiscal_position_hr_S_out_eu_2" model="account.fiscal.position.tax.template">
        <field name="position_id" ref="fiscal_position_hr_eu_out"/>
        <field name="tax_src_id" ref="VAT_S_IN_ROC_13"/>
        <field name="tax_dest_id" ref="VAT_S_EX_O"/>
    </record>
    <record id="fiscal_position_hr_S_out_eu_3" model="account.fiscal.position.tax.template">
        <field name="position_id" ref="fiscal_position_hr_eu_out"/>
        <field name="tax_src_id" ref="VAT_S_IN_ROC_25"/>
        <field name="tax_dest_id" ref="VAT_S_EX_O"/>
    </record>
    <record id="fiscal_position_hr_P_out_eu_1" model="account.fiscal.position.tax.template">
        <field name="position_id" ref="fiscal_position_hr_eu_out"/>
        <field name="tax_src_id" ref="VAT_P_IN_ROC_5"/>
        <field name="tax_dest_id" ref="VAT_P_NOT_IN_EU_5"/>
    </record>
    <record id="fiscal_position_hr_P_out_eu_2" model="account.fiscal.position.tax.template">
        <field name="position_id" ref="fiscal_position_hr_eu_out"/>
        <field name="tax_src_id" ref="VAT_P_IN_ROC_13"/>
        <field name="tax_dest_id" ref="VAT_P_NOT_IN_EU_13"/>
    </record>
    <record id="fiscal_position_hr_P_out_eu_3" model="account.fiscal.position.tax.template">
        <field name="position_id" ref="fiscal_position_hr_eu_out"/>
        <field name="tax_src_id" ref="VAT_P_IN_ROC_25"/>
        <field name="tax_dest_id" ref="VAT_P_NOT_IN_EU_25"/>
    </record>
</odoo>
