<?xml version="1.0" encoding="utf-8"?>
<odoo>
    <record id="l10n_hr_euro_chart_template" model="account.chart.template">
        <field name="property_account_receivable_id" ref="hr_120000"/>
        <field name="property_account_payable_id" ref="hr_220000"/>
        <field name="property_account_expense_categ_id" ref="hr_400000"/>
        <field name="property_account_income_categ_id" ref="hr_750000"/>
        <field name="income_currency_exchange_account_id" ref="hr_772000"/>
        <field name="expense_currency_exchange_account_id" ref="hr_475000"/>
        <field name="default_pos_receivable_account_id" ref="hr_120100"/>
    </record>
</odoo>
