<odoo>
    <data noupdate="1">
        <record id="fiscal_position_hr_exempt" model="account.fiscal.position.template">
            <field name="name">Exempt taxpayer</field>
            <field name="chart_template_id" ref="l10n_hr_euro_chart_template"/>
        </record>
        <!-- Domestic is not use but may be useful if the user want to create a tax for that particular fiscal pos -->
        <record id="fiscal_position_hr_national" model="account.fiscal.position.template">
            <field name="name">Domestic</field>
            <field name="sequence">10</field>
            <field name="chart_template_id" ref="l10n_hr_euro_chart_template"/>
            <field name="auto_apply" eval="True"/>
            <field name="vat_required" eval="True"/>
            <field name="country_id" ref="base.hr"/>
        </record>
        <!-- Partner private is not use but may be useful if the user want to create a tax for that particular fiscal pos -->
        <record id="fiscal_position_hr_person_private" model="account.fiscal.position.template">
            <field name="name">Partner private</field>
            <field name="sequence">20</field>
            <field name="chart_template_id" ref="l10n_hr_euro_chart_template"/>
            <field name="auto_apply" eval="True"/>
            <field name="country_group_id" ref="base.europe"/>
        </record>
        <record id="fiscal_position_hr_eu" model="account.fiscal.position.template">
            <field name="name">EU partner</field>
            <field name="sequence">30</field>
            <field name="chart_template_id" ref="l10n_hr_euro_chart_template"/>
            <field name="auto_apply" eval="True"/>
            <field name="vat_required" eval="True"/>
            <field name="country_group_id" ref="base.europe"/>
        </record>
        <record id="fiscal_position_hr_eu_out" model="account.fiscal.position.template">
            <field name="name">Partner outside the EU</field>
            <field name="sequence">40</field>
            <field name="chart_template_id" ref="l10n_hr_euro_chart_template"/>
            <field name="auto_apply" eval="True"/>
        </record>
    </data>
</odoo>
