<?xml version="1.0" encoding="utf-8"?>
<odoo>
    <menuitem id="account_reports_hr_statements_menu" name="Croatia" parent="account.menu_finance_reports" sequence="0" groups="account.group_account_readonly"/>
    <data>
        <!-- Account Chart Template -->
        <record id="l10n_hr_euro_chart_template" model="account.chart.template">
            <field name="name">RRIF account plan for entrepreneurs</field>
            <field name="bank_account_code_prefix">100</field>
            <field name="cash_account_code_prefix">102</field>
            <field name="transfer_account_code_prefix">1009</field>
            <field name="currency_id" ref="base.EUR"/>
            <field name="code_digits">6</field>
            <field name="country_id" ref="base.hr"/>
            <field name="use_storno_accounting" eval="True"/>
            <field name="spoken_languages" eval="'hr_HR'"/>
        </record>
    </data>
</odoo>
