<?xml version="1.0" encoding="utf-8"?>
<odoo>
    <record id="tax_report" model="account.report">
        <field name="name">Tax Report</field>
        <field name="root_report_id" ref="account.generic_tax_report"/>
        <field name="country_id" ref="base.jp"/>
        <field name="filter_fiscal_position" eval="True"/>
        <field name="availability_condition">country</field>
        <field name="column_ids">
            <record id="tax_report_balance" model="account.report.column">
                <field name="name">Balance</field>
                <field name="expression_label">balance</field>
            </record>
        </field>
        <field name="line_ids">
            <record id="tax_report_to_pay" model="account.report.line">
                <field name="name">支払対象税額</field>
                <field name="aggregation_formula">JIA_SHOU_SHUI_E_.balance + JIA_FU_SHUI_E_.balance</field>
                <field name="children_ids">
                    <record id="tax_report_to_pay_temp_tx" model="account.report.line">
                        <field name="name">仮受税額</field>
                        <field name="code">JIA_SHOU_SHUI_E_</field>
                        <field name="aggregation_formula">JIA_SHOU_XIAO_FEI_SHUI_8.balance + JIA_SHOU_XIAO_FEI_SHUI_10.balance + MIAN_SHUI_.balance + BU_KE_SHUI__JIA_SHOU_SHUI_E_.balance</field>
                        <field name="children_ids">
                            <record id="tax_report_to_pay_temp_tx_output_8" model="account.report.line">
                                <field name="name">仮受消費税(8%)</field>
                                <field name="code">JIA_SHOU_XIAO_FEI_SHUI_8</field>
                                <field name="expression_ids">
                                    <record id="tax_report_to_pay_temp_tx_output_8_tag" model="account.report.expression">
                                        <field name="label">balance</field>
                                        <field name="engine">tax_tags</field>
                                        <field name="formula">仮受消費税(8%)</field>
                                    </record>
                                </field>
                            </record>
                            <record id="tax_report_to_pay_temp_tx_output_10" model="account.report.line">
                                <field name="name">仮受消費税(10%)</field>
                                <field name="code">JIA_SHOU_XIAO_FEI_SHUI_10</field>
                                <field name="expression_ids">
                                    <record id="tax_report_to_pay_temp_tx_output_10_tag" model="account.report.expression">
                                        <field name="label">balance</field>
                                        <field name="engine">tax_tags</field>
                                        <field name="formula">仮受消費税(10%)</field>
                                    </record>
                                </field>
                            </record>
                            <record id="tax_report_to_pay_temp_tx_duty_free" model="account.report.line">
                                <field name="name">免税</field>
                                <field name="code">MIAN_SHUI_</field>
                                <field name="expression_ids">
                                    <record id="tax_report_to_pay_temp_tx_duty_free_tag" model="account.report.expression">
                                        <field name="label">balance</field>
                                        <field name="engine">tax_tags</field>
                                        <field name="formula">免税</field>
                                    </record>
                                </field>
                            </record>
                            <record id="tax_report_to_pay_temp_tx_tax_free" model="account.report.line">
                                <field name="name">不課税</field>
                                <field name="code">BU_KE_SHUI__JIA_SHOU_SHUI_E_</field>
                                <field name="expression_ids">
                                    <record id="tax_report_to_pay_temp_tx_tax_free_tag" model="account.report.expression">
                                        <field name="label">balance</field>
                                        <field name="engine">tax_tags</field>
                                        <field name="formula">不課税 (仮受税額)</field>
                                    </record>
                                </field>
                            </record>
                        </field>
                    </record>
                    <record id="tax_report_to_pay_temp_pmt" model="account.report.line">
                        <field name="name">仮払税額</field>
                        <field name="code">JIA_FU_SHUI_E_</field>
                        <field name="aggregation_formula">JIA_FU_XIAO_FEI_SHUI_8.balance + JIA_FU_XIAO_FEI_SHUI_10.balance + SHU_RU_.balance + BU_KE_SHUI__JIA_FU_SHUI_E_.balance</field>
                        <field name="children_ids">
                            <record id="tax_report_to_pay_temp_pmt_susp_cons_8" model="account.report.line">
                                <field name="name">仮払消費税(8%)</field>
                                <field name="code">JIA_FU_XIAO_FEI_SHUI_8</field>
                                <field name="expression_ids">
                                    <record id="tax_report_to_pay_temp_pmt_susp_cons_8_tag" model="account.report.expression">
                                        <field name="label">balance</field>
                                        <field name="engine">tax_tags</field>
                                        <field name="formula">仮払消費税(8%)</field>
                                    </record>
                                </field>
                            </record>
                            <record id="tax_report_to_pay_temp_pmt_susp_cons_10" model="account.report.line">
                                <field name="name">仮払消費税(10%)</field>
                                <field name="code">JIA_FU_XIAO_FEI_SHUI_10</field>
                                <field name="expression_ids">
                                    <record id="tax_report_to_pay_temp_pmt_susp_cons_10_tag" model="account.report.expression">
                                        <field name="label">balance</field>
                                        <field name="engine">tax_tags</field>
                                        <field name="formula">仮払消費税(10%)</field>
                                    </record>
                                </field>
                            </record>
                            <record id="tax_report_to_pay_temp_pmt_import_8" model="account.report.line">
                                <field name="name">輸入</field>
                                <field name="code">SHU_RU_</field>
                                <field name="expression_ids">
                                    <record id="tax_report_to_pay_temp_pmt_import_8_tag" model="account.report.expression">
                                        <field name="label">balance</field>
                                        <field name="engine">tax_tags</field>
                                        <field name="formula">輸入</field>
                                    </record>
                                </field>
                            </record>
                            <record id="tax_report_to_pay_temp_pmt_tax_free" model="account.report.line">
                                <field name="name">不課税</field>
                                <field name="code">BU_KE_SHUI__JIA_FU_SHUI_E_</field>
                                <field name="expression_ids">
                                    <record id="tax_report_to_pay_temp_pmt_tax_free_tag" model="account.report.expression">
                                        <field name="label">balance</field>
                                        <field name="engine">tax_tags</field>
                                        <field name="formula">不課税 (仮払税額)</field>
                                    </record>
                                </field>
                            </record>
                        </field>
                    </record>
                </field>
            </record>
            <record id="tax_report_comp_basis" model="account.report.line">
                <field name="name">税計算基準額</field>
                <field name="aggregation_formula">FAN_MAI_JI_ZHUN_E_.balance + GOU_MAI_JI_ZHUN_E_.balance</field>
                <field name="children_ids">
                    <record id="tax_report_comp_basis_sales" model="account.report.line">
                        <field name="name">販売基準額</field>
                        <field name="code">FAN_MAI_JI_ZHUN_E_</field>
                        <field name="aggregation_formula">KE_SHUI_DUI_XIANG_MAI_SHANG_8.balance + KE_SHUI_DUI_XIANG_MAI_SHANG_10.balance + MIAN_SHUI_MAI_SHANG_.balance + BU_KE_SHUI_MAI_SHANG_.balance</field>
                        <field name="children_ids">
                            <record id="tax_report_comp_basis_sales_taxable_8" model="account.report.line">
                                <field name="name">課税対象売上(8%)</field>
                                <field name="code">KE_SHUI_DUI_XIANG_MAI_SHANG_8</field>
                                <field name="expression_ids">
                                    <record id="tax_report_comp_basis_sales_taxable_8_tag" model="account.report.expression">
                                        <field name="label">balance</field>
                                        <field name="engine">tax_tags</field>
                                        <field name="formula">課税対象売上(8%)</field>
                                    </record>
                                </field>
                            </record>
                            <record id="tax_report_comp_basis_sales_taxable_10" model="account.report.line">
                                <field name="name">課税対象売上(10%)</field>
                                <field name="code">KE_SHUI_DUI_XIANG_MAI_SHANG_10</field>
                                <field name="expression_ids">
                                    <record id="tax_report_comp_basis_sales_taxable_10_tag" model="account.report.expression">
                                        <field name="label">balance</field>
                                        <field name="engine">tax_tags</field>
                                        <field name="formula">課税対象売上(10%)</field>
                                    </record>
                                </field>
                            </record>
                            <record id="tax_report_comp_basis_sales_duty_free" model="account.report.line">
                                <field name="name">免税売上</field>
                                <field name="code">MIAN_SHUI_MAI_SHANG_</field>
                                <field name="expression_ids">
                                    <record id="tax_report_comp_basis_sales_duty_free_tag" model="account.report.expression">
                                        <field name="label">balance</field>
                                        <field name="engine">tax_tags</field>
                                        <field name="formula">免税売上</field>
                                    </record>
                                </field>
                            </record>
                            <record id="tax_report_comp_basis_sales_tax_free" model="account.report.line">
                                <field name="name">不課税売上</field>
                                <field name="code">BU_KE_SHUI_MAI_SHANG_</field>
                                <field name="expression_ids">
                                    <record id="tax_report_comp_basis_sales_tax_free_tag" model="account.report.expression">
                                        <field name="label">balance</field>
                                        <field name="engine">tax_tags</field>
                                        <field name="formula">不課税売上</field>
                                    </record>
                                </field>
                            </record>
                        </field>
                    </record>
                    <record id="tax_report_comp_basis_purchases" model="account.report.line">
                        <field name="name">購買基準額</field>
                        <field name="code">GOU_MAI_JI_ZHUN_E_</field>
                        <field name="aggregation_formula">KE_SHUI_DUI_XIANG_SHI_RU_8.balance + KE_SHUI_DUI_XIANG_SHI_RU_10.balance + SHU_RU_SHI_RU_.balance + BU_KE_SHUI_SHI_RU_.balance</field>
                        <field name="children_ids">
                            <record id="tax_report_comp_basis_purchases_taxable_8" model="account.report.line">
                                <field name="name">課税対象仕入(8%)</field>
                                <field name="code">KE_SHUI_DUI_XIANG_SHI_RU_8</field>
                                <field name="expression_ids">
                                    <record id="tax_report_comp_basis_purchases_taxable_8_tag" model="account.report.expression">
                                        <field name="label">balance</field>
                                        <field name="engine">tax_tags</field>
                                        <field name="formula">課税対象仕入(8%)</field>
                                    </record>
                                </field>
                            </record>
                            <record id="tax_report_comp_basis_purchases_taxable_10" model="account.report.line">
                                <field name="name">課税対象仕入(10%)</field>
                                <field name="code">KE_SHUI_DUI_XIANG_SHI_RU_10</field>
                                <field name="expression_ids">
                                    <record id="tax_report_comp_basis_purchases_taxable_10_tag" model="account.report.expression">
                                        <field name="label">balance</field>
                                        <field name="engine">tax_tags</field>
                                        <field name="formula">課税対象仕入(10%)</field>
                                    </record>
                                </field>
                            </record>
                            <record id="tax_report_comp_basis_purchases_import" model="account.report.line">
                                <field name="name">輸入仕入</field>
                                <field name="code">SHU_RU_SHI_RU_</field>
                                <field name="expression_ids">
                                    <record id="tax_report_comp_basis_purchases_import_tag" model="account.report.expression">
                                        <field name="label">balance</field>
                                        <field name="engine">tax_tags</field>
                                        <field name="formula">輸入仕入</field>
                                    </record>
                                </field>
                            </record>
                            <record id="tax_report_comp_basis_purchases_tax_free" model="account.report.line">
                                <field name="name">不課税仕入</field>
                                <field name="code">BU_KE_SHUI_SHI_RU_</field>
                                <field name="expression_ids">
                                    <record id="tax_report_comp_basis_purchases_tax_free_tag" model="account.report.expression">
                                        <field name="label">balance</field>
                                        <field name="engine">tax_tags</field>
                                        <field name="formula">不課税仕入</field>
                                    </record>
                                </field>
                            </record>
                        </field>
                    </record>
                </field>
            </record>
        </field>
    </record>
</odoo>
