<?xml version="1.0" encoding="utf-8"?>
<odoo>
    <!-- Chart Template -->
    <record id="l10n_jp1" model="account.chart.template">
        <field name="name">日本勘定設定テンプレート</field>
        <field name="code_digits">7</field>
        <field name="bank_account_code_prefix">A11102</field>
        <field name="cash_account_code_prefix">A11105</field>
        <field name="transfer_account_code_prefix">A11109</field>
        <field name="currency_id" ref="base.JPY"/>
        <field name="country_id" ref="base.jp"/>
    </record>
</odoo>
