"name","chart_template_id:id","id","sequence","auto_apply","vat_required","country_id:id","country_group_id:id","note"
"Italia","l10n_it_chart_template_generic","it",1,1,1,base.it,,
"Regime Extra comunitario","l10n_it_chart_template_generic","extra",4,1,,,,
"Regime Intra comunitario privato","l10n_it_chart_template_generic","intra_private",2,1,,,base.europe,
"Regime Intra comunitario","l10n_it_chart_template_generic","intra",3,1,1,,base.europe,"Fattura emessa ai sensi dell’art. 17, comma 2 del DPR 26/10/1972 n. 633, l’applicazione dell’IVA è a carico del destinatario."
