<?xml version="1.0" encoding="utf-8"?>
<templates>

    <t t-name="spreadsheet_dashboard_documents.DocumentSelectorDialog" owl="1">
        <Dialog title="'Select a spreadsheet'">
            <div class="o_spreadsheet_selector_dialog">
                <div class="o-sp-dialog-spreadsheets">
                    <div class="o-sp-dialog-content">
                        <DocumentsSelectorPanel onSpreadsheetSelected.bind="onSpreadsheetSelected" displayBlank="false" />
                    </div>
                </div>
                <t t-set-slot="footer" owl="1">
                    <button class="btn btn-primary" t-on-click="_confirm">Confirm</button>
                    <button class="btn btn-secondary" t-on-click="_cancel">Cancel</button>
                </t>
            </div>
        </Dialog>
    </t>

</templates>
