<?xml version="1.0" encoding="utf-8"?>
<odoo>
    <record id="account_financial_report_l10n_at_paragraph_224_ugb" model="account.report">
        <field name="name">Bilanzdarstellung nach § 224 UGB</field>
        <field name="root_report_id" ref="account_reports.balance_sheet"/>
        <field name="filter_date_range" eval="False"/>
        <field name="filter_analytic_groupby" eval="True"/>
        <field name="country_id" ref="base.at"/>
        <field name="filter_multi_company">selector</field>
        <field name="column_ids">
            <record id="account_financial_report_l10n_at_paragraph_224_ugb_column" model="account.report.column">
                <field name="name">Balance</field>
                <field name="expression_label">balance</field>
            </record>
        </field>
        <field name="line_ids">
            <record id="account_financial_report_l10n_at_paragraph_224_ugb_line_root" model="account.report.line">
                <field name="name">Saldo im Sinne von Bilanzgewinn/Bilanzverlust</field>
                <field name="foldable" eval="True"/>
                <field name="aggregation_formula">A.balance - P.balance</field>
                <field name="children_ids">
                    <record id="account_financial_report_l10n_at_paragraph_224_ugb_line_activa" model="account.report.line">
                        <field name="name">Aktiva</field>
                        <field name="code">A</field>
                        <field name="foldable" eval="True"/>
                        <field name="aggregation_formula">AA.balance + AB.balance + AC.balance + AD.balance</field>
                        <field name="children_ids">
                            <record id="account_financial_report_l10n_at_paragraph_224_ugb_line_activa_1" model="account.report.line">
                                <field name="name">A. Anlagevermögen</field>
                                <field name="code">AA</field>
                                <field name="foldable" eval="True"/>
                                <field name="aggregation_formula">AAI.balance + AAII.balance</field>
                                <field name="children_ids">
                                    <record id="account_financial_report_l10n_at_paragraph_224_ugb_line_activa_11" model="account.report.line">
                                        <field name="name">I. Immaterielle Vermögensgegenstände</field>
                                        <field name="code">AAI</field>
                                        <field name="foldable" eval="True"/>
                                        <field name="aggregation_formula">AAI1.balance + AAI2.balance + AAI3.balance</field>
                                        <field name="children_ids">
                                            <record id="account_financial_report_l10n_at_paragraph_224_ugb_line_activa_111" model="account.report.line">
                                                <field name="name">1. Konzessionen, gewerbliche Schutzrechte und ähnliche Rechte und Vorteile sowie daraus abgeleitete Lizenzen</field>
                                                <field name="code">AAI1</field>
                                                <field name="groupby">account_id</field>
                                                <field name="foldable" eval="True"/>
                                                <field name="domain_formula">sum([('account_id.tag_ids', 'in', [ref('l10n_at.account_tag_l10n_at_AAI1')])])</field>
                                            </record>
                                            <record id="account_financial_report_l10n_at_paragraph_224_ugb_line_activa_112" model="account.report.line">
                                                <field name="name">2. Geschäfts(Firmen)wert</field>
                                                <field name="code">AAI2</field>
                                                <field name="groupby">account_id</field>
                                                <field name="foldable" eval="True"/>
                                                <field name="domain_formula">sum([('account_id.tag_ids', 'in', [ref('l10n_at.account_tag_l10n_at_AAI2')])])</field>
                                            </record>
                                            <record id="account_financial_report_l10n_at_paragraph_224_ugb_line_activa_113" model="account.report.line">
                                                <field name="name">3. geleistete Anzahlungen</field>
                                                <field name="code">AAI3</field>
                                                <field name="groupby">account_id</field>
                                                <field name="foldable" eval="True"/>
                                                <field name="domain_formula">sum([('account_id.tag_ids', 'in', [ref('l10n_at.account_tag_l10n_at_AAI3')])])</field>
                                            </record>
                                        </field>
                                    </record>
                                    <record id="account_financial_report_l10n_at_paragraph_224_ugb_line_activa_12" model="account.report.line">
                                        <field name="name">II. Sachanlagen</field>
                                        <field name="code">AAII</field>
                                        <field name="foldable" eval="True"/>
                                        <field name="aggregation_formula">AAII1.balance + AAII2.balance + AAII3.balance + AAII4.balance</field>
                                        <field name="children_ids">
                                            <record id="account_financial_report_l10n_at_paragraph_224_ugb_line_activa_121" model="account.report.line">
                                                <field name="name">1. Grundstücke, grundstücksgleiche Rechte und Bauten, einschließlich der Bauten auf fremdem Grund</field>
                                                <field name="code">AAII1</field>
                                                <field name="groupby">account_id</field>
                                                <field name="foldable" eval="True"/>
                                                <field name="domain_formula">sum([('account_id.tag_ids', 'in', [ref('l10n_at.account_tag_l10n_at_AAII1')])])</field>
                                            </record>
                                            <record id="account_financial_report_l10n_at_paragraph_224_ugb_line_activa_122" model="account.report.line">
                                                <field name="name">2. technische Anlagen und Maschinen</field>
                                                <field name="code">AAII2</field>
                                                <field name="groupby">account_id</field>
                                                <field name="foldable" eval="True"/>
                                                <field name="domain_formula">sum([('account_id.tag_ids', 'in', [ref('l10n_at.account_tag_l10n_at_AAII2')])])</field>
                                            </record>
                                            <record id="account_financial_report_l10n_at_paragraph_224_ugb_line_activa_123" model="account.report.line">
                                                <field name="name">3. andere Anlagen, Betriebs- und Geschäftsausstattung</field>
                                                <field name="code">AAII3</field>
                                                <field name="groupby">account_id</field>
                                                <field name="foldable" eval="True"/>
                                                <field name="domain_formula">sum([('account_id.tag_ids', 'in', [ref('l10n_at.account_tag_l10n_at_AAII3')])])</field>
                                            </record>
                                            <record id="account_financial_report_l10n_at_paragraph_224_ugb_line_activa_124" model="account.report.line">
                                                <field name="name">4. geleistete Anzahlungen und Anlagen in Bau</field>
                                                <field name="code">AAII4</field>
                                                <field name="groupby">account_id</field>
                                                <field name="foldable" eval="True"/>
                                                <field name="domain_formula">sum([('account_id.tag_ids', 'in', [ref('l10n_at.account_tag_l10n_at_AAII4')])])</field>
                                            </record>
                                        </field>
                                    </record>
                                    <record id="account_financial_report_l10n_at_paragraph_224_ugb_line_activa_13" model="account.report.line">
                                        <field name="name">III. Finanzanlagen</field>
                                        <field name="code">AAIII</field>
                                        <field name="foldable" eval="True"/>
                                        <field name="domain_formula">sum([('account_id.tag_ids', 'in', [ref('l10n_at.account_tag_l10n_at_AAIII')])])</field>
                                        <field name="children_ids">
                                            <record id="account_financial_report_l10n_at_paragraph_224_ugb_line_activa_131" model="account.report.line">
                                                <field name="name">1. Anteile an verbundenen Unternehmen</field>
                                                <field name="code">AAIII1</field>
                                                <field name="groupby">account_id</field>
                                                <field name="foldable" eval="True"/>
                                                <field name="domain_formula">sum([('account_id.tag_ids', 'in', [ref('l10n_at.account_tag_l10n_at_AAIII1')])])</field>
                                            </record>
                                            <record id="account_financial_report_l10n_at_paragraph_224_ugb_line_activa_132" model="account.report.line">
                                                <field name="name">2. Ausleihungen an verbundene Unternehmen</field>
                                                <field name="code">AAIII2</field>
                                                <field name="groupby">account_id</field>
                                                <field name="foldable" eval="True"/>
                                                <field name="domain_formula">sum([('account_id.tag_ids', 'in', [ref('l10n_at.account_tag_l10n_at_AAIII2')])])</field>
                                            </record>
                                            <record id="account_financial_report_l10n_at_paragraph_224_ugb_line_activa_133" model="account.report.line">
                                                <field name="name">3. Beteiligungen</field>
                                                <field name="code">AAIII3</field>
                                                <field name="groupby">account_id</field>
                                                <field name="foldable" eval="True"/>
                                                <field name="domain_formula">sum([('account_id.tag_ids', 'in', [ref('l10n_at.account_tag_l10n_at_AAIII3')])])</field>
                                            </record>
                                            <record id="account_financial_report_l10n_at_paragraph_224_ugb_line_activa_134" model="account.report.line">
                                                <field name="name">4. Ausleihungen an Unternehmen, mit denen ein Beteiligungsverhältnis besteht</field>
                                                <field name="code">AAIII4</field>
                                                <field name="groupby">account_id</field>
                                                <field name="foldable" eval="True"/>
                                                <field name="domain_formula">sum([('account_id.tag_ids', 'in', [ref('l10n_at.account_tag_l10n_at_AAIII4')])])</field>
                                            </record>
                                            <record id="account_financial_report_l10n_at_paragraph_224_ugb_line_activa_135" model="account.report.line">
                                                <field name="name">5. Wertpapiere (Wertrechte) des Anlagevermögens</field>
                                                <field name="code">AAIII5</field>
                                                <field name="groupby">account_id</field>
                                                <field name="foldable" eval="True"/>
                                                <field name="domain_formula">sum([('account_id.tag_ids', 'in', [ref('l10n_at.account_tag_l10n_at_AAIII5')])])</field>
                                            </record>
                                            <record id="account_financial_report_l10n_at_paragraph_224_ugb_line_activa_136" model="account.report.line">
                                                <field name="name">6. sonstige Ausleihungen</field>
                                                <field name="code">AAIII6</field>
                                                <field name="groupby">account_id</field>
                                                <field name="foldable" eval="True"/>
                                                <field name="domain_formula">sum([('account_id.tag_ids', 'in', [ref('l10n_at.account_tag_l10n_at_AAIII6')])])</field>
                                            </record>
                                        </field>
                                    </record>
                                </field>
                            </record>
                            <record id="account_financial_report_l10n_at_paragraph_224_ugb_line_activa_2" model="account.report.line">
                                <field name="name">B. Umlaufvermögen</field>
                                <field name="code">AB</field>
                                <field name="foldable" eval="True"/>
                                <field name="aggregation_formula">ABI.balance + ABII.balance + ABIII.balance + ABIV.balance</field>
                                <field name="children_ids">
                                    <record id="account_financial_report_l10n_at_paragraph_224_ugb_line_activa_21" model="account.report.line">
                                        <field name="name">I. Vorräte</field>
                                        <field name="code">ABI</field>
                                        <field name="foldable" eval="True"/>
                                        <field name="aggregation_formula">ABI1.balance + ABI2.balance + ABI3.balance + ABI4.balance + ABI5.balance</field>
                                        <field name="children_ids">
                                            <record id="account_financial_report_l10n_at_paragraph_224_ugb_line_activa_211" model="account.report.line">
                                                <field name="name">1. Roh-, Hilfs- und Betriebsstoffe</field>
                                                <field name="code">ABI1</field>
                                                <field name="groupby">account_id</field>
                                                <field name="foldable" eval="True"/>
                                                <field name="domain_formula">sum([('account_id.tag_ids', 'in', [ref('l10n_at.account_tag_l10n_at_ABI1')])])</field>
                                            </record>
                                            <record id="account_financial_report_l10n_at_paragraph_224_ugb_line_activa_212" model="account.report.line">
                                                <field name="name">2. unfertige Erzeugnisse</field>
                                                <field name="code">ABI2</field>
                                                <field name="groupby">account_id</field>
                                                <field name="foldable" eval="True"/>
                                                <field name="domain_formula">sum([('account_id.tag_ids', 'in', [ref('l10n_at.account_tag_l10n_at_ABI2')])])</field>
                                            </record>
                                            <record id="account_financial_report_l10n_at_paragraph_224_ugb_line_activa_213" model="account.report.line">
                                                <field name="name">3. fertige Erzeugnisse und Waren</field>
                                                <field name="code">ABI3</field>
                                                <field name="groupby">account_id</field>
                                                <field name="foldable" eval="True"/>
                                                <field name="domain_formula">sum([('account_id.tag_ids', 'in', [ref('l10n_at.account_tag_l10n_at_ABI3')])])</field>
                                            </record>
                                            <record id="account_financial_report_l10n_at_paragraph_224_ugb_line_activa_214" model="account.report.line">
                                                <field name="name">4. noch nicht abrechenbare Leistungen</field>
                                                <field name="code">ABI4</field>
                                                <field name="groupby">account_id</field>
                                                <field name="foldable" eval="True"/>
                                                <field name="domain_formula">sum([('account_id.tag_ids', 'in', [ref('l10n_at.account_tag_l10n_at_ABI4')])])</field>
                                            </record>
                                            <record id="account_financial_report_l10n_at_paragraph_224_ugb_line_activa_215" model="account.report.line">
                                                <field name="name">5. geleistete Anzahlungen</field>
                                                <field name="code">ABI5</field>
                                                <field name="groupby">account_id</field>
                                                <field name="foldable" eval="True"/>
                                                <field name="domain_formula">sum([('account_id.tag_ids', 'in', [ref('l10n_at.account_tag_l10n_at_ABI5')])])</field>
                                            </record>
                                        </field>
                                    </record>
                                    <record id="account_financial_report_l10n_at_paragraph_224_ugb_line_activa_22" model="account.report.line">
                                        <field name="name">II. Forderungen und sonstige Vermögensgegenstände</field>
                                        <field name="code">ABII</field>
                                        <field name="foldable" eval="True"/>
                                        <field name="aggregation_formula">ABII1.balance + ABII2.balance + ABII3.balance + ABII4.balance</field>
                                        <field name="children_ids">
                                            <record id="account_financial_report_l10n_at_paragraph_224_ugb_line_activa_221" model="account.report.line">
                                                <field name="name">1. Forderungen aus Lieferungen und Leistungen</field>
                                                <field name="code">ABII1</field>
                                                <field name="groupby">account_id</field>
                                                <field name="foldable" eval="True"/>
                                                <field name="domain_formula">sum([('account_id.tag_ids', 'in', [ref('l10n_at.account_tag_l10n_at_ABII1')])])</field>
                                            </record>
                                            <record id="account_financial_report_l10n_at_paragraph_224_ugb_line_activa_222" model="account.report.line">
                                                <field name="name">2. Forderungen gegenüber verbundenen Unternehmen</field>
                                                <field name="code">ABII2</field>
                                                <field name="groupby">account_id</field>
                                                <field name="foldable" eval="True"/>
                                                <field name="domain_formula">sum([('account_id.tag_ids', 'in', [ref('l10n_at.account_tag_l10n_at_ABII2')])])</field>
                                            </record>
                                            <record id="account_financial_report_l10n_at_paragraph_224_ugb_line_activa_223" model="account.report.line">
                                                <field name="name">3. Forderungen gegenüber Unternehmen, mit denen ein Beteiligungsverhältnis besteht</field>
                                                <field name="code">ABII3</field>
                                                <field name="groupby">account_id</field>
                                                <field name="foldable" eval="True"/>
                                                <field name="domain_formula">sum([('account_id.tag_ids', 'in', [ref('l10n_at.account_tag_l10n_at_ABII3')])])</field>
                                            </record>
                                            <record id="account_financial_report_l10n_at_paragraph_224_ugb_line_activa_224" model="account.report.line">
                                                <field name="name">4. sonstige Forderungen und Vermögensgegenstände</field>
                                                <field name="code">ABII4</field>
                                                <field name="groupby">account_id</field>
                                                <field name="foldable" eval="True"/>
                                                <field name="domain_formula">sum([('account_id.tag_ids', 'in', [ref('l10n_at.account_tag_l10n_at_ABII4')])])</field>
                                            </record>
                                        </field>
                                    </record>
                                    <record id="account_financial_report_l10n_at_paragraph_224_ugb_line_activa_23" model="account.report.line">
                                        <field name="name">III. Wertpapiere und Anteile</field>
                                        <field name="code">ABIII</field>
                                        <field name="foldable" eval="True"/>
                                        <field name="domain_formula">sum([('account_id.tag_ids', 'in', [ref('l10n_at.account_tag_l10n_at_ABIII')])])</field>
                                        <field name="children_ids">
                                            <record id="account_financial_report_l10n_at_paragraph_224_ugb_line_activa_231" model="account.report.line">
                                                <field name="name">1. Anteile an verbundenen Unternehmen</field>
                                                <field name="code">ABIII1</field>
                                                <field name="groupby">account_id</field>
                                                <field name="foldable" eval="True"/>
                                                <field name="domain_formula">sum([('account_id.tag_ids', 'in', [ref('l10n_at.account_tag_l10n_at_ABIII1')])])</field>
                                            </record>
                                            <record id="account_financial_report_l10n_at_paragraph_224_ugb_line_activa_232" model="account.report.line">
                                                <field name="name">2. sonstige Wertpapiere und Anteile</field>
                                                <field name="code">ABIII2</field>
                                                <field name="groupby">account_id</field>
                                                <field name="foldable" eval="True"/>
                                                <field name="domain_formula">sum([('account_id.tag_ids', 'in', [ref('l10n_at.account_tag_l10n_at_ABIII2')])])</field>
                                            </record>
                                        </field>
                                    </record>
                                    <record id="account_financial_report_l10n_at_paragraph_224_ugb_line_activa_24" model="account.report.line">
                                        <field name="name">IV. Kassenbestand, Guthaben bei Kreditinstituten</field>
                                        <field name="code">ABIV</field>
                                        <field name="groupby">account_id</field>
                                        <field name="foldable" eval="True"/>
                                        <field name="domain_formula">sum([('account_id.tag_ids', 'in', [ref('l10n_at.account_tag_l10n_at_ABIV')])])</field>
                                    </record>
                                </field>
                            </record>
                            <record id="account_financial_report_l10n_at_paragraph_224_ugb_line_activa_3" model="account.report.line">
                                <field name="name">C. Rechnungsabgrenzungsposten</field>
                                <field name="code">AC</field>
                                <field name="groupby">account_id</field>
                                <field name="foldable" eval="True"/>
                                <field name="domain_formula">sum([('account_id.tag_ids', 'in', [ref('l10n_at.account_tag_l10n_at_AC')])])</field>
                            </record>
                            <record id="account_financial_report_l10n_at_paragraph_224_ugb_line_activa_4" model="account.report.line">
                                <field name="name">D. Aktive latente Steuern</field>
                                <field name="code">AD</field>
                                <field name="groupby">account_id</field>
                                <field name="foldable" eval="True"/>
                                <field name="domain_formula">sum([('account_id.tag_ids', 'in', [ref('l10n_at.account_tag_l10n_at_AD')])])</field>
                            </record>
                        </field>
                    </record>
                    <record id="account_financial_report_l10n_at_paragraph_224_ugb_line_passiva" model="account.report.line">
                        <field name="name">Passiva</field>
                        <field name="code">P</field>
                        <field name="foldable" eval="True"/>
                        <field name="aggregation_formula">PA.balance + PB.balance + PC.balance + PD.balance</field>
                        <field name="children_ids">
                            <record id="account_financial_report_l10n_at_paragraph_224_ugb_line_passiva_1" model="account.report.line">
                                <field name="name">A. Eigenkapital</field>
                                <field name="code">PA</field>
                                <field name="foldable" eval="True"/>
                                <field name="aggregation_formula">PAI.balance + PAII.balance + PAIII.balance + PAIV.balance</field>
                                <field name="children_ids">
                                    <record id="account_financial_report_l10n_at_paragraph_224_ugb_line_passiva_11" model="account.report.line">
                                        <field name="name">I. Nennkapital (Stammkapital)</field>
                                        <field name="code">PAI</field>
                                        <field name="groupby">account_id</field>
                                        <field name="foldable" eval="True"/>
                                        <field name="domain_formula">-sum([('account_id.tag_ids', 'in', [ref('l10n_at.account_tag_l10n_at_PAI')])])</field>
                                    </record>
                                    <record id="account_financial_report_l10n_at_paragraph_224_ugb_line_passiva_12" model="account.report.line">
                                        <field name="name">II. Kapitalrücklagen</field>
                                        <field name="code">PAII</field>
                                        <field name="foldable" eval="True"/>
                                        <field name="domain_formula">-sum([('account_id.tag_ids', 'in', [ref('l10n_at.account_tag_l10n_at_PAII')])])</field>
                                        <field name="children_ids">
                                            <record id="account_financial_report_l10n_at_paragraph_224_ugb_line_passiva_121" model="account.report.line">
                                                <field name="name">1. gebundene Kapitalanlagen</field>
                                                <field name="code">PAII1</field>
                                                <field name="groupby">account_id</field>
                                                <field name="foldable" eval="True"/>
                                                <field name="domain_formula">-sum([('account_id.tag_ids', 'in', [ref('l10n_at.account_tag_l10n_at_PAII1')])])</field>
                                            </record>
                                            <record id="account_financial_report_l10n_at_paragraph_224_ugb_line_passiva_122" model="account.report.line">
                                                <field name="name">2. nicht gebundene Kapitalanlagen</field>
                                                <field name="code">PAII2</field>
                                                <field name="groupby">account_id</field>
                                                <field name="foldable" eval="True"/>
                                                <field name="domain_formula">-sum([('account_id.tag_ids', 'in', [ref('l10n_at.account_tag_l10n_at_PAII2')])])</field>
                                            </record>
                                        </field>
                                    </record>
                                    <record id="account_financial_report_l10n_at_paragraph_224_ugb_line_passiva_13" model="account.report.line">
                                        <field name="name">III. Gewinnrücklagen</field>
                                        <field name="code">PAIII</field>
                                        <field name="foldable" eval="True"/>
                                        <field name="domain_formula">-sum([('account_id.tag_ids', 'in', [ref('l10n_at.account_tag_l10n_at_PAIII')])])</field>
                                        <field name="children_ids">
                                            <record id="account_financial_report_l10n_at_paragraph_224_ugb_line_passiva_131" model="account.report.line">
                                                <field name="name">1. gesetzliche Rücklage</field>
                                                <field name="code">PAIII1</field>
                                                <field name="groupby">account_id</field>
                                                <field name="foldable" eval="True"/>
                                                <field name="domain_formula">-sum([('account_id.tag_ids', 'in', [ref('l10n_at.account_tag_l10n_at_PAIII1')])])</field>
                                            </record>
                                            <record id="account_financial_report_l10n_at_paragraph_224_ugb_line_passiva_132" model="account.report.line">
                                                <field name="name">2. satzungsmäßige Rücklagen</field>
                                                <field name="code">PAIII2</field>
                                                <field name="groupby">account_id</field>
                                                <field name="foldable" eval="True"/>
                                                <field name="domain_formula">-sum([('account_id.tag_ids', 'in', [ref('l10n_at.account_tag_l10n_at_PAIII2')])])</field>
                                            </record>
                                            <record id="account_financial_report_l10n_at_paragraph_224_ugb_line_passiva_133" model="account.report.line">
                                                <field name="name">3. andere Rücklagen (freie Rücklagen)</field>
                                                <field name="code">PAIII3</field>
                                                <field name="groupby">account_id</field>
                                                <field name="foldable" eval="True"/>
                                                <field name="domain_formula">-sum([('account_id.tag_ids', 'in', [ref('l10n_at.account_tag_l10n_at_PAIII3')])])</field>
                                            </record>
                                        </field>
                                    </record>
                                    <record id="account_financial_report_l10n_at_paragraph_224_ugb_line_passiva_14" model="account.report.line">
                                        <field name="name">IV. Bilanzgewinn (Bilanzverlust)</field>
                                        <field name="code">PAIV</field>
                                        <field name="groupby">account_id</field>
                                        <field name="foldable" eval="True"/>
                                        <field name="domain_formula">-sum([('account_id.tag_ids', 'in', [ref('l10n_at.account_tag_l10n_at_PAIV')])])</field>
                                    </record>
                                </field>
                            </record>
                            <record id="account_financial_report_l10n_at_paragraph_224_ugb_line_passiva_2" model="account.report.line">
                                <field name="name">B. Rückstellungen</field>
                                <field name="code">PB</field>
                                <field name="foldable" eval="True"/>
                                <field name="expression_ids">
                                    <record id="account_financial_report_l10n_at_paragraph_224_ugb_line_passiva_2_balance" model="account.report.expression">
                                        <field name="label">balance</field>
                                        <field name="engine">aggregation</field>
                                        <field name="formula">PBI.balance + PBII.balance + PBIII.balance + PBIV.balance</field>
                                        <field name="green_on_positive" eval="False"/>
                                    </record>
                                </field>
                                <field name="children_ids">
                                    <record id="account_financial_report_l10n_at_paragraph_224_ugb_line_passiva_21" model="account.report.line">
                                        <field name="name">I. Rückstellungen für Abfertigungen</field>
                                        <field name="code">PBI</field>
                                        <field name="groupby">account_id</field>
                                        <field name="foldable" eval="True"/>
                                        <field name="expression_ids">
                                            <record id="account_financial_report_l10n_at_paragraph_224_ugb_line_passiva_21_balance" model="account.report.expression">
                                                <field name="label">balance</field>
                                                <field name="engine">domain</field>
                                                <field name="formula" eval="[('account_id.tag_ids', 'in', [ref('l10n_at.account_tag_l10n_at_PBI')])]"/>
                                                <field name="subformula">-sum</field>
                                                <field name="green_on_positive" eval="False"/>
                                            </record>
                                        </field>
                                    </record>
                                    <record id="account_financial_report_l10n_at_paragraph_224_ugb_line_passiva_22" model="account.report.line">
                                        <field name="name">II. Rückstellungen für Pensionen</field>
                                        <field name="code">PBII</field>
                                        <field name="groupby">account_id</field>
                                        <field name="foldable" eval="True"/>
                                        <field name="expression_ids">
                                            <record id="account_financial_report_l10n_at_paragraph_224_ugb_line_passiva_22_balance" model="account.report.expression">
                                                <field name="label">balance</field>
                                                <field name="engine">domain</field>
                                                <field name="formula" eval="[('account_id.tag_ids', 'in', [ref('l10n_at.account_tag_l10n_at_PBII')])]"/>
                                                <field name="subformula">-sum</field>
                                                <field name="green_on_positive" eval="False"/>
                                            </record>
                                        </field>
                                    </record>
                                    <record id="account_financial_report_l10n_at_paragraph_224_ugb_line_passiva_23" model="account.report.line">
                                        <field name="name">III. Steuerrückstellungen</field>
                                        <field name="code">PBIII</field>
                                        <field name="groupby">account_id</field>
                                        <field name="foldable" eval="True"/>
                                        <field name="expression_ids">
                                            <record id="account_financial_report_l10n_at_paragraph_224_ugb_line_passiva_23_balance" model="account.report.expression">
                                                <field name="label">balance</field>
                                                <field name="engine">domain</field>
                                                <field name="formula" eval="[('account_id.tag_ids', 'in', [ref('l10n_at.account_tag_l10n_at_PBIII')])]"/>
                                                <field name="subformula">-sum</field>
                                                <field name="green_on_positive" eval="False"/>
                                            </record>
                                        </field>
                                    </record>
                                    <record id="account_financial_report_l10n_at_paragraph_224_ugb_line_passiva_24" model="account.report.line">
                                        <field name="name">IV. sonstige Rückstellungen</field>
                                        <field name="code">PBIV</field>
                                        <field name="groupby">account_id</field>
                                        <field name="foldable" eval="True"/>
                                        <field name="expression_ids">
                                            <record id="account_financial_report_l10n_at_paragraph_224_ugb_line_passiva_24_balance" model="account.report.expression">
                                                <field name="label">balance</field>
                                                <field name="engine">domain</field>
                                                <field name="formula" eval="[('account_id.tag_ids', 'in', [ref('l10n_at.account_tag_l10n_at_PBIV')])]"/>
                                                <field name="subformula">-sum</field>
                                                <field name="green_on_positive" eval="False"/>
                                            </record>
                                        </field>
                                    </record>
                                </field>
                            </record>
                            <record id="account_financial_report_l10n_at_paragraph_224_ugb_line_passiva_3" model="account.report.line">
                                <field name="name">C. Verbindlichkeiten</field>
                                <field name="code">PC</field>
                                <field name="foldable" eval="True"/>
                                <field name="expression_ids">
                                    <record id="account_financial_report_l10n_at_paragraph_224_ugb_line_passiva_3_balance" model="account.report.expression">
                                        <field name="label">balance</field>
                                        <field name="engine">aggregation</field>
                                        <field name="formula">PCI.balance + PCII.balance + PCIII.balance + PCIV.balance + PCV.balance + PCVI.balance + PCVII.balance + PCVIII.balance</field>
                                        <field name="green_on_positive" eval="False"/>
                                    </record>
                                </field>
                                <field name="children_ids">
                                    <record id="account_financial_report_l10n_at_paragraph_224_ugb_line_passiva_31" model="account.report.line">
                                        <field name="name">I. Anleihen, davon konvertibel</field>
                                        <field name="code">PCI</field>
                                        <field name="groupby">account_id</field>
                                        <field name="foldable" eval="True"/>
                                        <field name="expression_ids">
                                            <record id="account_financial_report_l10n_at_paragraph_224_ugb_line_passiva_31_balance" model="account.report.expression">
                                                <field name="label">balance</field>
                                                <field name="engine">domain</field>
                                                <field name="formula" eval="[('account_id.tag_ids', 'in', [ref('l10n_at.account_tag_l10n_at_PCI')])]"/>
                                                <field name="subformula">-sum</field>
                                                <field name="green_on_positive" eval="False"/>
                                            </record>
                                        </field>
                                    </record>
                                    <record id="account_financial_report_l10n_at_paragraph_224_ugb_line_passiva_32" model="account.report.line">
                                        <field name="name">II. Verbindlichkeiten gegenüber Kreditinstituten</field>
                                        <field name="code">PCII</field>
                                        <field name="groupby">account_id</field>
                                        <field name="foldable" eval="True"/>
                                        <field name="expression_ids">
                                            <record id="account_financial_report_l10n_at_paragraph_224_ugb_line_passiva_32_balance" model="account.report.expression">
                                                <field name="label">balance</field>
                                                <field name="engine">domain</field>
                                                <field name="formula" eval="[('account_id.tag_ids', 'in', [ref('l10n_at.account_tag_l10n_at_PCII')])]"/>
                                                <field name="subformula">-sum</field>
                                                <field name="green_on_positive" eval="False"/>
                                            </record>
                                        </field>
                                    </record>
                                    <record id="account_financial_report_l10n_at_paragraph_224_ugb_line_passiva_33" model="account.report.line">
                                        <field name="name">III. erhaltene Anzahlungen auf Bestellungen</field>
                                        <field name="code">PCIII</field>
                                        <field name="groupby">account_id</field>
                                        <field name="foldable" eval="True"/>
                                        <field name="expression_ids">
                                            <record id="account_financial_report_l10n_at_paragraph_224_ugb_line_passiva_33_balance" model="account.report.expression">
                                                <field name="label">balance</field>
                                                <field name="engine">domain</field>
                                                <field name="formula" eval="[('account_id.tag_ids', 'in', [ref('l10n_at.account_tag_l10n_at_PCIII')])]"/>
                                                <field name="subformula">-sum</field>
                                                <field name="green_on_positive" eval="False"/>
                                            </record>
                                        </field>
                                    </record>
                                    <record id="account_financial_report_l10n_at_paragraph_224_ugb_line_passiva_34" model="account.report.line">
                                        <field name="name">IV. Verbindlichkeiten aus Lieferungen und Leistungen</field>
                                        <field name="code">PCIV</field>
                                        <field name="groupby">account_id</field>
                                        <field name="foldable" eval="True"/>
                                        <field name="expression_ids">
                                            <record id="account_financial_report_l10n_at_paragraph_224_ugb_line_passiva_34_balance" model="account.report.expression">
                                                <field name="label">balance</field>
                                                <field name="engine">domain</field>
                                                <field name="formula" eval="[('account_id.tag_ids', 'in', [ref('l10n_at.account_tag_l10n_at_PCIV')])]"/>
                                                <field name="subformula">-sum</field>
                                                <field name="green_on_positive" eval="False"/>
                                            </record>
                                        </field>
                                    </record>
                                    <record id="account_financial_report_l10n_at_paragraph_224_ugb_line_passiva_35" model="account.report.line">
                                        <field name="name">V. Verbindlichkeiten aus der Annahme gezogener Wechsel und der Ausstellung eigener Wechsel</field>
                                        <field name="code">PCV</field>
                                        <field name="groupby">account_id</field>
                                        <field name="foldable" eval="True"/>
                                        <field name="expression_ids">
                                            <record id="account_financial_report_l10n_at_paragraph_224_ugb_line_passiva_35_balance" model="account.report.expression">
                                                <field name="label">balance</field>
                                                <field name="engine">domain</field>
                                                <field name="formula" eval="[('account_id.tag_ids', 'in', [ref('l10n_at.account_tag_l10n_at_PCV')])]"/>
                                                <field name="subformula">-sum</field>
                                                <field name="green_on_positive" eval="False"/>
                                            </record>
                                        </field>
                                    </record>
                                    <record id="account_financial_report_l10n_at_paragraph_224_ugb_line_passiva_36" model="account.report.line">
                                        <field name="name">VI. Verbindlichkeiten gegenüber verbundenen Unternehmen</field>
                                        <field name="code">PCVI</field>
                                        <field name="groupby">account_id</field>
                                        <field name="foldable" eval="True"/>
                                        <field name="expression_ids">
                                            <record id="account_financial_report_l10n_at_paragraph_224_ugb_line_passiva_36_balance" model="account.report.expression">
                                                <field name="label">balance</field>
                                                <field name="engine">domain</field>
                                                <field name="formula" eval="[('account_id.tag_ids', 'in', [ref('l10n_at.account_tag_l10n_at_PCVI')])]"/>
                                                <field name="subformula">-sum</field>
                                                <field name="green_on_positive" eval="False"/>
                                            </record>
                                        </field>
                                    </record>
                                    <record id="account_financial_report_l10n_at_paragraph_224_ugb_line_passiva_37" model="account.report.line">
                                        <field name="name">VII. Verbindlichkeiten gegenüber Unternehmen, mit denen ein Beteiligungsverhältnis besteht</field>
                                        <field name="code">PCVII</field>
                                        <field name="groupby">account_id</field>
                                        <field name="foldable" eval="True"/>
                                        <field name="expression_ids">
                                            <record id="account_financial_report_l10n_at_paragraph_224_ugb_line_passiva_37_balance" model="account.report.expression">
                                                <field name="label">balance</field>
                                                <field name="engine">domain</field>
                                                <field name="formula" eval="[('account_id.tag_ids', 'in', [ref('l10n_at.account_tag_l10n_at_PCVII')])]"/>
                                                <field name="subformula">-sum</field>
                                                <field name="green_on_positive" eval="False"/>
                                            </record>
                                        </field>
                                    </record>
                                    <record id="account_financial_report_l10n_at_paragraph_224_ugb_line_passiva_38" model="account.report.line">
                                        <field name="name">VIII. sonstige Verbindlichkeiten</field>
                                        <field name="code">PCVIII</field>
                                        <field name="foldable" eval="True"/>
                                        <field name="expression_ids">
                                            <record id="account_financial_report_l10n_at_paragraph_224_ugb_line_passiva_38_balance" model="account.report.expression">
                                                <field name="label">balance</field>
                                                <field name="engine">aggregation</field>
                                                <field name="formula">PCVIII1.balance + PCVIII2.balance + PCVIII.domain</field>
                                                <field name="green_on_positive" eval="False"/>
                                            </record>
                                            <record id="account_financial_report_l10n_at_paragraph_224_ugb_line_passiva_38_domain" model="account.report.expression">
                                                <field name="label">domain</field>
                                                <field name="engine">domain</field>
                                                <field name="formula" eval="[('account_id.tag_ids', 'in', [ref('l10n_at.account_tag_l10n_at_PCVIII')])]"/>
                                                <field name="subformula">sum</field>
                                                <field name="green_on_positive" eval="False"/>
                                            </record>
                                        </field>
                                        <field name="children_ids">
                                            <record id="account_financial_report_l10n_at_paragraph_224_ugb_line_passiva_381" model="account.report.line">
                                                <field name="name">1. davon aus Steuern</field>
                                                <field name="code">PCVIII1</field>
                                                <field name="groupby">account_id</field>
                                                <field name="foldable" eval="True"/>
                                                <field name="expression_ids">
                                                    <record id="account_financial_report_l10n_at_paragraph_224_ugb_line_passiva_381_balance" model="account.report.expression">
                                                        <field name="label">balance</field>
                                                        <field name="engine">domain</field>
                                                        <field name="formula" eval="[('account_id.tag_ids', 'in', [ref('l10n_at.account_tag_l10n_at_PCVIII1')])]"/>
                                                        <field name="subformula">-sum</field>
                                                        <field name="green_on_positive" eval="False"/>
                                                    </record>
                                                </field>
                                            </record>
                                            <record id="account_financial_report_l10n_at_paragraph_224_ugb_line_passiva_382" model="account.report.line">
                                                <field name="name">2. davon im Rahmen der sozialen Sicherheit</field>
                                                <field name="code">PCVIII2</field>
                                                <field name="groupby">account_id</field>
                                                <field name="foldable" eval="True"/>
                                                <field name="expression_ids">
                                                    <record id="account_financial_report_l10n_at_paragraph_224_ugb_line_passiva_382_balance" model="account.report.expression">
                                                        <field name="label">balance</field>
                                                        <field name="engine">domain</field>
                                                        <field name="formula" eval="[('account_id.tag_ids', 'in', [ref('l10n_at.account_tag_l10n_at_PCVIII2')])]"/>
                                                        <field name="subformula">-sum</field>
                                                        <field name="green_on_positive" eval="False"/>
                                                    </record>
                                                </field>
                                            </record>
                                        </field>
                                    </record>
                                </field>
                            </record>
                            <record id="account_financial_report_l10n_at_paragraph_224_ugb_line_passiva_4" model="account.report.line">
                                <field name="name">D. Rechnungnsabgrenzungsposten</field>
                                <field name="code">PD</field>
                                <field name="groupby">account_id</field>
                                <field name="foldable" eval="True"/>
                                <field name="expression_ids">
                                    <record id="account_financial_report_l10n_at_paragraph_224_ugb_line_passiva_4_balance" model="account.report.expression">
                                        <field name="label">balance</field>
                                        <field name="engine">domain</field>
                                        <field name="formula" eval="[('account_id.tag_ids', 'in', [ref('l10n_at.account_tag_l10n_at_PD')])]"/>
                                        <field name="subformula">-sum</field>
                                        <field name="green_on_positive" eval="False"/>
                                    </record>
                                </field>
                            </record>
                        </field>
                    </record>
                </field>
            </record>
        </field>
    </record>
</odoo>
