<?xml version="1.0" encoding="utf-8"?>
<odoo>
    <record id="l10n_et" model="account.chart.template">
        <field name="name">Ethiopia Tax and Account Chart Template</field>
        <field name="code_digits">6</field>
        <field name="currency_id" ref="base.ETB"/>
        <field name="bank_account_code_prefix">211</field>
        <field name="cash_account_code_prefix">211</field>
        <field name="transfer_account_code_prefix">212</field>
        <field name="country_id" ref="base.et"/>
    </record>
</odoo>
