<?xml version="1.0" encoding="UTF-8"?>
<!--
  @author: Alexis de Lattre <alexis.delattre@akretion.com>
-->
<odoo>
    <record id="bank_charges_reconcile_model" model="account.reconcile.model.template">
        <field name="chart_template_id" ref="l10n_fr_pcg_chart_template"/>
        <field name="name">Frais bancaires</field>
    </record>
    <record id="bank_charges_reconcile_model_line" model="account.reconcile.model.line.template">
        <field name="model_id" ref="l10n_fr.bank_charges_reconcile_model"/>
        <field name="account_id" ref="pcg_6278"/>
        <field name="amount_type">percentage</field>
        <field name="amount_string">100</field>
    </record>
</odoo>
