<?xml version="1.0" encoding="utf-8"?>
<templates id="template" xml:space="preserve">

<t t-name="web_editor.background_grid">
    <div t-attf-style="grid-area: 1 / 1 / #{rowCount} / -1;" class="o_we_background_grid">
        <svg xmlns="http://www.w3.org/2000/svg" width="100%" height="100%">
            <defs>
                <pattern id="cell" t-attf-width="#{columnSize + columnGap}px" t-attf-height="#{rowSize + rowGap}px" patternUnits="userSpaceOnUse">
                    <rect class="o_we_cell" x="0" y="0" t-attf-width="#{columnSize}px" t-attf-height="#{rowSize}px"></rect>
                </pattern>
            </defs>

            <rect fill="url(#cell)" width="100%" height="100%"></rect>
        </svg>
    </div>
</t>

</templates>
