<?xml version='1.0' encoding='utf-8'?>
<odoo>
    <data>
        <record id="digest_tip_web_enterprise_0" model="digest.tip">
            <field name="name">Tip: Navigate menus like a pro</field>
            <field name="sequence">1900</field>
            <field name="group_id" ref="base.group_user" />
            <field name="tip_description" type="html">
                <div>
                    <b class="tip_title">Tip: Navigate menus like a pro</b>
                    <p class="tip_content">From the Home page, start typing what you would like to access. Odoo will suggest menus matching your search. Use arrow keys and press enter to jump to your menu.</p>
                    <img src="https://download.odoocdn.com/digests/digest_enterprise/static/src/img/menu-navigation.gif" class="illustration_border" />
                </div>
            </field>
        </record>
    </data>
</odoo>
