<?xml version="1.0" encoding="utf-8"?>
<odoo>

    <record id="dashboard_invoicing" model="spreadsheet.dashboard">
        <field name="name">Invoicing</field>
        <field name="data" type="base64" file="spreadsheet_dashboard_account/data/files/invoicing_dashboard.json"/>
        <field name="dashboard_group_id" ref="spreadsheet_dashboard.spreadsheet_dashboard_group_finance"/>
        <field name="group_ids" eval="[Command.link(ref('account.group_account_readonly')), Command.link(ref('account.group_account_invoice'))]"/>
        <field name="sequence">20</field>
    </record>

</odoo>
