<?xml version="1.0" encoding="utf-8"?>
<odoo>
    <record id="spreadsheet_dashboard_group_marketing" model="spreadsheet.dashboard.group">
        <field name="name">Marketing</field>
        <field name="sequence">600</field>
    </record>

    <record id="spreadsheet_dashboard_events" model="spreadsheet.dashboard">
        <field name="name">Events</field>
        <field name="data" type="base64" file="spreadsheet_dashboard_event_sale/data/files/events_dashboard.json"/>
        <field name="dashboard_group_id" ref="spreadsheet_dashboard_event_sale.spreadsheet_dashboard_group_marketing"/>
        <field name="group_ids" eval="[Command.link(ref('event.group_event_manager'))]"/>
        <field name="sequence">60</field>
    </record>

</odoo>
