id,user_input_id:id,question_id:id,skipped,answer_type,value_char_box,value_numerical_box,value_date,value_text_box,suggested_answer_id:id,matrix_row_id:id
furniture_certification_answer_1_p1_q1,furniture_certification_answer_1,furniture_certification_page_1_question_1,False,suggestion,,,,,furniture_certification_page_1_question_1_choice_2,
furniture_certification_answer_1_p1_q2_1,furniture_certification_answer_1,furniture_certification_page_1_question_2,False,suggestion,,,,,furniture_certification_page_1_question_2_choice_1,
furniture_certification_answer_1_p1_q2_2,furniture_certification_answer_1,furniture_certification_page_1_question_2,False,suggestion,,,,,furniture_certification_page_1_question_2_choice_3,
furniture_certification_answer_1_p1_q2_3,furniture_certification_answer_1,furniture_certification_page_1_question_2,False,suggestion,,,,,furniture_certification_page_1_question_2_choice_4,
furniture_certification_answer_1_p1_q3,furniture_certification_answer_1,furniture_certification_page_1_question_3,False,text_box,,,,"I really liked the videos, you are awesome!",,
furniture_certification_answer_2_p1_q1,furniture_certification_answer_2,furniture_certification_page_1_question_1,False,suggestion,,,,,furniture_certification_page_1_question_1_choice_3,
furniture_certification_answer_2_p1_q2,furniture_certification_answer_2,furniture_certification_page_1_question_2,False,suggestion,,,,,furniture_certification_page_1_question_2_choice_4,
furniture_certification_answer_2_p1_q3,furniture_certification_answer_2,furniture_certification_page_1_question_3,true,,,,,,,