<?xml version="1.0" ?>
<odoo>
    <data>

        <record id="ir_cron_update_pac_status_invoice" model="ir.cron">
            <field name="name">Automatic update of state on the SAT (for invoices)</field>
            <field name="model_id" ref="account.model_account_move"/>
            <field name="state">code</field>
            <field name="code">
    env['account.move']._l10n_mx_edi_cron_update_sat_status()
            </field>
            <field name="user_id" ref="base.user_admin"/>
            <field name="interval_number">1</field>
            <field name="interval_type">days</field>
            <field name="numbercall">-1</field>
            <field name="doall" eval="False"/>
            <field name="nextcall" eval="(DateTime.now() + timedelta(days=1)).strftime('%Y-%m-%d 22:00:00')"/>
        </record>

        <record id="ir_cron_download_xsd_files" model="ir.cron">
            <field name="name">Download XSD files to CFDI</field>
            <field name="model_id" ref="base.model_ir_attachment"/>
            <field name="interval_number">1</field>
            <field name="interval_type">months</field>
            <field name="numbercall">-1</field>
            <!-- Highest priority at time of module install. -->
            <field name="priority" eval="0"/>
            <field name="state">code</field>
            <field name="code">model._l10n_mx_edi_load_xsd_files(force_reload=True)</field>
            <!-- Setting `nextcall` date relatively old to make sure this cron runs right after module installation finishes. -->
            <field name="nextcall" eval="(DateTime.now() + relativedelta(years=-1)).strftime('%Y-%m-%d %H:%M:%S')"/>
            <field name="user_id" ref="base.user_root"/>
            <field name="doall" eval="True"/>
        </record>

     </data>
</odoo>
