<?xml version="1.0" encoding="utf-8"?>
<odoo>
    <data noupdate="1">
        <record id="tax_group_0" model="account.tax.group">
            <field name="name">BTW 0%</field>
            <field name="country_id" ref="base.nl"/>
        </record>
        <record id="tax_group_6" model="account.tax.group">
            <field name="name">BTW 6%</field>
            <field name="country_id" ref="base.nl"/>
        </record>
        <record id="tax_group_9" model="account.tax.group">
            <field name="name">BTW 9%</field>
            <field name="country_id" ref="base.nl"/>
        </record>
        <record id="tax_group_21" model="account.tax.group">
            <field name="name">BTW 21%</field>
            <field name="country_id" ref="base.nl"/>
        </record>
    </data>
</odoo>
