<?xml version="1.0" encoding="utf-8"?>
<odoo>
    <data noupdate="1">
        <record id="tax_group_tva_0" model="account.tax.group">
            <field name="name">TVA 0%</field>
            <field name="country_id" ref="base.ma"/>
        </record>
        <record id="tax_group_tva_7" model="account.tax.group">
            <field name="name">TVA 7%</field>
            <field name="country_id" ref="base.ma"/>
        </record>
        <record id="tax_group_tva_10" model="account.tax.group">
            <field name="name">TVA 10%</field>
            <field name="country_id" ref="base.ma"/>
        </record>
        <record id="tax_group_tva_14" model="account.tax.group">
            <field name="name">TVA 14%</field>
            <field name="country_id" ref="base.ma"/>
        </record>
        <record id="tax_group_tva_20" model="account.tax.group">
            <field name="name">TVA 20%</field>
            <field name="country_id" ref="base.ma"/>
        </record>
    </data>
</odoo>
