<?xml version="1.0" encoding="utf-8"?>
<odoo>
  <data>
    <record id="ve_chart_template_amd" model="account.chart.template">
        <field name="name">Venezuelan - Account</field>
        <field name="bank_account_code_prefix">1113</field>
        <field name="cash_account_code_prefix">1111</field>
        <field name="transfer_account_code_prefix">1129003</field>
        <field name="code_digits">7</field>
        <field name="currency_id" ref="base.VEF"/>
        <field name="country_id" ref="base.ve"/>
    </record>
  </data>
</odoo>
