<?xml version="1.0" encoding="utf-8"?>
<odoo>
    <data noupdate="1">
        <record id="ir_config_parameter_timesheet_rounding" model="ir.config_parameter">
            <field name="key">timesheet_grid.timesheet_rounding</field>
            <field name="value">15</field>
        </record>
        <record id="ir_config_parameter_timesheet_min_duration" model="ir.config_parameter">
            <field name="key">timesheet_grid.timesheet_min_duration</field>
            <field name="value">15</field>
        </record>
    </data>
</odoo>
