<?xml version="1.0" encoding="utf-8"?>
<odoo>
    <record id="pe_chart_template" model="account.chart.template">
        <field name="name">Peru - PCGE 2019</field>
        <field name="bank_account_code_prefix">1041</field>
        <field name="cash_account_code_prefix">1031</field>
        <field name="transfer_account_code_prefix">1051</field>
        <field name="code_digits">7</field>
        <field name="currency_id" ref="base.PEN"/>
        <field name="country_id" ref="base.pe"/>
    </record>
</odoo>
