<?xml version="1.0" encoding="utf-8"?>
<odoo><data noupdate="1">

    <record id="forum_forum_demo_channel_0" model="forum.forum">
        <field name="name">Basics of Gardening</field>
    </record>
    <record id="website_slides.slide_channel_demo_0_gard_0" model="slide.channel">
        <field name="forum_id" ref="website_slides_forum.forum_forum_demo_channel_0"/>
    </record>

	<record id="forum_forum_demo_channel_2" model="forum.forum">
        <field name="name">Trees, Wood and Gardens</field>
    </record>
	<record id="website_slides.slide_channel_demo_2_gard2" model="slide.channel">
        <field name="forum_id" ref="website_slides_forum.forum_forum_demo_channel_2"/>
	</record>

    <record id="forum_post_O_0" model="forum.post">
        <field name="name">What is the best fertilizer for tulips ?</field>
        <field name="forum_id" ref="forum_forum_demo_channel_0"/>
        <field name="views">2</field>
        <field name="create_uid" ref="base.user_admin"/>
        <field name="write_uid" ref="base.user_admin"/>
        <field name="content" type="html"><p></p></field>
        <field name="create_date" eval="DateTime.now() - relativedelta(days=31)"/>
    </record>
    <record id="forum_post_O_0_answer_0" model="forum.post">
        <field name="name">Re: What is the best fertilizer for tulips ?</field>
        <field name="forum_id" ref="forum_forum_demo_channel_0"/>
        <field name="content" type="html"><p>You can use loam for tulips.</p></field>
        <field name="parent_id" ref="forum_post_O_0"/>
    </record>

    <record id="forum_post_2_0" model="forum.post">
        <field name="name">Height of my tree...</field>
        <field name="forum_id" ref="forum_forum_demo_channel_2"/>
        <field name="views">1</field>
        <field name="create_uid" ref="base.user_demo"/>
        <field name="write_uid" ref="base.user_demo"/>
        <field name="content" type="html"><p>I have an oak in my garden since 1997 and I was wondering about the growth of this type of tree ?
            Is there a way to accelerate the process ?</p></field>
    </record>

</data></odoo>
