id,name,model_id:id,group_id:id,perm_read,perm_write,perm_create,perm_unlink
access_loyalty_card,access_loyalty_card,model_loyalty_card,base.group_user,0,0,0,0
access_loyalty_mail,access_loyalty_mail,model_loyalty_mail,base.group_user,0,0,0,0
access_loyalty_program,access_loyalty_program,model_loyalty_program,base.group_user,0,0,0,0
access_loyalty_reward,access_loyalty_reward,model_loyalty_reward,base.group_user,0,0,0,0
access_loyalty_rule,access_loyalty_rule,model_loyalty_rule,base.group_user,0,0,0,0
access_loyalty_generate_wizard,access_loyalty_generate_wizard,model_loyalty_generate_wizard,base.group_user,0,0,0,0
