<?xml version="1.0" encoding="utf-8"?>
<odoo>
    <record id="ir_cron_auto_refresh_gst_token" model="ir.cron">
        <field name="name">Indian Accounting: Refresh GST Token</field>
        <field name="model_id" ref="model_l10n_in_gst_return_period"/>
        <field name="state">code</field>
        <field name="code">model._cron_refresh_gst_token()</field>
        <field name="interval_number">5</field>
        <field name="interval_type">hours</field>
        <field name="numbercall">-1</field>
        <field name="doall" eval="False"/>
    </record>

    <record id="ir_cron_auto_sync_gstr2b_data" model="ir.cron">
        <field name="name">Indian Accounting; Download GST-2 Data</field>
        <field name="model_id" ref="model_l10n_in_gst_return_period"/>
        <field name="code">model._cron_get_gstr2b_data()
env.ref("l10n_in_reports_gstr.ir_cron_auto_match_gstr2b_data")._trigger()
        </field>
        <field name="state">code</field>
        <field name="interval_number">1</field>
        <field name="interval_type">days</field>
        <field name="numbercall">-1</field>
        <field name="active">True</field>
    </record>

    <record id="ir_cron_auto_match_gstr2b_data" model="ir.cron">
        <field name="name">Indian Accounting; Match GST-2 Data</field>
        <field name="model_id" ref="model_l10n_in_gst_return_period"/>
        <field name="code">model._cron_gstr2b_match_data()</field>
        <field name="numbercall">-1</field>
        <field name="doall" eval="False"/>
        <field name="state">code</field>
        <field name="interval_number">1</field>
        <field name="interval_type">days</field>
        <field name="numbercall">-1</field>
        <field name="active">True</field>
    </record>

    <record id="ir_cron_to_send_gstr1_data" model="ir.cron">
        <field name="name">Indian Accounting: To Send Json</field>
        <field name="model_id" ref="model_l10n_in_gst_return_period"/>
        <field name="state">code</field>
        <field name="code">model._cron_send_gstr1_data()</field>
        <field name="interval_number">1</field>
        <field name="interval_type">days</field>
        <field name="numbercall">-1</field>
        <field name="doall" eval="False"/>
    </record>

     <record id="ir_cron_to_check_gstr1_status" model="ir.cron">
        <field name="name">Indian Accounting: To Check Status</field>
        <field name="model_id" ref="model_l10n_in_gst_return_period"/>
        <field name="state">code</field>
        <field name="code">model._cron_check_gstr1_status()</field>
        <field name="interval_number">1</field>
        <field name="interval_type">days</field>
        <field name="numbercall">-1</field>
        <field name="doall" eval="False"/>
    </record>

</odoo>
