<?xml version="1.0" encoding="UTF-8"?>
<templates>

    <t t-name="website.slides.fullscreen.certification">
        <div class="justify-content-center align-self-center text-center">
            <div t-if="widget.get('slide').category === 'certification' &amp;&amp; !widget.get('slide').completed" class="">
                <a class="btn btn-primary" t-att-href="'/slides_survey/slide/get_certification_url?slide_id=' + widget.get('slide').id" target="_blank">
                    <i class="fa fa-graduation-cap"/>
                    <span t-if="widget.get('slide').isMember"> Begin Certification</span>
                    <span t-else="">Test Certification</span>
                </a>
            </div>
            <div t-if="widget.get('slide').category === 'certification' &amp;&amp; widget.get('slide').completed">
                <h4 class="mb-3 text-white">Congratulations, you passed the Certification!</h4>
                <a role="button" class="btn btn-primary" t-att-href="'/survey/' + widget.get('slide').certificationId + '/get_certification'">
                    <i class="fa fa-fw fa-trophy" role="img" aria-label="Download certification" title="Download certification"/> Download certification
                </a>
            </div>
            <div t-if="widget.get('slide').category === 'certification' &amp;&amp; widget.get('slide').canUpload" class="mt-3 h6">
                <a t-att-href="'/web#id=' + widget.get('slide').certificationId + '&amp;model=survey.survey&amp;view_type=form'">
                    <i class="fa fa-arrow-right me-1"/>Add Questions to this Survey
                </a>
            </div>
        </div>
    </t>

    <t t-extend="website.slides.fullscreen.title">
        <t t-jquery=".o_wslides_fs_slide_title_span" t-operation="before">
            <i t-if="widget.get('slide').category === 'certification'" class="fa fa-trophy me-2 text"></i>
        </t>
    </t>
</templates>
