001|Aguascalientes|state_mx_ags
002|Asientos|state_mx_ags
003|Calvillo|state_mx_ags
004|Cosío|state_mx_ags
005|Jesús María|state_mx_ags
006|Pabellón de Arteaga|state_mx_ags
007|Rincón de Romos|state_mx_ags
008|San José de Gracia|state_mx_ags
009|Tepezalá|state_mx_ags
010|El Llano|state_mx_ags
011|San Francisco de los Romo|state_mx_ags
001|Ensenada|state_mx_bc
002|Mexicali|state_mx_bc
003|Tecate|state_mx_bc
004|Tijuana|state_mx_bc
005|Playas de Rosarito|state_mx_bc
001|Comondú|state_mx_bcs
002|Mulegé|state_mx_bcs
003|La Paz|state_mx_bcs
008|Los Cabos|state_mx_bcs
009|Loreto|state_mx_bcs
001|Calkiní|state_mx_camp
002|Campeche|state_mx_camp
003|Carmen|state_mx_camp
004|Champotón|state_mx_camp
005|Hecelchakán|state_mx_camp
006|Hopelchén|state_mx_camp
007|Palizada|state_mx_camp
008|Tenabo|state_mx_camp
009|Escárcega|state_mx_camp
010|Calakmul|state_mx_camp
011|Candelaria|state_mx_camp
001|Ahumada|state_mx_chih
002|Aldama|state_mx_chih
003|Allende|state_mx_chih
004|Aquiles Serdán|state_mx_chih
005|Ascensión|state_mx_chih
006|Bachíniva|state_mx_chih
007|Balleza|state_mx_chih
008|Batopilas|state_mx_chih
009|Bocoyna|state_mx_chih
010|Buenaventura|state_mx_chih
011|Camargo|state_mx_chih
012|Carichí|state_mx_chih
013|Casas Grandes|state_mx_chih
014|Coronado|state_mx_chih
015|Coyame del Sotol|state_mx_chih
016|La Cruz|state_mx_chih
017|Cuauhtémoc|state_mx_chih
018|Cusihuiriachi|state_mx_chih
019|Chihuahua|state_mx_chih
020|Chínipas|state_mx_chih
021|Delicias|state_mx_chih
022|Dr. Belisario Domínguez|state_mx_chih
023|Galeana|state_mx_chih
024|Santa Isabel|state_mx_chih
025|Gómez Farías|state_mx_chih
026|Gran Morelos|state_mx_chih
027|Guachochi|state_mx_chih
028|Guadalupe|state_mx_chih
029|Guadalupe y Calvo|state_mx_chih
030|Guazapares|state_mx_chih
031|Guerrero|state_mx_chih
032|Hidalgo del Parral|state_mx_chih
033|Huejotitán|state_mx_chih
034|Ignacio Zaragoza|state_mx_chih
035|Janos|state_mx_chih
036|Jiménez|state_mx_chih
037|Juárez|state_mx_chih
038|Julimes|state_mx_chih
039|López|state_mx_chih
040|Madera|state_mx_chih
041|Maguarichi|state_mx_chih
042|Manuel Benavides|state_mx_chih
043|Matachí|state_mx_chih
044|Matamoros|state_mx_chih
045|Meoqui|state_mx_chih
046|Morelos|state_mx_chih
047|Moris|state_mx_chih
048|Namiquipa|state_mx_chih
049|Nonoava|state_mx_chih
050|Nuevo Casas Grandes|state_mx_chih
051|Ocampo|state_mx_chih
052|Ojinaga|state_mx_chih
053|Praxedis G. Guerrero|state_mx_chih
054|Riva Palacio|state_mx_chih
055|Rosales|state_mx_chih
056|Rosario|state_mx_chih
057|San Francisco de Borja|state_mx_chih
058|San Francisco de Conchos|state_mx_chih
059|San Francisco del Oro|state_mx_chih
060|Santa Bárbara|state_mx_chih
061|Satevó|state_mx_chih
062|Saucillo|state_mx_chih
063|Temósachic|state_mx_chih
064|El Tule|state_mx_chih
065|Urique|state_mx_chih
066|Uruachi|state_mx_chih
067|Valle de Zaragoza|state_mx_chih
001|Acacoyagua|state_mx_chis
002|Acala|state_mx_chis
003|Acapetahua|state_mx_chis
004|Altamirano|state_mx_chis
005|Amatán|state_mx_chis
006|Amatenango de la Frontera|state_mx_chis
007|Amatenango del Valle|state_mx_chis
008|Angel Albino Corzo|state_mx_chis
009|Arriaga|state_mx_chis
010|Bejucal de Ocampo|state_mx_chis
011|Bella Vista|state_mx_chis
012|Berriozábal|state_mx_chis
013|Bochil|state_mx_chis
014|El Bosque|state_mx_chis
015|Cacahoatán|state_mx_chis
016|Catazajá|state_mx_chis
017|Cintalapa|state_mx_chis
018|Coapilla|state_mx_chis
019|Comitán de Domínguez|state_mx_chis
020|La Concordia|state_mx_chis
021|Copainalá|state_mx_chis
022|Chalchihuitán|state_mx_chis
023|Chamula|state_mx_chis
024|Chanal|state_mx_chis
025|Chapultenango|state_mx_chis
026|Chenalhó|state_mx_chis
027|Chiapa de Corzo|state_mx_chis
028|Chiapilla|state_mx_chis
029|Chicoasén|state_mx_chis
030|Chicomuselo|state_mx_chis
031|Chilón|state_mx_chis
032|Escuintla|state_mx_chis
033|Francisco León|state_mx_chis
034|Frontera Comalapa|state_mx_chis
035|Frontera Hidalgo|state_mx_chis
036|La Grandeza|state_mx_chis
037|Huehuetán|state_mx_chis
038|Huixtán|state_mx_chis
039|Huitiupán|state_mx_chis
040|Huixtla|state_mx_chis
041|La Independencia|state_mx_chis
042|Ixhuatán|state_mx_chis
043|Ixtacomitán|state_mx_chis
044|Ixtapa|state_mx_chis
045|Ixtapangajoya|state_mx_chis
046|Jiquipilas|state_mx_chis
047|Jitotol|state_mx_chis
048|Juárez|state_mx_chis
049|Larráinzar|state_mx_chis
050|La Libertad|state_mx_chis
051|Mapastepec|state_mx_chis
052|Las Margaritas|state_mx_chis
053|Mazapa de Madero|state_mx_chis
054|Mazatán|state_mx_chis
055|Metapa|state_mx_chis
056|Mitontic|state_mx_chis
057|Motozintla|state_mx_chis
058|Nicolás Ruíz|state_mx_chis
059|Ocosingo|state_mx_chis
060|Ocotepec|state_mx_chis
061|Ocozocoautla de Espinosa|state_mx_chis
062|Ostuacán|state_mx_chis
063|Osumacinta|state_mx_chis
064|Oxchuc|state_mx_chis
065|Palenque|state_mx_chis
066|Pantelhó|state_mx_chis
067|Pantepec|state_mx_chis
100|Tumbalá|state_mx_chis
101|Tuxtla Gutiérrez|state_mx_chis
102|Tuxtla Chico|state_mx_chis
103|Tuzantán|state_mx_chis
104|Tzimol|state_mx_chis
105|Unión Juárez|state_mx_chis
106|Venustiano Carranza|state_mx_chis
107|Villa Corzo|state_mx_chis
108|Villaflores|state_mx_chis
109|Yajalón|state_mx_chis
110|San Lucas|state_mx_chis
111|Zinacantán|state_mx_chis
112|San Juan Cancuc|state_mx_chis
113|Aldama|state_mx_chis
114|Benemérito de las Américas|state_mx_chis
115|Maravilla Tenejapa|state_mx_chis
116|Marqués de Comillas|state_mx_chis
117|Montecristo de Guerrero|state_mx_chis
118|San Andrés Duraznal|state_mx_chis
119|Santiago el Pinar|state_mx_chis
068|Pichucalco|state_mx_chis
069|Pijijiapan|state_mx_chis
070|El Porvenir|state_mx_chis
071|Villa Comaltitlán|state_mx_chis
072|Pueblo Nuevo Solistahuacán|state_mx_chis
073|Rayón|state_mx_chis
074|Reforma|state_mx_chis
075|Las Rosas|state_mx_chis
076|Sabanilla|state_mx_chis
077|Salto de Agua|state_mx_chis
078|San Cristóbal de las Casas|state_mx_chis
079|San Fernando|state_mx_chis
080|Siltepec|state_mx_chis
081|Simojovel|state_mx_chis
082|Sitalá|state_mx_chis
083|Socoltenango|state_mx_chis
084|Solosuchiapa|state_mx_chis
085|Soyaló|state_mx_chis
086|Suchiapa|state_mx_chis
087|Suchiate|state_mx_chis
088|Sunuapa|state_mx_chis
089|Tapachula|state_mx_chis
090|Tapalapa|state_mx_chis
091|Tapilula|state_mx_chis
092|Tecpatán|state_mx_chis
093|Tenejapa|state_mx_chis
094|Teopisca|state_mx_chis
096|Tila|state_mx_chis
097|Tonalá|state_mx_chis
098|Totolapa|state_mx_chis
099|La Trinitaria|state_mx_chis
001|Abasolo|state_mx_coah
002|Acuña|state_mx_coah
003|Allende|state_mx_coah
004|Arteaga|state_mx_coah
005|Candela|state_mx_coah
006|Castaños|state_mx_coah
007|Cuatro Ciénegas|state_mx_coah
008|Escobedo|state_mx_coah
009|Francisco I. Madero|state_mx_coah
010|Frontera|state_mx_coah
011|General Cepeda|state_mx_coah
012|Guerrero|state_mx_coah
013|Hidalgo|state_mx_coah
014|Jiménez|state_mx_coah
015|Juárez|state_mx_coah
016|Lamadrid|state_mx_coah
017|Matamoros|state_mx_coah
018|Monclova|state_mx_coah
019|Morelos|state_mx_coah
020|Múzquiz|state_mx_coah
021|Nadadores|state_mx_coah
022|Nava|state_mx_coah
023|Ocampo|state_mx_coah
024|Parras|state_mx_coah
025|Piedras Negras|state_mx_coah
026|Progreso|state_mx_coah
027|Ramos Arizpe|state_mx_coah
028|Sabinas|state_mx_coah
029|Sacramento|state_mx_coah
030|Saltillo|state_mx_coah
031|San Buenaventura|state_mx_coah
032|San Juan de Sabinas|state_mx_coah
033|San Pedro|state_mx_coah
034|Sierra Mojada|state_mx_coah
035|Torreón|state_mx_coah
036|Viesca|state_mx_coah
037|Villa Unión|state_mx_coah
038|Zaragoza|state_mx_coah
001|Armería|state_mx_col
002|Colima|state_mx_col
003|Comala|state_mx_col
004|Coquimatlán|state_mx_col
005|Cuauhtémoc|state_mx_col
006|Ixtlahuacán|state_mx_col
007|Manzanillo|state_mx_col
008|Minatitlán|state_mx_col
009|Tecomán|state_mx_col
010|Villa de Álvarez|state_mx_col
002|Azcapotzalco|state_mx_df
003|Coyoacán|state_mx_df
004|Cuajimalpa de Morelos|state_mx_df
005|Gustavo A. Madero|state_mx_df
006|Iztacalco|state_mx_df
007|Iztapalapa|state_mx_df
008|La Magdalena Contreras|state_mx_df
009|Milpa Alta|state_mx_df
010|Álvaro Obregón|state_mx_df
011|Tláhuac|state_mx_df
012|Tlalpan|state_mx_df
013|Xochimilco|state_mx_df
014|Benito Juárez|state_mx_df
015|Cuauhtémoc|state_mx_df
016|Miguel Hidalgo|state_mx_df
017|Venustiano Carranza|state_mx_df
001|Canatlán|state_mx_dgo
002|Canelas|state_mx_dgo
003|Coneto de Comonfort|state_mx_dgo
004|Cuencamé|state_mx_dgo
005|Durango|state_mx_dgo
006|General Simón Bolívar|state_mx_dgo
007|Gómez Palacio|state_mx_dgo
008|Guadalupe Victoria|state_mx_dgo
009|Guanaceví|state_mx_dgo
010|Hidalgo|state_mx_dgo
011|Indé|state_mx_dgo
012|Lerdo|state_mx_dgo
013|Mapimí|state_mx_dgo
014|Mezquital|state_mx_dgo
015|Nazas|state_mx_dgo
016|Nombre de Dios|state_mx_dgo
017|Ocampo|state_mx_dgo
018|El Oro|state_mx_dgo
019|Otáez|state_mx_dgo
020|Pánuco de Coronado|state_mx_dgo
021|Peñón Blanco|state_mx_dgo
022|Poanas|state_mx_dgo
023|Pueblo Nuevo|state_mx_dgo
024|Rodeo|state_mx_dgo
025|San Bernardo|state_mx_dgo
026|San Dimas|state_mx_dgo
027|San Juan de Guadalupe|state_mx_dgo
028|San Juan del Río|state_mx_dgo
029|San Luis del Cordero|state_mx_dgo
030|San Pedro del Gallo|state_mx_dgo
031|Santa Clara|state_mx_dgo
032|Santiago Papasquiaro|state_mx_dgo
033|Súchil|state_mx_dgo
034|Tamazula|state_mx_dgo
035|Tepehuanes|state_mx_dgo
036|Tlahualilo|state_mx_dgo
037|Topia|state_mx_dgo
038|Vicente Guerrero|state_mx_dgo
039|Nuevo Ideal|state_mx_dgo
001|Acapulco de Juárez|state_mx_gro
002|Ahuacuotzingo|state_mx_gro
003|Ajuchitlán del Progreso|state_mx_gro
004|Alcozauca de Guerrero|state_mx_gro
005|Alpoyeca|state_mx_gro
006|Apaxtla|state_mx_gro
007|Arcelia|state_mx_gro
008|Atenango del Río|state_mx_gro
009|Atlamajalcingo del Monte|state_mx_gro
010|Atlixtac|state_mx_gro
011|Atoyac de Álvarez|state_mx_gro
012|Ayutla de los Libres|state_mx_gro
013|Azoyú|state_mx_gro
014|Benito Juárez|state_mx_gro
015|Buenavista de Cuéllar|state_mx_gro
016|Coahuayutla de José María Izazaga|state_mx_gro
017|Cocula|state_mx_gro
018|Copala|state_mx_gro
019|Copalillo|state_mx_gro
020|Copanatoyac|state_mx_gro
021|Coyuca de Benítez|state_mx_gro
022|Coyuca de Catalán|state_mx_gro
023|Cuajinicuilapa|state_mx_gro
024|Cualác|state_mx_gro
025|Cuautepec|state_mx_gro
026|Cuetzala del Progreso|state_mx_gro
027|Cutzamala de Pinzón|state_mx_gro
028|Chilapa de Álvarez|state_mx_gro
029|Chilpancingo de los Bravo|state_mx_gro
030|Florencio Villarreal|state_mx_gro
031|General Canuto A. Neri|state_mx_gro
032|General Heliodoro Castillo|state_mx_gro
033|Huamuxtitlán|state_mx_gro
034|Huitzuco de los Figueroa|state_mx_gro
035|Iguala de la Independencia|state_mx_gro
036|Igualapa|state_mx_gro
037|Ixcateopan de Cuauhtémoc|state_mx_gro
038|Zihuatanejo de Azueta|state_mx_gro
039|Juan R. Escudero|state_mx_gro
040|Leonardo Bravo|state_mx_gro
041|Malinaltepec|state_mx_gro
042|Mártir de Cuilapan|state_mx_gro
043|Metlatónoc|state_mx_gro
044|Mochitlán|state_mx_gro
045|Olinalá|state_mx_gro
046|Ometepec|state_mx_gro
047|Pedro Ascencio Alquisiras|state_mx_gro
048|Petatlán|state_mx_gro
049|Pilcaya|state_mx_gro
050|Pungarabato|state_mx_gro
051|Quechultenango|state_mx_gro
052|San Luis Acatlán|state_mx_gro
053|San Marcos|state_mx_gro
054|San Miguel Totolapan|state_mx_gro
055|Taxco de Alarcón|state_mx_gro
056|Tecoanapa|state_mx_gro
057|Técpan de Galeana|state_mx_gro
058|Teloloapan|state_mx_gro
059|Tepecoacuilco de Trujano|state_mx_gro
060|Tetipac|state_mx_gro
061|Tixtla de Guerrero|state_mx_gro
062|Tlacoachistlahuaca|state_mx_gro
063|Tlacoapa|state_mx_gro
064|Tlalchapa|state_mx_gro
065|Tlalixtaquilla de Maldonado|state_mx_gro
066|Tlapa de Comonfort|state_mx_gro
067|Tlapehuala|state_mx_gro
068|La Unión de Isidoro Montes de Oca|state_mx_gro
069|Xalpatláhuac|state_mx_gro
070|Xochihuehuetlán|state_mx_gro
071|Xochistlahuaca|state_mx_gro
072|Zapotitlán Tablas|state_mx_gro
073|Zirándaro|state_mx_gro
074|Zitlala|state_mx_gro
075|Eduardo Neri|state_mx_gro
076|Acatepec|state_mx_gro
077|Marquelia|state_mx_gro
078|Cochoapa el Grande|state_mx_gro
079|José Joaquín de Herrera|state_mx_gro
080|Juchitán|state_mx_gro
081|Iliatenco|state_mx_gro
001|Abasolo|state_mx_gto
002|Acámbaro|state_mx_gto
003|San Miguel de Allende|state_mx_gto
004|Apaseo el Alto|state_mx_gto
005|Apaseo el Grande|state_mx_gto
006|Atarjea|state_mx_gto
007|Celaya|state_mx_gto
008|Manuel Doblado|state_mx_gto
009|Comonfort|state_mx_gto
010|Coroneo|state_mx_gto
011|Cortazar|state_mx_gto
012|Cuerámaro|state_mx_gto
013|Doctor Mora|state_mx_gto
014|Dolores Hidalgo Cuna de la Independencia Nacional|state_mx_gto
015|Guanajuato|state_mx_gto
016|Huanímaro|state_mx_gto
017|Irapuato|state_mx_gto
018|Jaral del Progreso|state_mx_gto
019|Jerécuaro|state_mx_gto
020|León|state_mx_gto
021|Moroleón|state_mx_gto
022|Ocampo|state_mx_gto
023|Pénjamo|state_mx_gto
024|Pueblo Nuevo|state_mx_gto
025|Purísima del Rincón|state_mx_gto
026|Romita|state_mx_gto
027|Salamanca|state_mx_gto
028|Salvatierra|state_mx_gto
029|San Diego de la Unión|state_mx_gto
030|San Felipe|state_mx_gto
031|San Francisco del Rincón|state_mx_gto
032|San José Iturbide|state_mx_gto
033|San Luis de la Paz|state_mx_gto
034|Santa Catarina|state_mx_gto
035|Santa Cruz de Juventino Rosas|state_mx_gto
036|Santiago Maravatío|state_mx_gto
037|Silao de la Victoria|state_mx_gto
038|Tarandacuao|state_mx_gto
039|Tarimoro|state_mx_gto
040|Tierra Blanca|state_mx_gto
041|Uriangato|state_mx_gto
042|Valle de Santiago|state_mx_gto
043|Victoria|state_mx_gto
044|Villagrán|state_mx_gto
045|Xichú|state_mx_gto
046|Yuriria|state_mx_gto
001|Acatlán|state_mx_hgo
002|Acaxochitlán|state_mx_hgo
003|Actopan|state_mx_hgo
004|Agua Blanca de Iturbide|state_mx_hgo
005|Ajacuba|state_mx_hgo
006|Alfajayucan|state_mx_hgo
007|Almoloya|state_mx_hgo
008|Apan|state_mx_hgo
009|El Arenal|state_mx_hgo
010|Atitalaquia|state_mx_hgo
011|Atlapexco|state_mx_hgo
012|Atotonilco el Grande|state_mx_hgo
013|Atotonilco de Tula|state_mx_hgo
014|Calnali|state_mx_hgo
015|Cardonal|state_mx_hgo
016|Cuautepec de Hinojosa|state_mx_hgo
017|Chapantongo|state_mx_hgo
018|Chapulhuacán|state_mx_hgo
019|Chilcuautla|state_mx_hgo
020|Eloxochitlán|state_mx_hgo
021|Emiliano Zapata|state_mx_hgo
022|Epazoyucan|state_mx_hgo
023|Francisco I. Madero|state_mx_hgo
024|Huasca de Ocampo|state_mx_hgo
025|Huautla|state_mx_hgo
026|Huazalingo|state_mx_hgo
027|Huehuetla|state_mx_hgo
028|Huejutla de Reyes|state_mx_hgo
029|Huichapan|state_mx_hgo
030|Ixmiquilpan|state_mx_hgo
031|Jacala de Ledezma|state_mx_hgo
032|Jaltocán|state_mx_hgo
033|Juárez Hidalgo|state_mx_hgo
034|Lolotla|state_mx_hgo
035|Metepec|state_mx_hgo
036|San Agustín Metzquititlán|state_mx_hgo
037|Metztitlán|state_mx_hgo
038|Mineral del Chico|state_mx_hgo
039|Mineral del Monte|state_mx_hgo
040|La Misión|state_mx_hgo
041|Mixquiahuala de Juárez|state_mx_hgo
042|Molango de Escamilla|state_mx_hgo
043|Nicolás Flores|state_mx_hgo
044|Nopala de Villagrán|state_mx_hgo
045|Omitlán de Juárez|state_mx_hgo
046|San Felipe Orizatlán|state_mx_hgo
047|Pacula|state_mx_hgo
048|Pachuca de Soto|state_mx_hgo
049|Pisaflores|state_mx_hgo
050|Progreso de Obregón|state_mx_hgo
051|Mineral de la Reforma|state_mx_hgo
052|San Agustín Tlaxiaca|state_mx_hgo
053|San Bartolo Tutotepec|state_mx_hgo
054|San Salvador|state_mx_hgo
055|Santiago de Anaya|state_mx_hgo
056|Santiago Tulantepec de Lugo Guerrero|state_mx_hgo
057|Singuilucan|state_mx_hgo
058|Tasquillo|state_mx_hgo
059|Tecozautla|state_mx_hgo
060|Tenango de Doria|state_mx_hgo
061|Tepeapulco|state_mx_hgo
062|Tepehuacán de Guerrero|state_mx_hgo
063|Tepeji del Río de Ocampo|state_mx_hgo
064|Tepetitlán|state_mx_hgo
065|Tetepango|state_mx_hgo
066|Villa de Tezontepec|state_mx_hgo
067|Tezontepec de Aldama|state_mx_hgo
068|Tianguistengo|state_mx_hgo
069|Tizayuca|state_mx_hgo
070|Tlahuelilpan|state_mx_hgo
071|Tlahuiltepa|state_mx_hgo
072|Tlanalapa|state_mx_hgo
073|Tlanchinol|state_mx_hgo
074|Tlaxcoapan|state_mx_hgo
075|Tolcayuca|state_mx_hgo
076|Tula de Allende|state_mx_hgo
077|Tulancingo de Bravo|state_mx_hgo
078|Xochiatipan|state_mx_hgo
079|Xochicoatlán|state_mx_hgo
080|Yahualica|state_mx_hgo
081|Zacualtipán de Ángeles|state_mx_hgo
082|Zapotlán de Juárez|state_mx_hgo
083|Zempoala|state_mx_hgo
084|Zimapán|state_mx_hgo
001|Acatic|state_mx_jal
002|Acatlán de Juárez|state_mx_jal
003|Ahualulco de Mercado|state_mx_jal
004|Amacueca|state_mx_jal
005|Amatitán|state_mx_jal
006|Ameca|state_mx_jal
007|San Juanito de Escobedo|state_mx_jal
008|Arandas|state_mx_jal
009|El Arenal|state_mx_jal
010|Atemajac de Brizuela|state_mx_jal
011|Atengo|state_mx_jal
012|Atenguillo|state_mx_jal
013|Atotonilco el Alto|state_mx_jal
014|Atoyac|state_mx_jal
015|Autlán de Navarro|state_mx_jal
016|Ayotlán|state_mx_jal
017|Ayutla|state_mx_jal
018|La Barca|state_mx_jal
019|Bolaños|state_mx_jal
020|Cabo Corrientes|state_mx_jal
021|Casimiro Castillo|state_mx_jal
022|Cihuatlán|state_mx_jal
023|Zapotlán el Grande|state_mx_jal
024|Cocula|state_mx_jal
025|Colotlán|state_mx_jal
026|Concepción de Buenos Aires|state_mx_jal
027|Cuautitlán de García Barragán|state_mx_jal
028|Cuautla|state_mx_jal
029|Cuquío|state_mx_jal
030|Chapala|state_mx_jal
031|Chimaltitán|state_mx_jal
032|Chiquilistlán|state_mx_jal
033|Degollado|state_mx_jal
034|Ejutla|state_mx_jal
035|Encarnación de Díaz|state_mx_jal
036|Etzatlán|state_mx_jal
037|El Grullo|state_mx_jal
038|Guachinango|state_mx_jal
039|Guadalajara|state_mx_jal
040|Hostotipaquillo|state_mx_jal
041|Huejúcar|state_mx_jal
042|Huejuquilla el Alto|state_mx_jal
043|La Huerta|state_mx_jal
044|Ixtlahuacán de los Membrillos|state_mx_jal
045|Ixtlahuacán del Río|state_mx_jal
046|Jalostotitlán|state_mx_jal
047|Jamay|state_mx_jal
048|Jesús María|state_mx_jal
049|Jilotlán de los Dolores|state_mx_jal
050|Jocotepec|state_mx_jal
051|Juanacatlán|state_mx_jal
052|Juchitlán|state_mx_jal
053|Lagos de Moreno|state_mx_jal
054|El Limón|state_mx_jal
055|Magdalena|state_mx_jal
056|Santa María del Oro|state_mx_jal
057|La Manzanilla de la Paz|state_mx_jal
058|Mascota|state_mx_jal
059|Mazamitla|state_mx_jal
060|Mexticacán|state_mx_jal
061|Mezquitic|state_mx_jal
062|Mixtlán|state_mx_jal
063|Ocotlán|state_mx_jal
064|Ojuelos de Jalisco|state_mx_jal
065|Pihuamo|state_mx_jal
066|Poncitlán|state_mx_jal
067|Puerto Vallarta|state_mx_jal
068|Villa Purificación|state_mx_jal
069|Quitupan|state_mx_jal
070|El Salto|state_mx_jal
071|San Cristóbal de la Barranca|state_mx_jal
072|San Diego de Alejandría|state_mx_jal
073|San Juan de los Lagos|state_mx_jal
074|San Julián|state_mx_jal
075|San Marcos|state_mx_jal
076|San Martín de Bolaños|state_mx_jal
077|San Martín Hidalgo|state_mx_jal
078|San Miguel el Alto|state_mx_jal
079|Gómez Farías|state_mx_jal
080|San Sebastián del Oeste|state_mx_jal
081|Santa María de los Ángeles|state_mx_jal
082|Sayula|state_mx_jal
083|Tala|state_mx_jal
084|Talpa de Allende|state_mx_jal
085|Tamazula de Gordiano|state_mx_jal
086|Tapalpa|state_mx_jal
087|Tecalitlán|state_mx_jal
088|Tecolotlán|state_mx_jal
089|Techaluta de Montenegro|state_mx_jal
090|Tenamaxtlán|state_mx_jal
091|Teocaltiche|state_mx_jal
092|Teocuitatlán de Corona|state_mx_jal
093|Tepatitlán de Morelos|state_mx_jal
094|Tequila|state_mx_jal
095|Teuchitlán|state_mx_jal
096|Tizapán el Alto|state_mx_jal
097|Tlajomulco de Zúñiga|state_mx_jal
098|San Pedro Tlaquepaque|state_mx_jal
099|Tolimán|state_mx_jal
100|Tomatlán|state_mx_jal
101|Tonalá|state_mx_jal
102|Tonaya|state_mx_jal
103|Tonila|state_mx_jal
104|Totatiche|state_mx_jal
105|Tototlán|state_mx_jal
106|Tuxcacuesco|state_mx_jal
107|Tuxcueca|state_mx_jal
108|Tuxpan|state_mx_jal
109|Unión de San Antonio|state_mx_jal
110|Unión de Tula|state_mx_jal
111|Valle de Guadalupe|state_mx_jal
112|Valle de Juárez|state_mx_jal
113|San Gabriel|state_mx_jal
114|Villa Corona|state_mx_jal
115|Villa Guerrero|state_mx_jal
116|Villa Hidalgo|state_mx_jal
117|Cañadas de Obregón|state_mx_jal
118|Yahualica de González Gallo|state_mx_jal
119|Zacoalco de Torres|state_mx_jal
120|Zapopan|state_mx_jal
121|Zapotiltic|state_mx_jal
122|Zapotitlán de Vadillo|state_mx_jal
123|Zapotlán del Rey|state_mx_jal
124|Zapotlanejo|state_mx_jal
125|San Ignacio Cerro Gordo|state_mx_jal
001|Acambay de Ruíz Castañeda|state_mx_mex
002|Acolman|state_mx_mex
003|Aculco|state_mx_mex
004|Almoloya de Alquisiras|state_mx_mex
005|Almoloya de Juárez|state_mx_mex
006|Almoloya del Río|state_mx_mex
007|Amanalco|state_mx_mex
008|Amatepec|state_mx_mex
009|Amecameca|state_mx_mex
010|Apaxco|state_mx_mex
011|Atenco|state_mx_mex
012|Atizapán|state_mx_mex
013|Atizapán de Zaragoza|state_mx_mex
014|Atlacomulco|state_mx_mex
015|Atlautla|state_mx_mex
016|Axapusco|state_mx_mex
017|Ayapango|state_mx_mex
018|Calimaya|state_mx_mex
019|Capulhuac|state_mx_mex
020|Coacalco de Berriozábal|state_mx_mex
021|Coatepec Harinas|state_mx_mex
022|Cocotitlán|state_mx_mex
023|Coyotepec|state_mx_mex
024|Cuautitlán|state_mx_mex
025|Chalco|state_mx_mex
026|Chapa de Mota|state_mx_mex
027|Chapultepec|state_mx_mex
028|Chiautla|state_mx_mex
029|Chicoloapan|state_mx_mex
030|Chiconcuac|state_mx_mex
031|Chimalhuacán|state_mx_mex
032|Donato Guerra|state_mx_mex
033|Ecatepec de Morelos|state_mx_mex
034|Ecatzingo|state_mx_mex
035|Huehuetoca|state_mx_mex
036|Hueypoxtla|state_mx_mex
037|Huixquilucan|state_mx_mex
038|Isidro Fabela|state_mx_mex
039|Ixtapaluca|state_mx_mex
040|Ixtapan de la Sal|state_mx_mex
041|Ixtapan del Oro|state_mx_mex
042|Ixtlahuaca|state_mx_mex
043|Xalatlaco|state_mx_mex
044|Jaltenco|state_mx_mex
045|Jilotepec|state_mx_mex
046|Jilotzingo|state_mx_mex
047|Jiquipilco|state_mx_mex
048|Jocotitlán|state_mx_mex
049|Joquicingo|state_mx_mex
050|Juchitepec|state_mx_mex
051|Lerma|state_mx_mex
052|Malinalco|state_mx_mex
053|Melchor Ocampo|state_mx_mex
054|Metepec|state_mx_mex
055|Mexicaltzingo|state_mx_mex
056|Morelos|state_mx_mex
057|Naucalpan de Juárez|state_mx_mex
058|Nezahualcóyotl|state_mx_mex
059|Nextlalpan|state_mx_mex
060|Nicolás Romero|state_mx_mex
061|Nopaltepec|state_mx_mex
062|Ocoyoacac|state_mx_mex
063|Ocuilan|state_mx_mex
064|El Oro|state_mx_mex
065|Otumba|state_mx_mex
066|Otzoloapan|state_mx_mex
067|Otzolotepec|state_mx_mex
068|Ozumba|state_mx_mex
069|Papalotla|state_mx_mex
070|La Paz|state_mx_mex
071|Polotitlán|state_mx_mex
072|Rayón|state_mx_mex
073|San Antonio la Isla|state_mx_mex
074|San Felipe del Progreso|state_mx_mex
075|San Martín de las Pirámides|state_mx_mex
076|San Mateo Atenco|state_mx_mex
077|San Simón de Guerrero|state_mx_mex
078|Santo Tomás|state_mx_mex
079|Soyaniquilpan de Juárez|state_mx_mex
080|Sultepec|state_mx_mex
081|Tecámac|state_mx_mex
082|Tejupilco|state_mx_mex
083|Temamatla|state_mx_mex
084|Temascalapa|state_mx_mex
085|Temascalcingo|state_mx_mex
086|Temascaltepec|state_mx_mex
087|Temoaya|state_mx_mex
088|Tenancingo|state_mx_mex
089|Tenango del Aire|state_mx_mex
090|Tenango del Valle|state_mx_mex
091|Teoloyucan|state_mx_mex
092|Teotihuacán|state_mx_mex
093|Tepetlaoxtoc|state_mx_mex
094|Tepetlixpa|state_mx_mex
095|Tepotzotlán|state_mx_mex
096|Tequixquiac|state_mx_mex
097|Texcaltitlán|state_mx_mex
098|Texcalyacac|state_mx_mex
099|Texcoco|state_mx_mex
100|Tezoyuca|state_mx_mex
101|Tianguistenco|state_mx_mex
102|Timilpan|state_mx_mex
103|Tlalmanalco|state_mx_mex
104|Tlalnepantla de Baz|state_mx_mex
105|Tlatlaya|state_mx_mex
106|Toluca|state_mx_mex
107|Tonatico|state_mx_mex
108|Tultepec|state_mx_mex
109|Tultitlán|state_mx_mex
110|Valle de Bravo|state_mx_mex
111|Villa de Allende|state_mx_mex
112|Villa del Carbón|state_mx_mex
113|Villa Guerrero|state_mx_mex
114|Villa Victoria|state_mx_mex
115|Xonacatlán|state_mx_mex
116|Zacazonapan|state_mx_mex
117|Zacualpan|state_mx_mex
118|Zinacantepec|state_mx_mex
119|Zumpahuacán|state_mx_mex
120|Zumpango|state_mx_mex
121|Cuautitlán Izcalli|state_mx_mex
122|Valle de Chalco Solidaridad|state_mx_mex
123|Luvianos|state_mx_mex
124|San José del Rincón|state_mx_mex
125|Tonanitla|state_mx_mex
001|Acuitzio|state_mx_mich
002|Aguililla|state_mx_mich
003|Álvaro Obregón|state_mx_mich
004|Angamacutiro|state_mx_mich
005|Angangueo|state_mx_mich
006|Apatzingán|state_mx_mich
007|Aporo|state_mx_mich
008|Aquila|state_mx_mich
009|Ario|state_mx_mich
010|Arteaga|state_mx_mich
011|Briseñas|state_mx_mich
012|Buenavista|state_mx_mich
013|Carácuaro|state_mx_mich
014|Coahuayana|state_mx_mich
015|Coalcomán de Vázquez Pallares|state_mx_mich
016|Coeneo|state_mx_mich
017|Contepec|state_mx_mich
018|Copándaro|state_mx_mich
019|Cotija|state_mx_mich
020|Cuitzeo|state_mx_mich
021|Charapan|state_mx_mich
022|Charo|state_mx_mich
023|Chavinda|state_mx_mich
024|Cherán|state_mx_mich
025|Chilchota|state_mx_mich
026|Chinicuila|state_mx_mich
027|Chucándiro|state_mx_mich
028|Churintzio|state_mx_mich
029|Churumuco|state_mx_mich
030|Ecuandureo|state_mx_mich
031|Epitacio Huerta|state_mx_mich
032|Erongarícuaro|state_mx_mich
033|Gabriel Zamora|state_mx_mich
034|Hidalgo|state_mx_mich
035|La Huacana|state_mx_mich
036|Huandacareo|state_mx_mich
037|Huaniqueo|state_mx_mich
038|Huetamo|state_mx_mich
039|Huiramba|state_mx_mich
040|Indaparapeo|state_mx_mich
041|Irimbo|state_mx_mich
042|Ixtlán|state_mx_mich
043|Jacona|state_mx_mich
044|Jiménez|state_mx_mich
045|Jiquilpan|state_mx_mich
046|Juárez|state_mx_mich
047|Jungapeo|state_mx_mich
048|Lagunillas|state_mx_mich
049|Madero|state_mx_mich
050|Maravatío|state_mx_mich
051|Marcos Castellanos|state_mx_mich
052|Lázaro Cárdenas|state_mx_mich
053|Morelia|state_mx_mich
054|Morelos|state_mx_mich
055|Múgica|state_mx_mich
056|Nahuatzen|state_mx_mich
057|Nocupétaro|state_mx_mich
058|Nuevo Parangaricutiro|state_mx_mich
059|Nuevo Urecho|state_mx_mich
060|Numarán|state_mx_mich
061|Ocampo|state_mx_mich
062|Pajacuarán|state_mx_mich
063|Panindícuaro|state_mx_mich
064|Parácuaro|state_mx_mich
065|Paracho|state_mx_mich
066|Pátzcuaro|state_mx_mich
067|Penjamillo|state_mx_mich
068|Peribán|state_mx_mich
069|La Piedad|state_mx_mich
070|Purépero|state_mx_mich
071|Puruándiro|state_mx_mich
072|Queréndaro|state_mx_mich
073|Quiroga|state_mx_mich
074|Cojumatlán de Régules|state_mx_mich
075|Los Reyes|state_mx_mich
076|Sahuayo|state_mx_mich
077|San Lucas|state_mx_mich
078|Santa Ana Maya|state_mx_mich
079|Salvador Escalante|state_mx_mich
080|Senguio|state_mx_mich
081|Susupuato|state_mx_mich
082|Tacámbaro|state_mx_mich
083|Tancítaro|state_mx_mich
084|Tangamandapio|state_mx_mich
085|Tangancícuaro|state_mx_mich
086|Tanhuato|state_mx_mich
087|Taretan|state_mx_mich
088|Tarímbaro|state_mx_mich
089|Tepalcatepec|state_mx_mich
090|Tingambato|state_mx_mich
091|Tingüindín|state_mx_mich
092|Tiquicheo de Nicolás Romero|state_mx_mich
093|Tlalpujahua|state_mx_mich
094|Tlazazalca|state_mx_mich
095|Tocumbo|state_mx_mich
096|Tumbiscatío|state_mx_mich
097|Turicato|state_mx_mich
098|Tuxpan|state_mx_mich
099|Tuzantla|state_mx_mich
100|Tzintzuntzan|state_mx_mich
101|Tzitzio|state_mx_mich
102|Uruapan|state_mx_mich
103|Venustiano Carranza|state_mx_mich
104|Villamar|state_mx_mich
105|Vista Hermosa|state_mx_mich
106|Yurécuaro|state_mx_mich
107|Zacapu|state_mx_mich
108|Zamora|state_mx_mich
109|Zináparo|state_mx_mich
110|Zinapécuaro|state_mx_mich
111|Ziracuaretiro|state_mx_mich
112|Zitácuaro|state_mx_mich
113|José Sixto Verduzco|state_mx_mich
001|Amacuzac|state_mx_mor
002|Atlatlahucan|state_mx_mor
003|Axochiapan|state_mx_mor
004|Ayala|state_mx_mor
005|Coatlán del Río|state_mx_mor
006|Cuautla|state_mx_mor
007|Cuernavaca|state_mx_mor
008|Emiliano Zapata|state_mx_mor
009|Huitzilac|state_mx_mor
010|Jantetelco|state_mx_mor
011|Jiutepec|state_mx_mor
012|Jojutla|state_mx_mor
013|Jonacatepec|state_mx_mor
014|Mazatepec|state_mx_mor
015|Miacatlán|state_mx_mor
016|Ocuituco|state_mx_mor
017|Puente de Ixtla|state_mx_mor
018|Temixco|state_mx_mor
019|Tepalcingo|state_mx_mor
020|Tepoztlán|state_mx_mor
021|Tetecala|state_mx_mor
022|Tetela del Volcán|state_mx_mor
023|Tlalnepantla|state_mx_mor
024|Tlaltizapán de Zapata|state_mx_mor
025|Tlaquiltenango|state_mx_mor
026|Tlayacapan|state_mx_mor
027|Totolapan|state_mx_mor
028|Xochitepec|state_mx_mor
029|Yautepec|state_mx_mor
030|Yecapixtla|state_mx_mor
031|Zacatepec|state_mx_mor
032|Zacualpan|state_mx_mor
033|Temoac|state_mx_mor
001|Acaponeta|state_mx_nay
002|Ahuacatlán|state_mx_nay
003|Amatlán de Cañas|state_mx_nay
004|Compostela|state_mx_nay
005|Huajicori|state_mx_nay
006|Ixtlán del Río|state_mx_nay
007|Jala|state_mx_nay
008|Xalisco|state_mx_nay
009|Del Nayar|state_mx_nay
010|Rosamorada|state_mx_nay
011|Ruíz|state_mx_nay
012|San Blas|state_mx_nay
013|San Pedro Lagunillas|state_mx_nay
014|Santa María del Oro|state_mx_nay
015|Santiago Ixcuintla|state_mx_nay
016|Tecuala|state_mx_nay
017|Tepic|state_mx_nay
018|Tuxpan|state_mx_nay
019|La Yesca|state_mx_nay
020|Bahía de Banderas|state_mx_nay
001|Abasolo|state_mx_nl
002|Agualeguas|state_mx_nl
003|Los Aldamas|state_mx_nl
004|Allende|state_mx_nl
005|Anáhuac|state_mx_nl
006|Apodaca|state_mx_nl
007|Aramberri|state_mx_nl
008|Bustamante|state_mx_nl
009|Cadereyta Jiménez|state_mx_nl
010|El Carmen|state_mx_nl
011|Cerralvo|state_mx_nl
012|Ciénega de Flores|state_mx_nl
013|China|state_mx_nl
014|Doctor Arroyo|state_mx_nl
015|Doctor Coss|state_mx_nl
016|Doctor González|state_mx_nl
017|Galeana|state_mx_nl
018|García|state_mx_nl
019|San Pedro Garza García|state_mx_nl
020|General Bravo|state_mx_nl
021|General Escobedo|state_mx_nl
022|General Terán|state_mx_nl
023|General Treviño|state_mx_nl
024|General Zaragoza|state_mx_nl
025|General Zuazua|state_mx_nl
026|Guadalupe|state_mx_nl
027|Los Herreras|state_mx_nl
028|Higueras|state_mx_nl
029|Hualahuises|state_mx_nl
030|Iturbide|state_mx_nl
031|Juárez|state_mx_nl
032|Lampazos de Naranjo|state_mx_nl
033|Linares|state_mx_nl
034|Marín|state_mx_nl
035|Melchor Ocampo|state_mx_nl
036|Mier y Noriega|state_mx_nl
037|Mina|state_mx_nl
038|Montemorelos|state_mx_nl
039|Monterrey|state_mx_nl
040|Parás|state_mx_nl
041|Pesquería|state_mx_nl
042|Los Ramones|state_mx_nl
043|Rayones|state_mx_nl
044|Sabinas Hidalgo|state_mx_nl
045|Salinas Victoria|state_mx_nl
046|San Nicolás de los Garza|state_mx_nl
047|Hidalgo|state_mx_nl
048|Santa Catarina|state_mx_nl
049|Santiago|state_mx_nl
050|Vallecillo|state_mx_nl
051|Villaldama|state_mx_nl
001|Abejones|state_mx_oax
002|Acatlán de Pérez Figueroa|state_mx_oax
003|Asunción Cacalotepec|state_mx_oax
004|Asunción Cuyotepeji|state_mx_oax
005|Asunción Ixtaltepec|state_mx_oax
006|Asunción Nochixtlán|state_mx_oax
007|Asunción Ocotlán|state_mx_oax
008|Asunción Tlacolulita|state_mx_oax
009|Ayotzintepec|state_mx_oax
010|El Barrio de la Soledad|state_mx_oax
011|Calihualá|state_mx_oax
012|Candelaria Loxicha|state_mx_oax
013|Ciénega de Zimatlán|state_mx_oax
014|Ciudad Ixtepec|state_mx_oax
015|Coatecas Altas|state_mx_oax
016|Coicoyán de las Flores|state_mx_oax
017|La Compañía|state_mx_oax
018|Concepción Buenavista|state_mx_oax
019|Concepción Pápalo|state_mx_oax
020|Constancia del Rosario|state_mx_oax
021|Cosolapa|state_mx_oax
022|Cosoltepec|state_mx_oax
023|Cuilápam de Guerrero|state_mx_oax
024|Cuyamecalco Villa de Zaragoza|state_mx_oax
025|Chahuites|state_mx_oax
026|Chalcatongo de Hidalgo|state_mx_oax
027|Chiquihuitlán de Benito Juárez|state_mx_oax
028|Heroica Ciudad de Ejutla de Crespo|state_mx_oax
029|Eloxochitlán de Flores Magón|state_mx_oax
030|El Espinal|state_mx_oax
031|Tamazulápam del Espíritu Santo|state_mx_oax
032|Fresnillo de Trujano|state_mx_oax
033|Guadalupe Etla|state_mx_oax
034|Guadalupe de Ramírez|state_mx_oax
035|Guelatao de Juárez|state_mx_oax
036|Guevea de Humboldt|state_mx_oax
037|Mesones Hidalgo|state_mx_oax
038|Villa Hidalgo|state_mx_oax
039|Heroica Ciudad de Huajuapan de León|state_mx_oax
040|Huautepec|state_mx_oax
041|Huautla de Jiménez|state_mx_oax
042|Ixtlán de Juárez|state_mx_oax
043|Heroica Ciudad de Juchitán de Zaragoza|state_mx_oax
044|Loma Bonita|state_mx_oax
045|Magdalena Apasco|state_mx_oax
046|Magdalena Jaltepec|state_mx_oax
047|Santa Magdalena Jicotlán|state_mx_oax
048|Magdalena Mixtepec|state_mx_oax
049|Magdalena Ocotlán|state_mx_oax
050|Magdalena Peñasco|state_mx_oax
051|Magdalena Teitipac|state_mx_oax
052|Magdalena Tequisistlán|state_mx_oax
053|Magdalena Tlacotepec|state_mx_oax
054|Magdalena Zahuatlán|state_mx_oax
055|Mariscala de Juárez|state_mx_oax
056|Mártires de Tacubaya|state_mx_oax
057|Matías Romero Avendaño|state_mx_oax
058|Mazatlán Villa de Flores|state_mx_oax
059|Miahuatlán de Porfirio Díaz|state_mx_oax
060|Mixistlán de la Reforma|state_mx_oax
061|Monjas|state_mx_oax
062|Natividad|state_mx_oax
063|Nazareno Etla|state_mx_oax
064|Nejapa de Madero|state_mx_oax
065|Ixpantepec Nieves|state_mx_oax
066|Santiago Niltepec|state_mx_oax
067|Oaxaca de Juárez|state_mx_oax
068|Ocotlán de Morelos|state_mx_oax
069|La Pe|state_mx_oax
070|Pinotepa de Don Luis|state_mx_oax
071|Pluma Hidalgo|state_mx_oax
072|San José del Progreso|state_mx_oax
073|Putla Villa de Guerrero|state_mx_oax
074|Santa Catarina Quioquitani|state_mx_oax
075|Reforma de Pineda|state_mx_oax
076|La Reforma|state_mx_oax
077|Reyes Etla|state_mx_oax
078|Rojas de Cuauhtémoc|state_mx_oax
079|Salina Cruz|state_mx_oax
080|San Agustín Amatengo|state_mx_oax
081|San Agustín Atenango|state_mx_oax
082|San Agustín Chayuco|state_mx_oax
083|San Agustín de las Juntas|state_mx_oax
084|San Agustín Etla|state_mx_oax
085|San Agustín Loxicha|state_mx_oax
086|San Agustín Tlacotepec|state_mx_oax
087|San Agustín Yatareni|state_mx_oax
088|San Andrés Cabecera Nueva|state_mx_oax
089|San Andrés Dinicuiti|state_mx_oax
090|San Andrés Huaxpaltepec|state_mx_oax
091|San Andrés Huayápam|state_mx_oax
092|San Andrés Ixtlahuaca|state_mx_oax
093|San Andrés Lagunas|state_mx_oax
094|San Andrés Nuxiño|state_mx_oax
095|San Andrés Paxtlán|state_mx_oax
096|San Andrés Sinaxtla|state_mx_oax
097|San Andrés Solaga|state_mx_oax
098|San Andrés Teotilálpam|state_mx_oax
099|San Andrés Tepetlapa|state_mx_oax
100|San Andrés Yaá|state_mx_oax
101|San Andrés Zabache|state_mx_oax
102|San Andrés Zautla|state_mx_oax
103|San Antonino Castillo Velasco|state_mx_oax
104|San Antonino el Alto|state_mx_oax
105|San Antonino Monte Verde|state_mx_oax
106|San Antonio Acutla|state_mx_oax
107|San Antonio de la Cal|state_mx_oax
108|San Antonio Huitepec|state_mx_oax
109|San Antonio Nanahuatípam|state_mx_oax
110|San Antonio Sinicahua|state_mx_oax
111|San Antonio Tepetlapa|state_mx_oax
112|San Baltazar Chichicápam|state_mx_oax
113|San Baltazar Loxicha|state_mx_oax
114|San Baltazar Yatzachi el Bajo|state_mx_oax
115|San Bartolo Coyotepec|state_mx_oax
116|San Bartolomé Ayautla|state_mx_oax
117|San Bartolomé Loxicha|state_mx_oax
118|San Bartolomé Quialana|state_mx_oax
119|San Bartolomé Yucuañe|state_mx_oax
120|San Bartolomé Zoogocho|state_mx_oax
121|San Bartolo Soyaltepec|state_mx_oax
122|San Bartolo Yautepec|state_mx_oax
123|San Bernardo Mixtepec|state_mx_oax
124|San Blas Atempa|state_mx_oax
125|San Carlos Yautepec|state_mx_oax
126|San Cristóbal Amatlán|state_mx_oax
127|San Cristóbal Amoltepec|state_mx_oax
128|San Cristóbal Lachirioag|state_mx_oax
129|San Cristóbal Suchixtlahuaca|state_mx_oax
130|San Dionisio del Mar|state_mx_oax
131|San Dionisio Ocotepec|state_mx_oax
132|San Dionisio Ocotlán|state_mx_oax
133|San Esteban Atatlahuca|state_mx_oax
134|San Felipe Jalapa de Díaz|state_mx_oax
135|San Felipe Tejalápam|state_mx_oax
136|San Felipe Usila|state_mx_oax
137|San Francisco Cahuacuá|state_mx_oax
138|San Francisco Cajonos|state_mx_oax
139|San Francisco Chapulapa|state_mx_oax
140|San Francisco Chindúa|state_mx_oax
141|San Francisco del Mar|state_mx_oax
142|San Francisco Huehuetlán|state_mx_oax
143|San Francisco Ixhuatán|state_mx_oax
144|San Francisco Jaltepetongo|state_mx_oax
145|San Francisco Lachigoló|state_mx_oax
146|San Francisco Logueche|state_mx_oax
147|San Francisco Nuxaño|state_mx_oax
148|San Francisco Ozolotepec|state_mx_oax
149|San Francisco Sola|state_mx_oax
150|San Francisco Telixtlahuaca|state_mx_oax
151|San Francisco Teopan|state_mx_oax
152|San Francisco Tlapancingo|state_mx_oax
153|San Gabriel Mixtepec|state_mx_oax
154|San Ildefonso Amatlán|state_mx_oax
155|San Ildefonso Sola|state_mx_oax
156|San Ildefonso Villa Alta|state_mx_oax
157|San Jacinto Amilpas|state_mx_oax
158|San Jacinto Tlacotepec|state_mx_oax
159|San Jerónimo Coatlán|state_mx_oax
160|San Jerónimo Silacayoapilla|state_mx_oax
161|San Jerónimo Sosola|state_mx_oax
162|San Jerónimo Taviche|state_mx_oax
163|San Jerónimo Tecóatl|state_mx_oax
164|San Jorge Nuchita|state_mx_oax
165|San José Ayuquila|state_mx_oax
166|San José Chiltepec|state_mx_oax
167|San José del Peñasco|state_mx_oax
168|San José Estancia Grande|state_mx_oax
169|San José Independencia|state_mx_oax
170|San José Lachiguiri|state_mx_oax
171|San José Tenango|state_mx_oax
172|San Juan Achiutla|state_mx_oax
173|San Juan Atepec|state_mx_oax
174|Ánimas Trujano|state_mx_oax
175|San Juan Bautista Atatlahuca|state_mx_oax
176|San Juan Bautista Coixtlahuaca|state_mx_oax
177|San Juan Bautista Cuicatlán|state_mx_oax
178|San Juan Bautista Guelache|state_mx_oax
179|San Juan Bautista Jayacatlán|state_mx_oax
180|San Juan Bautista Lo de Soto|state_mx_oax
181|San Juan Bautista Suchitepec|state_mx_oax
182|San Juan Bautista Tlacoatzintepec|state_mx_oax
183|San Juan Bautista Tlachichilco|state_mx_oax
184|San Juan Bautista Tuxtepec|state_mx_oax
185|San Juan Cacahuatepec|state_mx_oax
186|San Juan Cieneguilla|state_mx_oax
187|San Juan Coatzóspam|state_mx_oax
188|San Juan Colorado|state_mx_oax
189|San Juan Comaltepec|state_mx_oax
190|San Juan Cotzocón|state_mx_oax
191|San Juan Chicomezúchil|state_mx_oax
192|San Juan Chilateca|state_mx_oax
193|San Juan del Estado|state_mx_oax
194|San Juan del Río|state_mx_oax
195|San Juan Diuxi|state_mx_oax
196|San Juan Evangelista Analco|state_mx_oax
197|San Juan Guelavía|state_mx_oax
198|San Juan Guichicovi|state_mx_oax
199|San Juan Ihualtepec|state_mx_oax
200|San Juan Juquila Mixes|state_mx_oax
201|San Juan Juquila Vijanos|state_mx_oax
202|San Juan Lachao|state_mx_oax
203|San Juan Lachigalla|state_mx_oax
204|San Juan Lajarcia|state_mx_oax
205|San Juan Lalana|state_mx_oax
206|San Juan de los Cués|state_mx_oax
207|San Juan Mazatlán|state_mx_oax
208|San Juan Mixtepec -Dto. 08 - |state_mx_oax
209|San Juan Mixtepec -Dto. 26 - |state_mx_oax
210|San Juan Ñumí|state_mx_oax
211|San Juan Ozolotepec|state_mx_oax
212|San Juan Petlapa|state_mx_oax
213|San Juan Quiahije|state_mx_oax
214|San Juan Quiotepec|state_mx_oax
215|San Juan Sayultepec|state_mx_oax
216|San Juan Tabaá|state_mx_oax
217|San Juan Tamazola|state_mx_oax
218|San Juan Teita|state_mx_oax
219|San Juan Teitipac|state_mx_oax
220|San Juan Tepeuxila|state_mx_oax
221|San Juan Teposcolula|state_mx_oax
222|San Juan Yaeé|state_mx_oax
223|San Juan Yatzona|state_mx_oax
224|San Juan Yucuita|state_mx_oax
225|San Lorenzo|state_mx_oax
226|San Lorenzo Albarradas|state_mx_oax
227|San Lorenzo Cacaotepec|state_mx_oax
228|San Lorenzo Cuaunecuiltitla|state_mx_oax
229|San Lorenzo Texmelúcan|state_mx_oax
230|San Lorenzo Victoria|state_mx_oax
231|San Lucas Camotlán|state_mx_oax
232|San Lucas Ojitlán|state_mx_oax
233|San Lucas Quiaviní|state_mx_oax
234|San Lucas Zoquiápam|state_mx_oax
235|San Luis Amatlán|state_mx_oax
236|San Marcial Ozolotepec|state_mx_oax
237|San Marcos Arteaga|state_mx_oax
238|San Martín de los Cansecos|state_mx_oax
239|San Martín Huamelúlpam|state_mx_oax
240|San Martín Itunyoso|state_mx_oax
241|San Martín Lachilá|state_mx_oax
242|San Martín Peras|state_mx_oax
243|San Martín Tilcajete|state_mx_oax
244|San Martín Toxpalan|state_mx_oax
245|San Martín Zacatepec|state_mx_oax
246|San Mateo Cajonos|state_mx_oax
247|Capulálpam de Méndez|state_mx_oax
248|San Mateo del Mar|state_mx_oax
249|San Mateo Yoloxochitlán|state_mx_oax
250|San Mateo Etlatongo|state_mx_oax
251|San Mateo Nejápam|state_mx_oax
252|San Mateo Peñasco|state_mx_oax
253|San Mateo Piñas|state_mx_oax
254|San Mateo Río Hondo|state_mx_oax
255|San Mateo Sindihui|state_mx_oax
256|San Mateo Tlapiltepec|state_mx_oax
257|San Melchor Betaza|state_mx_oax
258|San Miguel Achiutla|state_mx_oax
259|San Miguel Ahuehuetitlán|state_mx_oax
260|San Miguel Aloápam|state_mx_oax
261|San Miguel Amatitlán|state_mx_oax
262|San Miguel Amatlán|state_mx_oax
263|San Miguel Coatlán|state_mx_oax
264|San Miguel Chicahua|state_mx_oax
265|San Miguel Chimalapa|state_mx_oax
266|San Miguel del Puerto|state_mx_oax
267|San Miguel del Río|state_mx_oax
268|San Miguel Ejutla|state_mx_oax
269|San Miguel el Grande|state_mx_oax
270|San Miguel Huautla|state_mx_oax
271|San Miguel Mixtepec|state_mx_oax
272|San Miguel Panixtlahuaca|state_mx_oax
273|San Miguel Peras|state_mx_oax
274|San Miguel Piedras|state_mx_oax
275|San Miguel Quetzaltepec|state_mx_oax
276|San Miguel Santa Flor|state_mx_oax
277|Villa Sola de Vega|state_mx_oax
278|San Miguel Soyaltepec|state_mx_oax
279|San Miguel Suchixtepec|state_mx_oax
280|Villa Talea de Castro|state_mx_oax
281|San Miguel Tecomatlán|state_mx_oax
282|San Miguel Tenango|state_mx_oax
283|San Miguel Tequixtepec|state_mx_oax
284|San Miguel Tilquiápam|state_mx_oax
285|San Miguel Tlacamama|state_mx_oax
286|San Miguel Tlacotepec|state_mx_oax
287|San Miguel Tulancingo|state_mx_oax
288|San Miguel Yotao|state_mx_oax
289|San Nicolás|state_mx_oax
290|San Nicolás Hidalgo|state_mx_oax
291|San Pablo Coatlán|state_mx_oax
292|San Pablo Cuatro Venados|state_mx_oax
293|San Pablo Etla|state_mx_oax
294|San Pablo Huitzo|state_mx_oax
295|San Pablo Huixtepec|state_mx_oax
296|San Pablo Macuiltianguis|state_mx_oax
297|San Pablo Tijaltepec|state_mx_oax
298|San Pablo Villa de Mitla|state_mx_oax
299|San Pablo Yaganiza|state_mx_oax
300|San Pedro Amuzgos|state_mx_oax
301|San Pedro Apóstol|state_mx_oax
302|San Pedro Atoyac|state_mx_oax
303|San Pedro Cajonos|state_mx_oax
304|San Pedro Coxcaltepec Cántaros|state_mx_oax
305|San Pedro Comitancillo|state_mx_oax
306|San Pedro el Alto|state_mx_oax
307|San Pedro Huamelula|state_mx_oax
308|San Pedro Huilotepec|state_mx_oax
309|San Pedro Ixcatlán|state_mx_oax
310|San Pedro Ixtlahuaca|state_mx_oax
311|San Pedro Jaltepetongo|state_mx_oax
312|San Pedro Jicayán|state_mx_oax
313|San Pedro Jocotipac|state_mx_oax
314|San Pedro Juchatengo|state_mx_oax
315|San Pedro Mártir|state_mx_oax
316|San Pedro Mártir Quiechapa|state_mx_oax
317|San Pedro Mártir Yucuxaco|state_mx_oax
318|San Pedro Mixtepec -Dto. 22 - |state_mx_oax
319|San Pedro Mixtepec -Dto. 26 - |state_mx_oax
320|San Pedro Molinos|state_mx_oax
321|San Pedro Nopala|state_mx_oax
322|San Pedro Ocopetatillo|state_mx_oax
323|San Pedro Ocotepec|state_mx_oax
324|San Pedro Pochutla|state_mx_oax
325|San Pedro Quiatoni|state_mx_oax
326|San Pedro Sochiápam|state_mx_oax
327|San Pedro Tapanatepec|state_mx_oax
328|San Pedro Taviche|state_mx_oax
329|San Pedro Teozacoalco|state_mx_oax
330|San Pedro Teutila|state_mx_oax
331|San Pedro Tidaá|state_mx_oax
332|San Pedro Topiltepec|state_mx_oax
333|San Pedro Totolápam|state_mx_oax
334|Villa de Tututepec de Melchor Ocampo|state_mx_oax
335|San Pedro Yaneri|state_mx_oax
336|San Pedro Yólox|state_mx_oax
337|San Pedro y San Pablo Ayutla|state_mx_oax
338|Villa de Etla|state_mx_oax
339|San Pedro y San Pablo Teposcolula|state_mx_oax
340|San Pedro y San Pablo Tequixtepec|state_mx_oax
341|San Pedro Yucunama|state_mx_oax
342|San Raymundo Jalpan|state_mx_oax
343|San Sebastián Abasolo|state_mx_oax
344|San Sebastián Coatlán|state_mx_oax
345|San Sebastián Ixcapa|state_mx_oax
346|San Sebastián Nicananduta|state_mx_oax
347|San Sebastián Río Hondo|state_mx_oax
348|San Sebastián Tecomaxtlahuaca|state_mx_oax
349|San Sebastián Teitipac|state_mx_oax
350|San Sebastián Tutla|state_mx_oax
351|San Simón Almolongas|state_mx_oax
352|San Simón Zahuatlán|state_mx_oax
353|Santa Ana|state_mx_oax
354|Santa Ana Ateixtlahuaca|state_mx_oax
355|Santa Ana Cuauhtémoc|state_mx_oax
356|Santa Ana del Valle|state_mx_oax
357|Santa Ana Tavela|state_mx_oax
358|Santa Ana Tlapacoyan|state_mx_oax
359|Santa Ana Yareni|state_mx_oax
360|Santa Ana Zegache|state_mx_oax
361|Santa Catalina Quierí|state_mx_oax
362|Santa Catarina Cuixtla|state_mx_oax
363|Santa Catarina Ixtepeji|state_mx_oax
364|Santa Catarina Juquila|state_mx_oax
365|Santa Catarina Lachatao|state_mx_oax
366|Santa Catarina Loxicha|state_mx_oax
367|Santa Catarina Mechoacán|state_mx_oax
368|Santa Catarina Minas|state_mx_oax
369|Santa Catarina Quiané|state_mx_oax
370|Santa Catarina Tayata|state_mx_oax
371|Santa Catarina Ticuá|state_mx_oax
372|Santa Catarina Yosonotú|state_mx_oax
373|Santa Catarina Zapoquila|state_mx_oax
374|Santa Cruz Acatepec|state_mx_oax
375|Santa Cruz Amilpas|state_mx_oax
376|Santa Cruz de Bravo|state_mx_oax
377|Santa Cruz Itundujia|state_mx_oax
378|Santa Cruz Mixtepec|state_mx_oax
379|Santa Cruz Nundaco|state_mx_oax
380|Santa Cruz Papalutla|state_mx_oax
381|Santa Cruz Tacache de Mina|state_mx_oax
382|Santa Cruz Tacahua|state_mx_oax
383|Santa Cruz Tayata|state_mx_oax
384|Santa Cruz Xitla|state_mx_oax
385|Santa Cruz Xoxocotlán|state_mx_oax
386|Santa Cruz Zenzontepec|state_mx_oax
387|Santa Gertrudis|state_mx_oax
388|Santa Inés del Monte|state_mx_oax
389|Santa Inés Yatzeche|state_mx_oax
390|Santa Lucía del Camino|state_mx_oax
391|Santa Lucía Miahuatlán|state_mx_oax
392|Santa Lucía Monteverde|state_mx_oax
393|Santa Lucía Ocotlán|state_mx_oax
394|Santa María Alotepec|state_mx_oax
395|Santa María Apazco|state_mx_oax
396|Santa María la Asunción|state_mx_oax
397|Heroica Ciudad de Tlaxiaco|state_mx_oax
398|Ayoquezco de Aldama|state_mx_oax
399|Santa María Atzompa|state_mx_oax
400|Santa María Camotlán|state_mx_oax
401|Santa María Colotepec|state_mx_oax
402|Santa María Cortijo|state_mx_oax
403|Santa María Coyotepec|state_mx_oax
404|Santa María Chachoápam|state_mx_oax
405|Villa de Chilapa de Díaz|state_mx_oax
406|Santa María Chilchotla|state_mx_oax
407|Santa María Chimalapa|state_mx_oax
408|Santa María del Rosario|state_mx_oax
409|Santa María del Tule|state_mx_oax
410|Santa María Ecatepec|state_mx_oax
411|Santa María Guelacé|state_mx_oax
412|Santa María Guienagati|state_mx_oax
413|Santa María Huatulco|state_mx_oax
414|Santa María Huazolotitlán|state_mx_oax
415|Santa María Ipalapa|state_mx_oax
416|Santa María Ixcatlán|state_mx_oax
417|Santa María Jacatepec|state_mx_oax
418|Santa María Jalapa del Marqués|state_mx_oax
419|Santa María Jaltianguis|state_mx_oax
420|Santa María Lachixío|state_mx_oax
421|Santa María Mixtequilla|state_mx_oax
422|Santa María Nativitas|state_mx_oax
423|Santa María Nduayaco|state_mx_oax
424|Santa María Ozolotepec|state_mx_oax
425|Santa María Pápalo|state_mx_oax
426|Santa María Peñoles|state_mx_oax
427|Santa María Petapa|state_mx_oax
428|Santa María Quiegolani|state_mx_oax
429|Santa María Sola|state_mx_oax
430|Santa María Tataltepec|state_mx_oax
431|Santa María Tecomavaca|state_mx_oax
432|Santa María Temaxcalapa|state_mx_oax
433|Santa María Temaxcaltepec|state_mx_oax
434|Santa María Teopoxco|state_mx_oax
435|Santa María Tepantlali|state_mx_oax
436|Santa María Texcatitlán|state_mx_oax
437|Santa María Tlahuitoltepec|state_mx_oax
438|Santa María Tlalixtac|state_mx_oax
439|Santa María Tonameca|state_mx_oax
440|Santa María Totolapilla|state_mx_oax
441|Santa María Xadani|state_mx_oax
442|Santa María Yalina|state_mx_oax
443|Santa María Yavesía|state_mx_oax
444|Santa María Yolotepec|state_mx_oax
445|Santa María Yosoyúa|state_mx_oax
446|Santa María Yucuhiti|state_mx_oax
447|Santa María Zacatepec|state_mx_oax
448|Santa María Zaniza|state_mx_oax
449|Santa María Zoquitlán|state_mx_oax
450|Santiago Amoltepec|state_mx_oax
451|Santiago Apoala|state_mx_oax
452|Santiago Apóstol|state_mx_oax
453|Santiago Astata|state_mx_oax
454|Santiago Atitlán|state_mx_oax
455|Santiago Ayuquililla|state_mx_oax
456|Santiago Cacaloxtepec|state_mx_oax
457|Santiago Camotlán|state_mx_oax
458|Santiago Comaltepec|state_mx_oax
459|Santiago Chazumba|state_mx_oax
460|Santiago Choápam|state_mx_oax
461|Santiago del Río|state_mx_oax
462|Santiago Huajolotitlán|state_mx_oax
463|Santiago Huauclilla|state_mx_oax
464|Santiago Ihuitlán Plumas|state_mx_oax
465|Santiago Ixcuintepec|state_mx_oax
466|Santiago Ixtayutla|state_mx_oax
467|Santiago Jamiltepec|state_mx_oax
468|Santiago Jocotepec|state_mx_oax
469|Santiago Juxtlahuaca|state_mx_oax
470|Santiago Lachiguiri|state_mx_oax
471|Santiago Lalopa|state_mx_oax
472|Santiago Laollaga|state_mx_oax
473|Santiago Laxopa|state_mx_oax
474|Santiago Llano Grande|state_mx_oax
475|Santiago Matatlán|state_mx_oax
476|Santiago Miltepec|state_mx_oax
477|Santiago Minas|state_mx_oax
478|Santiago Nacaltepec|state_mx_oax
479|Santiago Nejapilla|state_mx_oax
480|Santiago Nundiche|state_mx_oax
481|Santiago Nuyoó|state_mx_oax
482|Santiago Pinotepa Nacional|state_mx_oax
483|Santiago Suchilquitongo|state_mx_oax
484|Santiago Tamazola|state_mx_oax
485|Santiago Tapextla|state_mx_oax
486|Villa Tejúpam de la Unión|state_mx_oax
487|Santiago Tenango|state_mx_oax
488|Santiago Tepetlapa|state_mx_oax
489|Santiago Tetepec|state_mx_oax
490|Santiago Texcalcingo|state_mx_oax
491|Santiago Textitlán|state_mx_oax
492|Santiago Tilantongo|state_mx_oax
493|Santiago Tillo|state_mx_oax
494|Santiago Tlazoyaltepec|state_mx_oax
495|Santiago Xanica|state_mx_oax
496|Santiago Xiacuí|state_mx_oax
497|Santiago Yaitepec|state_mx_oax
498|Santiago Yaveo|state_mx_oax
499|Santiago Yolomécatl|state_mx_oax
500|Santiago Yosondúa|state_mx_oax
501|Santiago Yucuyachi|state_mx_oax
502|Santiago Zacatepec|state_mx_oax
503|Santiago Zoochila|state_mx_oax
504|Nuevo Zoquiápam|state_mx_oax
505|Santo Domingo Ingenio|state_mx_oax
506|Santo Domingo Albarradas|state_mx_oax
507|Santo Domingo Armenta|state_mx_oax
508|Santo Domingo Chihuitán|state_mx_oax
509|Santo Domingo de Morelos|state_mx_oax
510|Santo Domingo Ixcatlán|state_mx_oax
511|Santo Domingo Nuxaá|state_mx_oax
512|Santo Domingo Ozolotepec|state_mx_oax
513|Santo Domingo Petapa|state_mx_oax
514|Santo Domingo Roayaga|state_mx_oax
515|Santo Domingo Tehuantepec|state_mx_oax
516|Santo Domingo Teojomulco|state_mx_oax
517|Santo Domingo Tepuxtepec|state_mx_oax
518|Santo Domingo Tlatayápam|state_mx_oax
519|Santo Domingo Tomaltepec|state_mx_oax
520|Santo Domingo Tonalá|state_mx_oax
521|Santo Domingo Tonaltepec|state_mx_oax
522|Santo Domingo Xagacía|state_mx_oax
523|Santo Domingo Yanhuitlán|state_mx_oax
524|Santo Domingo Yodohino|state_mx_oax
525|Santo Domingo Zanatepec|state_mx_oax
526|Santos Reyes Nopala|state_mx_oax
527|Santos Reyes Pápalo|state_mx_oax
528|Santos Reyes Tepejillo|state_mx_oax
529|Santos Reyes Yucuná|state_mx_oax
530|Santo Tomás Jalieza|state_mx_oax
531|Santo Tomás Mazaltepec|state_mx_oax
532|Santo Tomás Ocotepec|state_mx_oax
533|Santo Tomás Tamazulapan|state_mx_oax
534|San Vicente Coatlán|state_mx_oax
535|San Vicente Lachixío|state_mx_oax
536|San Vicente Nuñú|state_mx_oax
537|Silacayoápam|state_mx_oax
538|Sitio de Xitlapehua|state_mx_oax
539|Soledad Etla|state_mx_oax
540|Villa de Tamazulápam del Progreso|state_mx_oax
541|Tanetze de Zaragoza|state_mx_oax
542|Taniche|state_mx_oax
543|Tataltepec de Valdés|state_mx_oax
544|Teococuilco de Marcos Pérez|state_mx_oax
545|Teotitlán de Flores Magón|state_mx_oax
546|Teotitlán del Valle|state_mx_oax
547|Teotongo|state_mx_oax
548|Tepelmeme Villa de Morelos|state_mx_oax
549|Tezoatlán de Segura y Luna|state_mx_oax
550|San Jerónimo Tlacochahuaya|state_mx_oax
551|Tlacolula de Matamoros|state_mx_oax
552|Tlacotepec Plumas|state_mx_oax
553|Tlalixtac de Cabrera|state_mx_oax
554|Totontepec Villa de Morelos|state_mx_oax
555|Trinidad Zaachila|state_mx_oax
556|La Trinidad Vista Hermosa|state_mx_oax
557|Unión Hidalgo|state_mx_oax
558|Valerio Trujano|state_mx_oax
559|San Juan Bautista Valle Nacional|state_mx_oax
560|Villa Díaz Ordaz|state_mx_oax
561|Yaxe|state_mx_oax
562|Magdalena Yodocono de Porfirio Díaz|state_mx_oax
563|Yogana|state_mx_oax
564|Yutanduchi de Guerrero|state_mx_oax
565|Villa de Zaachila|state_mx_oax
566|San Mateo Yucutindoo|state_mx_oax
567|Zapotitlán Lagunas|state_mx_oax
568|Zapotitlán Palmas|state_mx_oax
569|Santa Inés de Zaragoza|state_mx_oax
570|Zimatlán de Álvarez|state_mx_oax
001|Acajete|state_mx_pue
002|Acateno|state_mx_pue
003|Acatlán|state_mx_pue
004|Acatzingo|state_mx_pue
005|Acteopan|state_mx_pue
006|Ahuacatlán|state_mx_pue
007|Ahuatlán|state_mx_pue
008|Ahuazotepec|state_mx_pue
009|Ahuehuetitla|state_mx_pue
010|Ajalpan|state_mx_pue
011|Albino Zertuche|state_mx_pue
012|Aljojuca|state_mx_pue
013|Altepexi|state_mx_pue
014|Amixtlán|state_mx_pue
015|Amozoc|state_mx_pue
016|Aquixtla|state_mx_pue
017|Atempan|state_mx_pue
018|Atexcal|state_mx_pue
019|Atlixco|state_mx_pue
020|Atoyatempan|state_mx_pue
021|Atzala|state_mx_pue
022|Atzitzihuacán|state_mx_pue
023|Atzitzintla|state_mx_pue
024|Axutla|state_mx_pue
025|Ayotoxco de Guerrero|state_mx_pue
026|Calpan|state_mx_pue
027|Caltepec|state_mx_pue
028|Camocuautla|state_mx_pue
029|Caxhuacan|state_mx_pue
030|Coatepec|state_mx_pue
031|Coatzingo|state_mx_pue
032|Cohetzala|state_mx_pue
033|Cohuecan|state_mx_pue
034|Coronango|state_mx_pue
035|Coxcatlán|state_mx_pue
036|Coyomeapan|state_mx_pue
037|Coyotepec|state_mx_pue
038|Cuapiaxtla de Madero|state_mx_pue
039|Cuautempan|state_mx_pue
040|Cuautinchán|state_mx_pue
041|Cuautlancingo|state_mx_pue
042|Cuayuca de Andrade|state_mx_pue
043|Cuetzalan del Progreso|state_mx_pue
044|Cuyoaco|state_mx_pue
045|Chalchicomula de Sesma|state_mx_pue
046|Chapulco|state_mx_pue
047|Chiautla|state_mx_pue
048|Chiautzingo|state_mx_pue
049|Chiconcuautla|state_mx_pue
050|Chichiquila|state_mx_pue
051|Chietla|state_mx_pue
052|Chigmecatitlán|state_mx_pue
053|Chignahuapan|state_mx_pue
054|Chignautla|state_mx_pue
055|Chila|state_mx_pue
056|Chila de la Sal|state_mx_pue
057|Honey|state_mx_pue
058|Chilchotla|state_mx_pue
059|Chinantla|state_mx_pue
060|Domingo Arenas|state_mx_pue
061|Eloxochitlán|state_mx_pue
062|Epatlán|state_mx_pue
063|Esperanza|state_mx_pue
064|Francisco Z. Mena|state_mx_pue
065|General Felipe Ángeles|state_mx_pue
066|Guadalupe|state_mx_pue
067|Guadalupe Victoria|state_mx_pue
068|Hermenegildo Galeana|state_mx_pue
069|Huaquechula|state_mx_pue
070|Huatlatlauca|state_mx_pue
071|Huauchinango|state_mx_pue
072|Huehuetla|state_mx_pue
073|Huehuetlán el Chico|state_mx_pue
074|Huejotzingo|state_mx_pue
075|Hueyapan|state_mx_pue
076|Hueytamalco|state_mx_pue
077|Hueytlalpan|state_mx_pue
078|Huitzilan de Serdán|state_mx_pue
079|Huitziltepec|state_mx_pue
080|Atlequizayan|state_mx_pue
081|Ixcamilpa de Guerrero|state_mx_pue
082|Ixcaquixtla|state_mx_pue
083|Ixtacamaxtitlán|state_mx_pue
084|Ixtepec|state_mx_pue
085|Izúcar de Matamoros|state_mx_pue
086|Jalpan|state_mx_pue
087|Jolalpan|state_mx_pue
088|Jonotla|state_mx_pue
089|Jopala|state_mx_pue
090|Juan C. Bonilla|state_mx_pue
091|Juan Galindo|state_mx_pue
092|Juan N. Méndez|state_mx_pue
093|Lafragua|state_mx_pue
094|Libres|state_mx_pue
095|La Magdalena Tlatlauquitepec|state_mx_pue
096|Mazapiltepec de Juárez|state_mx_pue
097|Mixtla|state_mx_pue
098|Molcaxac|state_mx_pue
099|Cañada Morelos|state_mx_pue
100|Naupan|state_mx_pue
101|Nauzontla|state_mx_pue
102|Nealtican|state_mx_pue
103|Nicolás Bravo|state_mx_pue
104|Nopalucan|state_mx_pue
105|Ocotepec|state_mx_pue
106|Ocoyucan|state_mx_pue
107|Olintla|state_mx_pue
108|Oriental|state_mx_pue
109|Pahuatlán|state_mx_pue
110|Palmar de Bravo|state_mx_pue
111|Pantepec|state_mx_pue
112|Petlalcingo|state_mx_pue
113|Piaxtla|state_mx_pue
114|Puebla|state_mx_pue
115|Quecholac|state_mx_pue
116|Quimixtlán|state_mx_pue
117|Rafael Lara Grajales|state_mx_pue
118|Los Reyes de Juárez|state_mx_pue
119|San Andrés Cholula|state_mx_pue
120|San Antonio Cañada|state_mx_pue
121|San Diego la Mesa Tochimiltzingo|state_mx_pue
122|San Felipe Teotlalcingo|state_mx_pue
123|San Felipe Tepatlán|state_mx_pue
124|San Gabriel Chilac|state_mx_pue
125|San Gregorio Atzompa|state_mx_pue
126|San Jerónimo Tecuanipan|state_mx_pue
127|San Jerónimo Xayacatlán|state_mx_pue
128|San José Chiapa|state_mx_pue
129|San José Miahuatlán|state_mx_pue
130|San Juan Atenco|state_mx_pue
131|San Juan Atzompa|state_mx_pue
132|San Martín Texmelucan|state_mx_pue
133|San Martín Totoltepec|state_mx_pue
134|San Matías Tlalancaleca|state_mx_pue
135|San Miguel Ixitlán|state_mx_pue
136|San Miguel Xoxtla|state_mx_pue
137|San Nicolás Buenos Aires|state_mx_pue
138|San Nicolás de los Ranchos|state_mx_pue
139|San Pablo Anicano|state_mx_pue
140|San Pedro Cholula|state_mx_pue
141|San Pedro Yeloixtlahuaca|state_mx_pue
142|San Salvador el Seco|state_mx_pue
143|San Salvador el Verde|state_mx_pue
144|San Salvador Huixcolotla|state_mx_pue
145|San Sebastián Tlacotepec|state_mx_pue
146|Santa Catarina Tlaltempan|state_mx_pue
147|Santa Inés Ahuatempan|state_mx_pue
148|Santa Isabel Cholula|state_mx_pue
149|Santiago Miahuatlán|state_mx_pue
150|Huehuetlán el Grande|state_mx_pue
151|Santo Tomás Hueyotlipan|state_mx_pue
152|Soltepec|state_mx_pue
153|Tecali de Herrera|state_mx_pue
154|Tecamachalco|state_mx_pue
155|Tecomatlán|state_mx_pue
156|Tehuacán|state_mx_pue
157|Tehuitzingo|state_mx_pue
158|Tenampulco|state_mx_pue
159|Teopantlán|state_mx_pue
160|Teotlalco|state_mx_pue
161|Tepanco de López|state_mx_pue
162|Tepango de Rodríguez|state_mx_pue
163|Tepatlaxco de Hidalgo|state_mx_pue
164|Tepeaca|state_mx_pue
165|Tepemaxalco|state_mx_pue
166|Tepeojuma|state_mx_pue
167|Tepetzintla|state_mx_pue
168|Tepexco|state_mx_pue
169|Tepexi de Rodríguez|state_mx_pue
170|Tepeyahualco|state_mx_pue
171|Tepeyahualco de Cuauhtémoc|state_mx_pue
172|Tetela de Ocampo|state_mx_pue
173|Teteles de Avila Castillo|state_mx_pue
174|Teziutlán|state_mx_pue
175|Tianguismanalco|state_mx_pue
176|Tilapa|state_mx_pue
177|Tlacotepec de Benito Juárez|state_mx_pue
178|Tlacuilotepec|state_mx_pue
179|Tlachichuca|state_mx_pue
180|Tlahuapan|state_mx_pue
181|Tlaltenango|state_mx_pue
182|Tlanepantla|state_mx_pue
183|Tlaola|state_mx_pue
184|Tlapacoya|state_mx_pue
185|Tlapanalá|state_mx_pue
186|Tlatlauquitepec|state_mx_pue
187|Tlaxco|state_mx_pue
188|Tochimilco|state_mx_pue
189|Tochtepec|state_mx_pue
190|Totoltepec de Guerrero|state_mx_pue
191|Tulcingo|state_mx_pue
192|Tuzamapan de Galeana|state_mx_pue
193|Tzicatlacoyan|state_mx_pue
194|Venustiano Carranza|state_mx_pue
195|Vicente Guerrero|state_mx_pue
196|Xayacatlán de Bravo|state_mx_pue
197|Xicotepec|state_mx_pue
198|Xicotlán|state_mx_pue
199|Xiutetelco|state_mx_pue
200|Xochiapulco|state_mx_pue
201|Xochiltepec|state_mx_pue
202|Xochitlán de Vicente Suárez|state_mx_pue
203|Xochitlán Todos Santos|state_mx_pue
204|Yaonáhuac|state_mx_pue
205|Yehualtepec|state_mx_pue
206|Zacapala|state_mx_pue
207|Zacapoaxtla|state_mx_pue
208|Zacatlán|state_mx_pue
209|Zapotitlán|state_mx_pue
210|Zapotitlán de Méndez|state_mx_pue
211|Zaragoza|state_mx_pue
212|Zautla|state_mx_pue
213|Zihuateutla|state_mx_pue
214|Zinacatepec|state_mx_pue
215|Zongozotla|state_mx_pue
216|Zoquiapan|state_mx_pue
217|Zoquitlán|state_mx_pue
001|Amealco de Bonfil|state_mx_qro
002|Pinal de Amoles|state_mx_qro
003|Arroyo Seco|state_mx_qro
004|Cadereyta de Montes|state_mx_qro
005|Colón|state_mx_qro
006|Corregidora|state_mx_qro
007|Ezequiel Montes|state_mx_qro
008|Huimilpan|state_mx_qro
009|Jalpan de Serra|state_mx_qro
010|Landa de Matamoros|state_mx_qro
011|El Marqués|state_mx_qro
012|Pedro Escobedo|state_mx_qro
013|Peñamiller|state_mx_qro
014|Querétaro|state_mx_qro
015|San Joaquín|state_mx_qro
016|San Juan del Río|state_mx_qro
017|Tequisquiapan|state_mx_qro
018|Tolimán|state_mx_qro
001|Cozumel|state_mx_q_roo
002|Felipe Carrillo Puerto|state_mx_q_roo
003|Isla Mujeres|state_mx_q_roo
004|Othón P. Blanco|state_mx_q_roo
005|Benito Juárez|state_mx_q_roo
006|José María Morelos|state_mx_q_roo
007|Lázaro Cárdenas|state_mx_q_roo
008|Solidaridad|state_mx_q_roo
009|Tulum|state_mx_q_roo
010|Bacalar|state_mx_q_roo
011|Puerto Morelos|state_mx_q_roo
001|Ahome|state_mx_sin
002|Angostura|state_mx_sin
003|Badiraguato|state_mx_sin
004|Concordia|state_mx_sin
005|Cosalá|state_mx_sin
006|Culiacán|state_mx_sin
007|Choix|state_mx_sin
008|Elota|state_mx_sin
009|Escuinapa|state_mx_sin
010|El Fuerte|state_mx_sin
011|Guasave|state_mx_sin
012|Mazatlán|state_mx_sin
013|Mocorito|state_mx_sin
014|Rosario|state_mx_sin
015|Salvador Alvarado|state_mx_sin
016|San Ignacio|state_mx_sin
017|Sinaloa|state_mx_sin
018|Navolato|state_mx_sin
001|Ahualulco|state_mx_slp
002|Alaquines|state_mx_slp
003|Aquismón|state_mx_slp
004|Armadillo de los Infante|state_mx_slp
005|Cárdenas|state_mx_slp
006|Catorce|state_mx_slp
007|Cedral|state_mx_slp
008|Cerritos|state_mx_slp
009|Cerro de San Pedro|state_mx_slp
010|Ciudad del Maíz|state_mx_slp
011|Ciudad Fernández|state_mx_slp
012|Tancanhuitz|state_mx_slp
013|Ciudad Valles|state_mx_slp
014|Coxcatlán|state_mx_slp
015|Charcas|state_mx_slp
016|Ebano|state_mx_slp
017|Guadalcázar|state_mx_slp
018|Huehuetlán|state_mx_slp
019|Lagunillas|state_mx_slp
020|Matehuala|state_mx_slp
021|Mexquitic de Carmona|state_mx_slp
022|Moctezuma|state_mx_slp
023|Rayón|state_mx_slp
024|Rioverde|state_mx_slp
025|Salinas|state_mx_slp
026|San Antonio|state_mx_slp
027|San Ciro de Acosta|state_mx_slp
028|San Luis Potosí|state_mx_slp
029|San Martín Chalchicuautla|state_mx_slp
030|San Nicolás Tolentino|state_mx_slp
031|Santa Catarina|state_mx_slp
032|Santa María del Río|state_mx_slp
033|Santo Domingo|state_mx_slp
034|San Vicente Tancuayalab|state_mx_slp
035|Soledad de Graciano Sánchez|state_mx_slp
036|Tamasopo|state_mx_slp
037|Tamazunchale|state_mx_slp
038|Tampacán|state_mx_slp
039|Tampamolón Corona|state_mx_slp
040|Tamuín|state_mx_slp
041|Tanlajás|state_mx_slp
042|Tanquián de Escobedo|state_mx_slp
043|Tierra Nueva|state_mx_slp
044|Vanegas|state_mx_slp
045|Venado|state_mx_slp
046|Villa de Arriaga|state_mx_slp
047|Villa de Guadalupe|state_mx_slp
048|Villa de la Paz|state_mx_slp
049|Villa de Ramos|state_mx_slp
050|Villa de Reyes|state_mx_slp
051|Villa Hidalgo|state_mx_slp
052|Villa Juárez|state_mx_slp
053|Axtla de Terrazas|state_mx_slp
054|Xilitla|state_mx_slp
055|Zaragoza|state_mx_slp
056|Villa de Arista|state_mx_slp
057|Matlapa|state_mx_slp
058|El Naranjo|state_mx_slp
001|Aconchi|state_mx_son
002|Agua Prieta|state_mx_son
003|Alamos|state_mx_son
004|Altar|state_mx_son
005|Arivechi|state_mx_son
006|Arizpe|state_mx_son
007|Atil|state_mx_son
008|Bacadéhuachi|state_mx_son
009|Bacanora|state_mx_son
010|Bacerac|state_mx_son
011|Bacoachi|state_mx_son
012|Bácum|state_mx_son
013|Banámichi|state_mx_son
014|Baviácora|state_mx_son
015|Bavispe|state_mx_son
016|Benjamín Hill|state_mx_son
017|Caborca|state_mx_son
018|Cajeme|state_mx_son
019|Cananea|state_mx_son
020|Carbó|state_mx_son
021|La Colorada|state_mx_son
022|Cucurpe|state_mx_son
023|Cumpas|state_mx_son
024|Divisaderos|state_mx_son
025|Empalme|state_mx_son
026|Etchojoa|state_mx_son
027|Fronteras|state_mx_son
028|Granados|state_mx_son
029|Guaymas|state_mx_son
030|Hermosillo|state_mx_son
031|Huachinera|state_mx_son
032|Huásabas|state_mx_son
033|Huatabampo|state_mx_son
034|Huépac|state_mx_son
035|Imuris|state_mx_son
036|Magdalena|state_mx_son
037|Mazatán|state_mx_son
038|Moctezuma|state_mx_son
039|Naco|state_mx_son
040|Nácori Chico|state_mx_son
041|Nacozari de García|state_mx_son
042|Navojoa|state_mx_son
043|Nogales|state_mx_son
044|Onavas|state_mx_son
045|Opodepe|state_mx_son
046|Oquitoa|state_mx_son
047|Pitiquito|state_mx_son
048|Puerto Peñasco|state_mx_son
049|Quiriego|state_mx_son
050|Rayón|state_mx_son
051|Rosario|state_mx_son
052|Sahuaripa|state_mx_son
053|San Felipe de Jesús|state_mx_son
054|San Javier|state_mx_son
055|San Luis Río Colorado|state_mx_son
056|San Miguel de Horcasitas|state_mx_son
057|San Pedro de la Cueva|state_mx_son
058|Santa Ana|state_mx_son
059|Santa Cruz|state_mx_son
060|Sáric|state_mx_son
061|Soyopa|state_mx_son
062|Suaqui Grande|state_mx_son
063|Tepache|state_mx_son
064|Trincheras|state_mx_son
065|Tubutama|state_mx_son
066|Ures|state_mx_son
067|Villa Hidalgo|state_mx_son
068|Villa Pesqueira|state_mx_son
069|Yécora|state_mx_son
070|General Plutarco Elías Calles|state_mx_son
071|Benito Juárez|state_mx_son
072|San Ignacio Río Muerto|state_mx_son
001|Balancán|state_mx_tab
002|Cárdenas|state_mx_tab
003|Centla|state_mx_tab
004|Centro|state_mx_tab
005|Comalcalco|state_mx_tab
006|Cunduacán|state_mx_tab
007|Emiliano Zapata|state_mx_tab
008|Huimanguillo|state_mx_tab
009|Jalapa|state_mx_tab
010|Jalpa de Méndez|state_mx_tab
011|Jonuta|state_mx_tab
012|Macuspana|state_mx_tab
013|Nacajuca|state_mx_tab
014|Paraíso|state_mx_tab
015|Tacotalpa|state_mx_tab
016|Teapa|state_mx_tab
017|Tenosique|state_mx_tab
001|Abasolo|state_mx_tamps
002|Aldama|state_mx_tamps
003|Altamira|state_mx_tamps
004|Antiguo Morelos|state_mx_tamps
005|Burgos|state_mx_tamps
006|Bustamante|state_mx_tamps
007|Camargo|state_mx_tamps
008|Casas|state_mx_tamps
009|Ciudad Madero|state_mx_tamps
010|Cruillas|state_mx_tamps
011|Gómez Farías|state_mx_tamps
012|González|state_mx_tamps
013|Güémez|state_mx_tamps
014|Guerrero|state_mx_tamps
015|Gustavo Díaz Ordaz|state_mx_tamps
016|Hidalgo|state_mx_tamps
017|Jaumave|state_mx_tamps
018|Jiménez|state_mx_tamps
019|Llera|state_mx_tamps
020|Mainero|state_mx_tamps
021|El Mante|state_mx_tamps
022|Matamoros|state_mx_tamps
023|Méndez|state_mx_tamps
024|Mier|state_mx_tamps
025|Miguel Alemán|state_mx_tamps
026|Miquihuana|state_mx_tamps
027|Nuevo Laredo|state_mx_tamps
028|Nuevo Morelos|state_mx_tamps
029|Ocampo|state_mx_tamps
030|Padilla|state_mx_tamps
031|Palmillas|state_mx_tamps
032|Reynosa|state_mx_tamps
033|Río Bravo|state_mx_tamps
034|San Carlos|state_mx_tamps
035|San Fernando|state_mx_tamps
036|San Nicolás|state_mx_tamps
037|Soto la Marina|state_mx_tamps
038|Tampico|state_mx_tamps
039|Tula|state_mx_tamps
040|Valle Hermoso|state_mx_tamps
041|Victoria|state_mx_tamps
042|Villagrán|state_mx_tamps
043|Xicoténcatl|state_mx_tamps
001|Amaxac de Guerrero|state_mx_tlax
002|Apetatitlán de Antonio Carvajal|state_mx_tlax
003|Atlangatepec|state_mx_tlax
004|Atltzayanca|state_mx_tlax
005|Apizaco|state_mx_tlax
006|Calpulalpan|state_mx_tlax
007|El Carmen Tequexquitla|state_mx_tlax
008|Cuapiaxtla|state_mx_tlax
009|Cuaxomulco|state_mx_tlax
010|Chiautempan|state_mx_tlax
011|Muñoz de Domingo Arenas|state_mx_tlax
012|Españita|state_mx_tlax
013|Huamantla|state_mx_tlax
014|Hueyotlipan|state_mx_tlax
015|Ixtacuixtla de Mariano Matamoros|state_mx_tlax
016|Ixtenco|state_mx_tlax
017|Mazatecochco de José María Morelos|state_mx_tlax
018|Contla de Juan Cuamatzi|state_mx_tlax
019|Tepetitla de Lardizábal|state_mx_tlax
020|Sanctórum de Lázaro Cárdenas|state_mx_tlax
021|Nanacamilpa de Mariano Arista|state_mx_tlax
022|Acuamanala de Miguel Hidalgo|state_mx_tlax
023|Natívitas|state_mx_tlax
024|Panotla|state_mx_tlax
025|San Pablo del Monte|state_mx_tlax
026|Santa Cruz Tlaxcala|state_mx_tlax
027|Tenancingo|state_mx_tlax
028|Teolocholco|state_mx_tlax
029|Tepeyanco|state_mx_tlax
030|Terrenate|state_mx_tlax
031|Tetla de la Solidaridad|state_mx_tlax
032|Tetlatlahuca|state_mx_tlax
033|Tlaxcala|state_mx_tlax
034|Tlaxco|state_mx_tlax
035|Tocatlán|state_mx_tlax
036|Totolac|state_mx_tlax
037|Ziltlaltépec de Trinidad Sánchez Santos|state_mx_tlax
038|Tzompantepec|state_mx_tlax
039|Xaloztoc|state_mx_tlax
040|Xaltocan|state_mx_tlax
041|Papalotla de Xicohténcatl|state_mx_tlax
042|Xicohtzinco|state_mx_tlax
043|Yauhquemehcan|state_mx_tlax
044|Zacatelco|state_mx_tlax
045|Benito Juárez|state_mx_tlax
046|Emiliano Zapata|state_mx_tlax
047|Lázaro Cárdenas|state_mx_tlax
048|La Magdalena Tlaltelulco|state_mx_tlax
049|San Damián Texóloc|state_mx_tlax
050|San Francisco Tetlanohcan|state_mx_tlax
051|San Jerónimo Zacualpan|state_mx_tlax
052|San José Teacalco|state_mx_tlax
053|San Juan Huactzinco|state_mx_tlax
054|San Lorenzo Axocomanitla|state_mx_tlax
055|San Lucas Tecopilco|state_mx_tlax
056|Santa Ana Nopalucan|state_mx_tlax
057|Santa Apolonia Teacalco|state_mx_tlax
058|Santa Catarina Ayometla|state_mx_tlax
059|Santa Cruz Quilehtla|state_mx_tlax
060|Santa Isabel Xiloxoxtla|state_mx_tlax
001|Acajete|state_mx_ver
002|Acatlán|state_mx_ver
003|Acayucan|state_mx_ver
004|Actopan|state_mx_ver
005|Acula|state_mx_ver
006|Acultzingo|state_mx_ver
007|Camarón de Tejeda|state_mx_ver
008|Alpatláhuac|state_mx_ver
009|Alto Lucero de Gutiérrez Barrios|state_mx_ver
010|Altotonga|state_mx_ver
011|Alvarado|state_mx_ver
012|Amatitlán|state_mx_ver
013|Naranjos Amatlán|state_mx_ver
014|Amatlán de los Reyes|state_mx_ver
015|Angel R. Cabada|state_mx_ver
016|La Antigua|state_mx_ver
017|Apazapan|state_mx_ver
018|Aquila|state_mx_ver
019|Astacinga|state_mx_ver
020|Atlahuilco|state_mx_ver
021|Atoyac|state_mx_ver
022|Atzacan|state_mx_ver
023|Atzalan|state_mx_ver
024|Tlaltetela|state_mx_ver
025|Ayahualulco|state_mx_ver
026|Banderilla|state_mx_ver
027|Benito Juárez|state_mx_ver
028|Boca del Río|state_mx_ver
029|Calcahualco|state_mx_ver
030|Camerino Z. Mendoza|state_mx_ver
031|Carrillo Puerto|state_mx_ver
032|Catemaco|state_mx_ver
033|Cazones de Herrera|state_mx_ver
034|Cerro Azul|state_mx_ver
035|Citlaltépetl|state_mx_ver
036|Coacoatzintla|state_mx_ver
037|Coahuitlán|state_mx_ver
038|Coatepec|state_mx_ver
039|Coatzacoalcos|state_mx_ver
040|Coatzintla|state_mx_ver
041|Coetzala|state_mx_ver
042|Colipa|state_mx_ver
043|Comapa|state_mx_ver
044|Córdoba|state_mx_ver
045|Cosamaloapan de Carpio|state_mx_ver
046|Cosautlán de Carvajal|state_mx_ver
047|Coscomatepec|state_mx_ver
048|Cosoleacaque|state_mx_ver
049|Cotaxtla|state_mx_ver
050|Coxquihui|state_mx_ver
051|Coyutla|state_mx_ver
052|Cuichapa|state_mx_ver
053|Cuitláhuac|state_mx_ver
054|Chacaltianguis|state_mx_ver
055|Chalma|state_mx_ver
056|Chiconamel|state_mx_ver
057|Chiconquiaco|state_mx_ver
058|Chicontepec|state_mx_ver
059|Chinameca|state_mx_ver
060|Chinampa de Gorostiza|state_mx_ver
061|Las Choapas|state_mx_ver
062|Chocamán|state_mx_ver
063|Chontla|state_mx_ver
064|Chumatlán|state_mx_ver
065|Emiliano Zapata|state_mx_ver
066|Espinal|state_mx_ver
067|Filomeno Mata|state_mx_ver
068|Fortín|state_mx_ver
069|Gutiérrez Zamora|state_mx_ver
070|Hidalgotitlán|state_mx_ver
071|Huatusco|state_mx_ver
072|Huayacocotla|state_mx_ver
073|Hueyapan de Ocampo|state_mx_ver
074|Huiloapan de Cuauhtémoc|state_mx_ver
075|Ignacio de la Llave|state_mx_ver
076|Ilamatlán|state_mx_ver
077|Isla|state_mx_ver
078|Ixcatepec|state_mx_ver
079|Ixhuacán de los Reyes|state_mx_ver
080|Ixhuatlán del Café|state_mx_ver
081|Ixhuatlancillo|state_mx_ver
082|Ixhuatlán del Sureste|state_mx_ver
083|Ixhuatlán de Madero|state_mx_ver
084|Ixmatlahuacan|state_mx_ver
085|Ixtaczoquitlán|state_mx_ver
086|Jalacingo|state_mx_ver
087|Xalapa|state_mx_ver
088|Jalcomulco|state_mx_ver
089|Jáltipan|state_mx_ver
090|Jamapa|state_mx_ver
091|Jesús Carranza|state_mx_ver
092|Xico|state_mx_ver
093|Jilotepec|state_mx_ver
094|Juan Rodríguez Clara|state_mx_ver
095|Juchique de Ferrer|state_mx_ver
096|Landero y Coss|state_mx_ver
097|Lerdo de Tejada|state_mx_ver
098|Magdalena|state_mx_ver
099|Maltrata|state_mx_ver
100|Manlio Fabio Altamirano|state_mx_ver
101|Mariano Escobedo|state_mx_ver
102|Martínez de la Torre|state_mx_ver
103|Mecatlán|state_mx_ver
104|Mecayapan|state_mx_ver
105|Medellín|state_mx_ver
106|Miahuatlán|state_mx_ver
107|Las Minas|state_mx_ver
108|Minatitlán|state_mx_ver
109|Misantla|state_mx_ver
110|Mixtla de Altamirano|state_mx_ver
111|Moloacán|state_mx_ver
112|Naolinco|state_mx_ver
113|Naranjal|state_mx_ver
114|Nautla|state_mx_ver
115|Nogales|state_mx_ver
116|Oluta|state_mx_ver
117|Omealca|state_mx_ver
118|Orizaba|state_mx_ver
119|Otatitlán|state_mx_ver
120|Oteapan|state_mx_ver
121|Ozuluama de Mascareñas|state_mx_ver
122|Pajapan|state_mx_ver
123|Pánuco|state_mx_ver
124|Papantla|state_mx_ver
125|Paso del Macho|state_mx_ver
126|Paso de Ovejas|state_mx_ver
127|La Perla|state_mx_ver
128|Perote|state_mx_ver
129|Platón Sánchez|state_mx_ver
130|Playa Vicente|state_mx_ver
131|Poza Rica de Hidalgo|state_mx_ver
132|Las Vigas de Ramírez|state_mx_ver
133|Pueblo Viejo|state_mx_ver
134|Puente Nacional|state_mx_ver
135|Rafael Delgado|state_mx_ver
136|Rafael Lucio|state_mx_ver
137|Los Reyes|state_mx_ver
138|Río Blanco|state_mx_ver
139|Saltabarranca|state_mx_ver
140|San Andrés Tenejapan|state_mx_ver
141|San Andrés Tuxtla|state_mx_ver
142|San Juan Evangelista|state_mx_ver
143|Santiago Tuxtla|state_mx_ver
144|Sayula de Alemán|state_mx_ver
145|Soconusco|state_mx_ver
146|Sochiapa|state_mx_ver
147|Soledad Atzompa|state_mx_ver
148|Soledad de Doblado|state_mx_ver
149|Soteapan|state_mx_ver
150|Tamalín|state_mx_ver
151|Tamiahua|state_mx_ver
152|Tampico Alto|state_mx_ver
153|Tancoco|state_mx_ver
154|Tantima|state_mx_ver
155|Tantoyuca|state_mx_ver
156|Tatatila|state_mx_ver
157|Castillo de Teayo|state_mx_ver
158|Tecolutla|state_mx_ver
159|Tehuipango|state_mx_ver
160|Álamo Temapache|state_mx_ver
161|Tempoal|state_mx_ver
162|Tenampa|state_mx_ver
163|Tenochtitlán|state_mx_ver
164|Teocelo|state_mx_ver
165|Tepatlaxco|state_mx_ver
166|Tepetlán|state_mx_ver
167|Tepetzintla|state_mx_ver
168|Tequila|state_mx_ver
169|José Azueta|state_mx_ver
170|Texcatepec|state_mx_ver
171|Texhuacán|state_mx_ver
172|Texistepec|state_mx_ver
173|Tezonapa|state_mx_ver
174|Tierra Blanca|state_mx_ver
175|Tihuatlán|state_mx_ver
176|Tlacojalpan|state_mx_ver
177|Tlacolulan|state_mx_ver
178|Tlacotalpan|state_mx_ver
179|Tlacotepec de Mejía|state_mx_ver
180|Tlachichilco|state_mx_ver
181|Tlalixcoyan|state_mx_ver
182|Tlalnelhuayocan|state_mx_ver
183|Tlapacoyan|state_mx_ver
184|Tlaquilpa|state_mx_ver
185|Tlilapan|state_mx_ver
186|Tomatlán|state_mx_ver
187|Tonayán|state_mx_ver
188|Totutla|state_mx_ver
189|Tuxpan|state_mx_ver
190|Tuxtilla|state_mx_ver
191|Ursulo Galván|state_mx_ver
192|Vega de Alatorre|state_mx_ver
193|Veracruz|state_mx_ver
194|Villa Aldama|state_mx_ver
195|Xoxocotla|state_mx_ver
196|Yanga|state_mx_ver
197|Yecuatla|state_mx_ver
198|Zacualpan|state_mx_ver
199|Zaragoza|state_mx_ver
200|Zentla|state_mx_ver
201|Zongolica|state_mx_ver
202|Zontecomatlán de López y Fuentes|state_mx_ver
203|Zozocolco de Hidalgo|state_mx_ver
204|Agua Dulce|state_mx_ver
205|El Higo|state_mx_ver
206|Nanchital de Lázaro Cárdenas del Río|state_mx_ver
207|Tres Valles|state_mx_ver
208|Carlos A. Carrillo|state_mx_ver
209|Tatahuicapan de Juárez|state_mx_ver
210|Uxpanapa|state_mx_ver
211|San Rafael|state_mx_ver
212|Santiago Sochiapan|state_mx_ver
001|Abalá|state_mx_yuc
002|Acanceh|state_mx_yuc
003|Akil|state_mx_yuc
004|Baca|state_mx_yuc
005|Bokobá|state_mx_yuc
006|Buctzotz|state_mx_yuc
007|Cacalchén|state_mx_yuc
008|Calotmul|state_mx_yuc
009|Cansahcab|state_mx_yuc
010|Cantamayec|state_mx_yuc
011|Celestún|state_mx_yuc
012|Cenotillo|state_mx_yuc
013|Conkal|state_mx_yuc
014|Cuncunul|state_mx_yuc
015|Cuzamá|state_mx_yuc
016|Chacsinkín|state_mx_yuc
017|Chankom|state_mx_yuc
018|Chapab|state_mx_yuc
019|Chemax|state_mx_yuc
020|Chicxulub Pueblo|state_mx_yuc
021|Chichimilá|state_mx_yuc
022|Chikindzonot|state_mx_yuc
023|Chocholá|state_mx_yuc
024|Chumayel|state_mx_yuc
025|Dzán|state_mx_yuc
026|Dzemul|state_mx_yuc
027|Dzidzantún|state_mx_yuc
028|Dzilam de Bravo|state_mx_yuc
029|Dzilam González|state_mx_yuc
030|Dzitás|state_mx_yuc
031|Dzoncauich|state_mx_yuc
032|Espita|state_mx_yuc
033|Halachó|state_mx_yuc
034|Hocabá|state_mx_yuc
035|Hoctún|state_mx_yuc
036|Homún|state_mx_yuc
037|Huhí|state_mx_yuc
038|Hunucmá|state_mx_yuc
039|Ixil|state_mx_yuc
040|Izamal|state_mx_yuc
041|Kanasín|state_mx_yuc
042|Kantunil|state_mx_yuc
043|Kaua|state_mx_yuc
044|Kinchil|state_mx_yuc
045|Kopomá|state_mx_yuc
046|Mama|state_mx_yuc
047|Maní|state_mx_yuc
048|Maxcanú|state_mx_yuc
049|Mayapán|state_mx_yuc
050|Mérida|state_mx_yuc
051|Mocochá|state_mx_yuc
052|Motul|state_mx_yuc
053|Muna|state_mx_yuc
054|Muxupip|state_mx_yuc
055|Opichén|state_mx_yuc
056|Oxkutzcab|state_mx_yuc
057|Panabá|state_mx_yuc
058|Peto|state_mx_yuc
059|Progreso|state_mx_yuc
060|Quintana Roo|state_mx_yuc
061|Río Lagartos|state_mx_yuc
062|Sacalum|state_mx_yuc
063|Samahil|state_mx_yuc
064|Sanahcat|state_mx_yuc
065|San Felipe|state_mx_yuc
066|Santa Elena|state_mx_yuc
067|Seyé|state_mx_yuc
068|Sinanché|state_mx_yuc
069|Sotuta|state_mx_yuc
070|Sucilá|state_mx_yuc
071|Sudzal|state_mx_yuc
072|Suma|state_mx_yuc
073|Tahdziú|state_mx_yuc
074|Tahmek|state_mx_yuc
075|Teabo|state_mx_yuc
076|Tecoh|state_mx_yuc
077|Tekal de Venegas|state_mx_yuc
078|Tekantó|state_mx_yuc
079|Tekax|state_mx_yuc
080|Tekit|state_mx_yuc
081|Tekom|state_mx_yuc
082|Telchac Pueblo|state_mx_yuc
083|Telchac Puerto|state_mx_yuc
084|Temax|state_mx_yuc
085|Temozón|state_mx_yuc
086|Tepakán|state_mx_yuc
087|Tetiz|state_mx_yuc
088|Teya|state_mx_yuc
089|Ticul|state_mx_yuc
090|Timucuy|state_mx_yuc
091|Tinum|state_mx_yuc
092|Tixcacalcupul|state_mx_yuc
093|Tixkokob|state_mx_yuc
094|Tixmehuac|state_mx_yuc
095|Tixpéhual|state_mx_yuc
096|Tizimín|state_mx_yuc
097|Tunkás|state_mx_yuc
098|Tzucacab|state_mx_yuc
099|Uayma|state_mx_yuc
100|Ucú|state_mx_yuc
101|Umán|state_mx_yuc
102|Valladolid|state_mx_yuc
103|Xocchel|state_mx_yuc
104|Yaxcabá|state_mx_yuc
105|Yaxkukul|state_mx_yuc
106|Yobaín|state_mx_yuc
001|Apozol|state_mx_zac
002|Apulco|state_mx_zac
003|Atolinga|state_mx_zac
004|Benito Juárez|state_mx_zac
005|Calera|state_mx_zac
006|Cañitas de Felipe Pescador|state_mx_zac
007|Concepción del Oro|state_mx_zac
008|Cuauhtémoc|state_mx_zac
009|Chalchihuites|state_mx_zac
010|Fresnillo|state_mx_zac
011|Trinidad García de la Cadena|state_mx_zac
012|Genaro Codina|state_mx_zac
013|General Enrique Estrada|state_mx_zac
014|General Francisco R. Murguía|state_mx_zac
015|El Plateado de Joaquín Amaro|state_mx_zac
016|General Pánfilo Natera|state_mx_zac
017|Guadalupe|state_mx_zac
018|Huanusco|state_mx_zac
019|Jalpa|state_mx_zac
020|Jerez|state_mx_zac
021|Jiménez del Teul|state_mx_zac
022|Juan Aldama|state_mx_zac
023|Juchipila|state_mx_zac
024|Loreto|state_mx_zac
025|Luis Moya|state_mx_zac
026|Mazapil|state_mx_zac
027|Melchor Ocampo|state_mx_zac
028|Mezquital del Oro|state_mx_zac
029|Miguel Auza|state_mx_zac
030|Momax|state_mx_zac
031|Monte Escobedo|state_mx_zac
032|Morelos|state_mx_zac
033|Moyahua de Estrada|state_mx_zac
034|Nochistlán de Mejía|state_mx_zac
035|Noria de Ángeles|state_mx_zac
036|Ojocaliente|state_mx_zac
037|Pánuco|state_mx_zac
038|Pinos|state_mx_zac
039|Río Grande|state_mx_zac
040|Sain Alto|state_mx_zac
041|El Salvador|state_mx_zac
042|Sombrerete|state_mx_zac
043|Susticacán|state_mx_zac
044|Tabasco|state_mx_zac
045|Tepechitlán|state_mx_zac
046|Tepetongo|state_mx_zac
047|Teúl de González Ortega|state_mx_zac
048|Tlaltenango de Sánchez Román|state_mx_zac
049|Valparaíso|state_mx_zac
050|Vetagrande|state_mx_zac
051|Villa de Cos|state_mx_zac
052|Villa García|state_mx_zac
053|Villa González Ortega|state_mx_zac
054|Villa Hidalgo|state_mx_zac
055|Villanueva|state_mx_zac
056|Zacatecas|state_mx_zac
057|Trancoso|state_mx_zac
058|Santa María de la Paz|state_mx_zac
