id,name,model_id:id,group_id:id,perm_read,perm_write,perm_create,perm_unlink
access_link_tracker_user,access.link.tracker.user,model_link_tracker,base.group_user,1,0,0,0
access_link_tracker_public,access.link.tracker.public,model_link_tracker,base.group_public,0,0,0,0
access_link_tracker_system,access.link.tracker.system,model_link_tracker,base.group_system,1,1,1,1
access_link_tracker_code_user,access.link.tracker.code.user,model_link_tracker_code,base.group_user,1,0,0,0
access_link_tracker_code_public,access.link.tracker.code.public,model_link_tracker_code,base.group_public,0,0,0,0
access_link_tracker_code_system,access.link.tracker.code.system,model_link_tracker_code,base.group_system,1,1,1,1
access_link_tracker_click_user,access.link.tracker.click.user,model_link_tracker_click,base.group_user,1,0,0,0
access_link_tracker_click_public,access.link.tracker.click.public,model_link_tracker_click,base.group_public,0,0,0,0
access_link_tracker_click_system,access.link.tracker.click.system,model_link_tracker_click,base.group_system,1,1,1,1
