<?xml version="1.0" encoding="utf-8"?>
<odoo noupdate="1">

    <record id="payment_provider_ogone" model="payment.provider">
        <field name="name">Ogone</field>
        <field name="display_as">Credit Card (powered by Ogone)</field>
        <field name="image_128"
               type="base64"
               file="payment_ogone/static/description/icon.png"/>
        <field name="module_id" ref="base.module_payment_ogone"/>
        <field name="payment_icon_ids"
               eval="[(6, 0, [
                   ref('payment.payment_icon_cc_ideal'),
                   ref('payment.payment_icon_cc_bancontact'),
                   ref('payment.payment_icon_cc_maestro'),
                   ref('payment.payment_icon_cc_mastercard'),
                   ref('payment.payment_icon_cc_visa'),
               ])]"/>
        <field name="code">ogone</field>
        <field name="redirect_form_view_id" ref="redirect_form"/>
        <field name="allow_tokenization">True</field>
    </record>

</odoo>
