<?xml version="1.0" encoding="UTF-8" ?>
<templates xml:space="preserve">

  <t t-name="web.ConfirmationDialog" owl="1">
    <Dialog size="'md'" title="props.title" modalRef="modalRef">
      <t t-esc="props.body" />
      <t t-set-slot="footer" owl="1">
        <button class="btn btn-primary" t-on-click="_confirm" t-esc="props.confirmLabel"/>
        <button t-if="props.cancel" class="btn btn-secondary" t-on-click="_cancel" t-esc="props.cancelLabel"/>
      </t>
    </Dialog>
  </t>

  <t t-name="web.AlertDialog" owl="1">
    <Dialog size="'sm'" title="props.title" contentClass="props.contentClass">
      <t t-esc="props.body" />
      <t t-set-slot="footer" owl="1">
        <button class="btn btn-primary" t-on-click="_confirm" t-esc="props.confirmLabel"/>
        <button t-if="props.cancel" class="btn btn-secondary" t-on-click="_cancel" t-esc="props.cancelLabel"/>
      </t>
    </Dialog>
  </t>

</templates>