<?xml version="1.0" encoding="utf-8"?>
<odoo>
    <data noupdate="1">
        <record id="social_media_push_notifications" model="social.media">
            <field name="name">Push Notifications</field>
            <field name="media_type">push_notifications</field>
            <field name="has_streams" eval="False" />
            <field name="can_link_accounts" eval="False"/>
            <field name="media_description">Send live notifications to your web visitors</field>
            <field name="image" type="base64" file="social_push_notifications/static/src/img/push_notifications.png"/>
        </record>
    </data>
</odoo>
