<?xml version="1.0" encoding="utf-8"?>
<odoo>
    <template id="payment20">
        <cfdi:Comprobante
            xsi:schemaLocation="http://www.sat.gob.mx/cfd/4 http://www.sat.gob.mx/sitio_internet/cfd/4/cfdv40.xsd http://www.sat.gob.mx/Pagos20 http://www.sat.gob.mx/sitio_internet/cfd/Pagos/Pagos20.xsd"
            xmlns:cfdi="http://www.sat.gob.mx/cfd/4"
            xmlns:xsi="http://www.w3.org/2001/XMLSchema-instance"
            xmlns:pago20="http://www.sat.gob.mx/Pagos20"
            Version="4.0"
            t-att-Fecha="cfdi_date"
            t-att-Folio="format_string(folio_number, 40)"
            t-att-Serie="format_string(serie_number, 25)"
            Sello=""
            t-att-NoCertificado="certificate_number"
            t-att-Certificado="certificate_key"
            SubTotal="0"
            Moneda="XXX"
            Total="0"
            TipoDeComprobante="P"
            t-att-Exportacion="'01'"
            t-att-LugarExpedicion="issued_address.zip or supplier.zip"
            t-att-Confirmacion="confirmation">
            <t t-if="origin_uuids">
                <cfdi:CfdiRelacionados t-att-TipoRelacion="origin_type">
                    <t t-foreach="origin_uuids" t-as="uuid">
                        <cfdi:CfdiRelacionado t-att-UUID="uuid"/>
                    </t>
                </cfdi:CfdiRelacionados>
            </t>
            <cfdi:Emisor
                t-att-Rfc="supplier.vat"
                t-att-Nombre="format_string(supplier_name, 254)"
                t-att-RegimenFiscal="record.company_id.l10n_mx_edi_fiscal_regime"/>
            <cfdi:Receptor
                t-att-Rfc="customer_rfc"
                t-att-Nombre="format_string(customer_name, 254)"
                t-att-ResidenciaFiscal="customer_fiscal_residence"
                t-att-DomicilioFiscalReceptor="customer.zip if customer.country_id.code == 'MX' else supplier.zip"
                t-att-RegimenFiscalReceptor="fiscal_regime"
                UsoCFDI="CP01"/>
            <cfdi:Conceptos>
                <cfdi:Concepto
                    ClaveProdServ="84111506"
                    Cantidad="1"
                    ClaveUnidad="ACT"
                    Descripcion="Pago"
                    ValorUnitario="0"
                    ObjetoImp="01"
                    Importe="0"/>
            </cfdi:Conceptos>
            <cfdi:Complemento>
                <pago20:Pagos Version="2.0">
                    <!-- TotalTraslados and TotalRetenctiones are only required for tax_objected 02 -->
                    <t t-if="tax_objected == '02'">
                        <pago20:Totales
                            t-att-TotalTrasladosBaseIVA0="format_float(tax_summary[(0.0, 'Tasa', '002')]['base_value_mxn'], 2) if (0.0, 'Tasa', '002') in tax_summary else None"
                            t-att-TotalTrasladosImpuestoIVA0="format_float(tax_summary[(0.0, 'Tasa', '002')]['tax_value_mxn'], 2) if (0.0, 'Tasa', '002') in tax_summary else None"
                            t-att-TotalTrasladosBaseIVAExento="format_float(tax_summary[(0.0, 'Exento', '002')]['base_value_mxn'], 2) if (0.0, 'Exento', '002') in tax_summary else None"
                            t-att-TotalTrasladosBaseIVA8="format_float(tax_summary[(0.08, 'Tasa', '002')]['base_value_mxn'], 2) if (0.08, 'Tasa', '002') in tax_summary else None"
                            t-att-TotalTrasladosImpuestoIVA8="format_float(tax_summary[(0.08, 'Tasa', '002')]['tax_value_mxn'], 2) if (0.08, 'Tasa', '002') in tax_summary else None"
                            t-att-TotalTrasladosBaseIVA16="format_float(tax_summary[(0.16, 'Tasa', '002')]['base_value_mxn'], 2) if (0.16, 'Tasa', '002') in tax_summary else None"
                            t-att-TotalTrasladosImpuestoIVA16="format_float(tax_summary[(0.16, 'Tasa', '002')]['tax_value_mxn'], 2) if (0.16, 'Tasa', '002') in tax_summary else None"
                            t-att-TotalRetencionesISR="format_float(withholding_summary['001']['amount_mxn'], 2) if withholding_summary['001']['amount_mxn'] else None"
                            t-att-TotalRetencionesIVA="format_float(withholding_summary['002']['amount_mxn'], 2) if withholding_summary['002']['amount_mxn'] else None"
                            t-att-TotalRetencionesIEPS="format_float(withholding_summary['003']['amount_mxn'], 2) if withholding_summary['003']['amount_mxn'] else None"
                            t-att-MontoTotalPagos="format_float(amount_mxn, 2)"/>
                    </t>
                    <t t-else="">
                        <pago20:Totales
                            t-att-MontoTotalPagos="format_float(amount_mxn, 2)"/>
                    </t>
                    <pago20:Pago
                        t-att-FechaPago="cfdi_payment_date"
                        t-att-FormaDePagoP="record.l10n_mx_edi_payment_method_id.code"
                        t-att-MonedaP="currency.name"
                        t-att-TipoCambioP="format_float(rate_payment_curr_mxn_40, 6) if rate_payment_curr_mxn_40 != 1 else '1'"
                        t-att-Monto="format_float(amount, record.currency_id.decimal_places)"
                        t-att-NumOperacion="format_string(record.ref, 100)"
                        t-att-RfcEmisorCtaOrd="emitter_vat_ord"
                        t-att-NomBancoOrdExt="bank_vat_ord"
                        t-att-CtaOrdenante="payment_account_ord"
                        t-att-RfcEmisorCtaBen="receiver_vat_ord"
                        t-att-CtaBeneficiario="payment_account_receiver">
                        <t t-foreach="invoice_vals_list" t-as="invoice_vals">
                            <t t-set="invoice" t-value="invoice_vals['invoice']"/>
                            <t t-set="invoice_tax_objected" t-value="invoice._l10n_mx_edi_get_tax_objected()"/>
                            <pago20:DoctoRelacionado
                                t-att-IdDocumento="invoice.l10n_mx_edi_cfdi_uuid"
                                t-att-Folio="format_string(invoice_vals['folio_number'], 40)"
                                t-att-Serie="format_string(invoice_vals['serie_number'], 25)"
                                t-att-MonedaDR="invoice.currency_id.name"
                                t-att-EquivalenciaDR="format_float(invoice_vals['exchange_rate'], 6) if invoice_vals['exchange_rate'] else '1'"
                                t-att-NumParcialidad="invoice_vals['number_of_payments']"
                                t-att-ImpSaldoAnt="format_float(invoice_vals['amount_before_paid'], invoice.currency_id.decimal_places)"
                                t-att-ImpPagado="format_float(invoice_vals['amount_paid'], invoice.currency_id.decimal_places)"
                                t-att-ObjetoImpDR="invoice_tax_objected"
                                t-att-ImpSaldoInsoluto="format_float(invoice_vals['amount_before_paid'] - invoice_vals['amount_paid'], invoice.currency_id.decimal_places)">
                                <pago20:ImpuestosDR t-if="invoice_tax_objected == '02'">
                                    <t t-set="tax_detail_withholding" t-value="invoice_vals['tax_details_withholding']['tax_details']"/>
                                    <t t-set="tax_detail_transferred" t-value="invoice_vals['tax_details_transferred']['tax_details']"/>
                                    <pago20:RetencionesDR t-if="tax_detail_withholding">
                                        <t t-foreach="tax_detail_withholding.values()" t-as="wh_tax_detail">
                                            <t t-set="tax" t-value="wh_tax_detail['tax']"/>
                                            <pago20:RetencionDR
                                                t-att-BaseDR="format_float(wh_tax_detail['base_val_prop_amt_curr'], invoice.currency_id.decimal_places)"
                                                t-att-ImpuestoDR="wh_tax_detail['tax_class']"
                                                t-att-TipoFactorDR="tax.l10n_mx_tax_type"
                                                t-att-TasaOCuotaDR="format_float(wh_tax_detail['tax_amount'], 6) if tax.l10n_mx_tax_type != 'Exento' else False"
                                                t-att-ImporteDR="format_float(wh_tax_detail['tax_val_prop_amt_curr'], invoice.currency_id.decimal_places)"/>
                                        </t>
                                    </pago20:RetencionesDR>
                                    <pago20:TrasladosDR t-if="tax_detail_transferred">
                                        <t t-foreach="tax_detail_transferred.values()" t-as="tax_detail">
                                            <t t-set="tax" t-value="tax_detail['tax']"/>
                                            <pago20:TrasladoDR
                                                t-att-BaseDR="format_float(tax_detail['base_val_prop_amt_curr'], invoice.currency_id.decimal_places)"
                                                t-att-ImpuestoDR="tax_detail['tax_class']"
                                                t-att-TipoFactorDR="tax.l10n_mx_tax_type"
                                                t-att-TasaOCuotaDR="format_float(tax_detail['tax_amount'], 6) if tax.l10n_mx_tax_type != 'Exento' else False"
                                                t-att-ImporteDR="format_float(tax_detail['tax_val_prop_amt_curr'], invoice.currency_id.decimal_places)"/>
                                        </t>
                                    </pago20:TrasladosDR>
                                </pago20:ImpuestosDR>
                            </pago20:DoctoRelacionado>
                        </t>
                        <pago20:ImpuestosP t-if="tax_objected == '02'">
                            <pago20:RetencionesP t-if="sum([tax['amount_curr'] for tax in withholding_summary.values()])">
                                <t t-foreach="withholding_summary.keys()" t-as="tax_class">
                                    <pago20:RetencionP t-if="withholding_summary[tax_class] and withholding_summary[tax_class]['amount_curr']"
                                        t-att-ImpuestoP="tax_class"
                                        t-att-ImporteP="format_float(withholding_summary[tax_class]['amount_curr'], record.currency_id.decimal_places)"/>
                                </t>
                            </pago20:RetencionesP>
                            <pago20:TrasladosP>
                                <t t-foreach="tax_summary.values()" t-as="item">
                                    <pago20:TrasladoP t-if="item['tax_spec'] == 'T'"
                                        t-att-BaseP="format_float(item['base_value'], record.currency_id.decimal_places)"
                                        t-att-ImpuestoP="item['tax_class']"
                                        t-att-TipoFactorP="item['tax_type']"
                                        t-att-TasaOCuotaP="format_float(item['tax_amount'], 6) if item['tax_type'] != 'Exento' else False"
                                        t-att-ImporteP="format_float(item['tax_value'], record.currency_id.decimal_places) if item['tax_type'] != 'Exento' else False"/>
                                </t>
                            </pago20:TrasladosP>
                        </pago20:ImpuestosP>
                    </pago20:Pago>
                </pago20:Pagos>
            </cfdi:Complemento>
        </cfdi:Comprobante>
    </template>

</odoo>
