<?xml version="1.0" encoding="utf-8"?>
<odoo>

    <record id="spreadsheet_dashboard_pos" model="spreadsheet.dashboard">
        <field name="name">Point of Sale</field>
        <field name="data" type="base64" file="spreadsheet_dashboard_pos_hr/data/files/pos_dashboard.json"/>
        <field name="dashboard_group_id" ref="spreadsheet_dashboard.spreadsheet_dashboard_group_sales"/>
        <field name="group_ids" eval="[Command.link(ref('point_of_sale.group_pos_manager'))]"/>
        <field name="sequence">300</field>
    </record>

</odoo>
