<?xml version="1.0" encoding="utf-8"?>
<odoo>
    <data noupdate="1">
        <record id="ir_rule_worksheet_template_quality" model="ir.rule">
            <field name="name">Worksheet Template: Quality Only</field>
            <field name="model_id" ref="model_worksheet_template"/>
            <field name="groups" eval="[(4, ref('quality.group_quality_user')), (4, ref('quality.group_quality_manager'))]"/>
            <field name="domain_force">[('res_model', '=', 'quality.check')]</field>
        </record>
    </data>
</odoo>
