<?xml version="1.0" encoding="utf-8"?>
<odoo>

    <record id="spreadsheet_dashboard_group_finance" model="spreadsheet.dashboard.group">
        <field name="name">Finance</field>
        <field name="sequence">300</field>
    </record>

    <record id="spreadsheet_dashboard_group_sales" model="spreadsheet.dashboard.group">
        <field name="name">Sales</field>
        <field name="sequence">100</field>
    </record>

    <record id="spreadsheet_dashboard_group_hr" model="spreadsheet.dashboard.group">
        <field name="name">Human Resources</field>
        <field name="sequence">800</field>
    </record>

    <record id="spreadsheet_dashboard_group_website" model="spreadsheet.dashboard.group">
        <field name="name">Website</field>
        <field name="sequence">700</field>
    </record>

    <record id="spreadsheet_dashboard_group_project" model="spreadsheet.dashboard.group">
        <field name="name">Project</field>
        <field name="sequence">500</field>
    </record>

    <record id="spreadsheet_dashboard_group_logistics" model="spreadsheet.dashboard.group">
        <field name="name">Logistics</field>
        <field name="sequence">400</field>
    </record>

</odoo>
