<?xml version="1.0" encoding="utf-8"?>
<odoo>
    <record id="l10n_co_reports_ica" model="account.report">
        <field name="name">Retención en ICA</field>
        <field name="filter_unfold_all" eval="True"/>
        <field name="filter_partner" eval="False"/>
        <field name="filter_show_draft" eval="False"/>
        <field name="filter_unreconciled" eval="False"/>
        <field name="filter_period_comparison" eval="False"/>
        <field name="filter_date_range" eval="True"/>
        <field name="default_opening_date_filter">this_year</field>
        <field name="search_bar" eval="True"/>
        <field name="custom_handler_model_id" ref="model_l10n_co_ica_report_handler"/>
        <field name="column_ids">
            <record id="l10n_co_reports_ica_bimestre" model="account.report.column">
                <field name="name">Bimestre</field>
                <field name="expression_label">bimestre</field>
                <field name="figure_type">none</field>
            </record>
            <record id="l10n_co_reports_ica_tax_base_amount" model="account.report.column">
                <field name="name">Monto del pago sujeto a retención</field>
                <field name="expression_label">tax_base_amount</field>
                <field name="figure_type">monetary</field>
            </record>
            <record id="l10n_co_reports_ica_balance" model="account.report.column">
                <field name="name">Retenido y consignado</field>
                <field name="expression_label">balance</field>
                <field name="figure_type">monetary</field>
            </record>
        </field>
    </record>

    <record id="action_account_report_ica" model="ir.actions.client">
        <field name="name">Certificado de Retención en ICA</field>
        <field name="tag">account_report</field>
        <field name="context" eval="{'report_id': ref('l10n_co_reports.l10n_co_reports_ica')}" />
    </record>

    <menuitem id="menu_action_account_report_ica" name="Certificado de Retención en ICA" action="action_account_report_ica" parent="account_reports_co_statements_menu"/>
</odoo>
