id,name,model_id:id,group_id:id,perm_read,perm_write,perm_create,perm_unlink
access_knowledge_article_all,access.knowledge.article.all,knowledge.model_knowledge_article,,0,0,0,0
access_knowledge_article_portal,access.knowledge.article.portal,knowledge.model_knowledge_article,base.group_portal,1,0,0,0
access_knowledge_article_user,access.knowledge.article.user,knowledge.model_knowledge_article,base.group_user,1,1,1,0
access_knowledge_article_system,access.knowledge.article.system,knowledge.model_knowledge_article,base.group_system,1,1,1,1
access_knowledge_article_member_all,access.knowledge.article.member.all,knowledge.model_knowledge_article_member,,0,0,0,0
access_knowledge_article_member_portal,access.knowledge.article.member.portal,knowledge.model_knowledge_article_member,base.group_portal,1,0,0,0
access_knowledge_article_member_user,access.knowledge.article.member.user,knowledge.model_knowledge_article_member,base.group_user,1,0,0,0
access_knowledge_article_member_system,access.knowledge.article.member.system,knowledge.model_knowledge_article_member,base.group_system,1,1,1,1
access_knowledge_article_favorite_all,access.knowledge.article.favorite.all,knowledge.model_knowledge_article_favorite,,0,0,0,0
access_knowledge_article_favorite_portal,access.knowledge.article.favorite.portal,knowledge.model_knowledge_article_favorite,base.group_portal,1,1,1,1
access_knowledge_article_favorite_user,access.knowledge.article.favorite.user,knowledge.model_knowledge_article_favorite,base.group_user,1,1,1,1
access_knowledge_article_favorite_system,access.knowledge.article.favorite.system,knowledge.model_knowledge_article_favorite,base.group_system,1,1,1,1
access_knowledge_cover_all,access.knowledge.cover.all,knowledge.model_knowledge_cover,,0,0,0,0
access_knowledge_cover_user,access.knowledge.cover.user,knowledge.model_knowledge_cover,base.group_user,1,1,1,1
access_knowledge_cover_system,access.knowledge.cover.system,knowledge.model_knowledge_cover,base.group_system,1,1,1,1
access_knowledge_invite_all,access.knowledge.invite.all,knowledge.model_knowledge_invite,,0,0,0,0
access_knowledge_invite_user,access.knowledge.invite.user,knowledge.model_knowledge_invite,base.group_user,1,1,1,0
access_knowledge_invite_system,access.knowledge.invite.system,knowledge.model_knowledge_invite,base.group_system,1,1,1,1
