<?xml version="1.0" encoding="ISO-8859-1"?>
<odoo>

    <template id="pe_ubl_2_1_invoice_line" inherit_id="l10n_pe_edi.pe_ubl_2_1_common_line" primary="True">
        <xpath expr="//*[name()='cbc:ID']" position="after">
            <t xmlns:cbc="urn:oasis:names:specification:ubl:schema:xsd:CommonBasicComponents-2">
                <cbc:InvoicedQuantity
                        t-att-unitCode="line.product_uom_id.l10n_pe_edi_measure_unit_code"
                        t-esc='line.quantity'/>
            </t>
        </xpath>
    </template>

    <template id="pe_ubl_2_1_invoice_body" inherit_id="l10n_pe_edi.pe_ubl_2_1_common" primary="True">
        <xpath expr="//*[name()='cbc:IssueDate']" position="after">
            <t xmlns:cbc="urn:oasis:names:specification:ubl:schema:xsd:CommonBasicComponents-2">
                <cbc:InvoiceTypeCode
                        t-att-listID="record.l10n_pe_edi_operation_type"
                        listAgencyName="PE:SUNAT"
                        listName="Tipo de Documento"
                        listURI="urn:pe:gob:sunat:cpe:see:gem:catalogos:catalogo01"
                        t-esc="record.l10n_latam_document_type_id.code"/>
                <cbc:Note
                        t-if="record.l10n_pe_edi_legend_value"
                        t-att-languageLocaleID="record.l10n_pe_edi_legend"
                        t-esc="record.l10n_pe_edi_legend_value"/>
                <cbc:Note t-esc="record._l10n_pe_edi_amount_to_text()" languageLocaleID="1000"/>
                <cbc:Note 
                    t-if="record.l10n_pe_edi_operation_type == '1001'"
                    languageLocaleID="2006">Leyenda: Operacion sujeta a detraccion</cbc:Note>
            </t>
        </xpath>
        <xpath expr="//*[name()='cac:TaxTotal']" position="after">
            <t xmlns:cac="urn:oasis:names:specification:ubl:schema:xsd:CommonAggregateComponents-2"
               xmlns:cbc="urn:oasis:names:specification:ubl:schema:xsd:CommonBasicComponents-2">
                <cac:LegalMonetaryTotal>
                    <cbc:LineExtensionAmount
                            t-att-currencyID="record.currency_id.name"
                            t-esc="format_float(record.amount_untaxed)"/>
                    <cbc:TaxInclusiveAmount
                            t-att-currencyID="record.currency_id.name"
                            t-esc="format_float(record.amount_total)"/>
                    <cbc:PayableAmount
                            t-att-currencyID="record.currency_id.name"
                            t-esc="format_float(record.amount_total)"/>
                </cac:LegalMonetaryTotal>
                <cac:InvoiceLine t-foreach="invoice_line_vals_list" t-as="line_vals">
                    <t t-call="l10n_pe_edi.pe_ubl_2_1_invoice_line"/>
                </cac:InvoiceLine>
            </t>
        </xpath>
    </template>

    <template id="pe_ubl_2_1_invoice">
        <Invoice xmlns="urn:oasis:names:specification:ubl:schema:xsd:Invoice-2"
                 xmlns:cac="urn:oasis:names:specification:ubl:schema:xsd:CommonAggregateComponents-2"
                 xmlns:cbc="urn:oasis:names:specification:ubl:schema:xsd:CommonBasicComponents-2"
                 xmlns:ccts="urn:un:unece:uncefact:documentation:2"
                 xmlns:ds="http://www.w3.org/2000/09/xmldsig#"
                 xmlns:ext="urn:oasis:names:specification:ubl:schema:xsd:CommonExtensionComponents-2"
                 xmlns:qdt="urn:oasis:names:specification:ubl:schema:xsd:QualifiedDatatypes-2"
                 xmlns:sac="urn:sunat:names:specification:ubl:peru:schema:xsd:SunatAggregateComponents-1"
                 xmlns:udt="urn:un:unece:uncefact:data:specification:UnqualifiedDataTypesSchemaModule:2"
                 xmlns:xsi="http://www.w3.org/2001/XMLSchema-instance">
            <t t-call="l10n_pe_edi.pe_ubl_2_1_invoice_body"/>
        </Invoice>
    </template>

</odoo>
