<?xml version="1.0" encoding="utf-8"?>
<odoo>
        <!-- Account Chart Template -->

        <record id="account_chart_template_0" model="account.chart.template">
            <field name="name">Costa Rica - Company 0</field>
            <field name="bank_account_code_prefix">0.1112</field>
            <field name="cash_account_code_prefix">0.1111</field>
            <field name="transfer_account_code_prefix">0.1114</field>
            <field name="currency_id" ref="base.CRC"/>
            <field name="country_id" ref="base.cr"/>
        </record>
</odoo>
