id,name,model_id:id,group_id:id,perm_read,perm_write,perm_create,perm_unlink
access_hr_resume_line,hr.resume.line,model_hr_resume_line,hr.group_hr_user,1,1,1,1
access_hr_resume_line_employee,hr.resume.line.employee,model_hr_resume_line,base.group_user,1,1,1,1
access_hr_resume_line_type,hr.resume.line.type,model_hr_resume_line_type,hr.group_hr_user,1,1,1,1
access_hr_resume_line_type_employee,hr.resume.line.type.employee,model_hr_resume_line_type,base.group_user,1,0,0,0
access_hr_skill_type,hr.skill.type,model_hr_skill_type,hr.group_hr_user,1,1,1,1
access_hr_skill_type_employee,hr.skill.type.employee,model_hr_skill_type,base.group_user,1,0,0,0
access_hr_skill_level,hr.skill.level,model_hr_skill_level,hr.group_hr_user,1,1,1,1
access_hr_skill_level_employee,hr.skill.level.employee,model_hr_skill_level,base.group_user,1,0,0,0
access_hr_skill,hr.skill,model_hr_skill,hr.group_hr_user,1,1,1,1
access_hr_skill_employee,hr.skill.employee,model_hr_skill,base.group_user,1,0,1,0
access_hr_employee_skill,hr.employee.skill,model_hr_employee_skill,hr.group_hr_user,1,1,1,1
access_hr_employee_skill_employee,hr.employee.skill,model_hr_employee_skill,base.group_user,1,1,1,1
access_hr_employee_skill_report,hr.employee.skill.report,model_hr_employee_skill_report,hr.group_hr_user,1,0,0,0
access_hr_employee_skill_log,hr.employee.skill.log,model_hr_employee_skill_log,hr.group_hr_user,1,1,1,0
