{
    "version": 12,
    "sheets": [
        {
            "id": "sheet1",
            "name": "Dashboard",
            "colNumber": 7,
            "rowNumber": 56,
            "rows": {
                "6": {
                    "size": 40
                },
                "18": {
                    "size": 40
                },
                "30": {
                    "size": 40
                },
                "31": {
                    "size": 40
                },
                "43": {
                    "size": 40
                },
                "44": {
                    "size": 40
                }
            },
            "cols": {
                "0": {
                    "size": 275
                },
                "1": {
                    "size": 100
                },
                "2": {
                    "size": 100
                },
                "3": {
                    "size": 50
                },
                "4": {
                    "size": 275
                },
                "5": {
                    "size": 100
                },
                "6": {
                    "size": 100
                }
            },
            "merges": [],
            "cells": {
                "A7": {
                    "style": 1,
                    "content": "[Weekly Production](odoo://view/{\"viewType\":\"graph\",\"action\":{\"domain\":[[\"state\",\"=\",\"done\"]],\"context\":{\"group_by\":[\"date_finished:week\"],\"graph_measure\":\"product_uom_qty\",\"graph_mode\":\"line\",\"graph_groupbys\":[\"date_finished:week\"]},\"modelName\":\"mrp.production\",\"views\":[[false,\"graph\"],[false,\"pivot\"],[false,\"form\"],[false,\"search\"]]},\"threshold\":0,\"name\":\"Weekly Production\"})",
                    "border": 1
                },
                "A19": {
                    "style": 1,
                    "content": "[Most Produced Products](odoo://view/{\"viewType\":\"graph\",\"action\":{\"domain\":[\"|\",[\"state\",\"=\",\"draft\"],\"|\",[\"state\",\"=\",\"confirmed\"],\"|\",\"&\",\"&\",[\"is_planned\",\"=\",true],[\"date_planned_start\",\"!=\",false],[\"date_planned_finished\",\"!=\",false],\"|\",[\"state\",\"=\",\"progress\"],[\"state\",\"=\",\"done\"]],\"context\":{\"group_by\":[\"product_id\",\"state\"],\"graph_measure\":\"product_uom_qty\",\"graph_mode\":\"bar\",\"graph_groupbys\":[\"product_id\",\"state\"]},\"modelName\":\"mrp.production\",\"views\":[[false,\"graph\"],[false,\"pivot\"],[false,\"form\"],[false,\"search\"]]},\"threshold\":0,\"name\":\"Most Produced Products\"})",
                    "border": 1
                },
                "A31": {
                    "style": 1,
                    "content": "[Top Products](odoo://view/{\"viewType\":\"pivot\",\"action\":{\"domain\":[\"|\",[\"state\",\"=\",\"draft\"],\"|\",[\"state\",\"=\",\"confirmed\"],\"|\",\"&\",\"&\",[\"is_planned\",\"=\",true],[\"date_planned_start\",\"!=\",false],[\"date_planned_finished\",\"!=\",false],\"|\",[\"state\",\"=\",\"progress\"],[\"state\",\"=\",\"done\"]],\"context\":{\"group_by\":[\"product_id\"],\"pivot_measures\":[\"__count\",\"product_uom_qty\"],\"pivot_column_groupby\":[],\"pivot_row_groupby\":[\"product_id\"]},\"modelName\":\"mrp.production\",\"views\":[[false,\"graph\"],[false,\"pivot\"],[false,\"form\"],[false,\"search\"]]},\"threshold\":0,\"name\":\"Top Products\"})",
                    "border": 1
                },
                "A32": {
                    "style": 2,
                    "content": "=_t(\"Product\")",
                    "border": 2
                },
                "A33": {
                    "style": 3,
                    "content": "=ODOO.PIVOT.HEADER(1,\"#product_id\",1)"
                },
                "A34": {
                    "style": 4,
                    "content": "=ODOO.PIVOT.HEADER(1,\"#product_id\",2)"
                },
                "A35": {
                    "style": 3,
                    "content": "=ODOO.PIVOT.HEADER(1,\"#product_id\",3)"
                },
                "A36": {
                    "style": 4,
                    "content": "=ODOO.PIVOT.HEADER(1,\"#product_id\",4)"
                },
                "A37": {
                    "style": 3,
                    "content": "=ODOO.PIVOT.HEADER(1,\"#product_id\",5)"
                },
                "A38": {
                    "style": 4,
                    "content": "=ODOO.PIVOT.HEADER(1,\"#product_id\",6)"
                },
                "A39": {
                    "style": 3,
                    "content": "=ODOO.PIVOT.HEADER(1,\"#product_id\",7)"
                },
                "A40": {
                    "style": 4,
                    "content": "=ODOO.PIVOT.HEADER(1,\"#product_id\",8)"
                },
                "A41": {
                    "style": 3,
                    "content": "=ODOO.PIVOT.HEADER(1,\"#product_id\",9)"
                },
                "A42": {
                    "style": 4,
                    "content": "=ODOO.PIVOT.HEADER(1,\"#product_id\",10)"
                },
                "A44": {
                    "style": 1,
                    "content": "[Top Responsibles](odoo://view/{\"viewType\":\"pivot\",\"action\":{\"domain\":[\"&\",\"|\",[\"state\",\"=\",\"draft\"],\"|\",[\"state\",\"=\",\"confirmed\"],\"|\",\"&\",\"&\",[\"is_planned\",\"=\",true],[\"date_planned_start\",\"!=\",false],[\"date_planned_finished\",\"!=\",false],\"|\",[\"state\",\"=\",\"progress\"],[\"state\",\"=\",\"done\"],[\"user_id\",\"!=\",false]],\"context\":{\"group_by\":[\"user_id\"],\"pivot_measures\":[\"__count\",\"product_uom_qty\"],\"pivot_column_groupby\":[],\"pivot_row_groupby\":[\"picking_type_id\"]},\"modelName\":\"mrp.production\",\"views\":[[false,\"graph\"],[false,\"pivot\"],[false,\"form\"],[false,\"search\"],[false,\"search\"]]},\"threshold\":0,\"name\":\"Top Responsibles\"})",
                    "border": 1
                },
                "A45": {
                    "style": 2,
                    "content": "=_t(\"Responsible\")",
                    "border": 2
                },
                "A46": {
                    "style": 3,
                    "content": "=ODOO.PIVOT.HEADER(3,\"#picking_type_id\",1)"
                },
                "A47": {
                    "style": 4,
                    "content": "=ODOO.PIVOT.HEADER(3,\"#picking_type_id\",2)"
                },
                "A48": {
                    "style": 3,
                    "content": "=ODOO.PIVOT.HEADER(3,\"#picking_type_id\",3)"
                },
                "A49": {
                    "style": 4,
                    "content": "=ODOO.PIVOT.HEADER(3,\"#picking_type_id\",4)"
                },
                "A50": {
                    "style": 3,
                    "content": "=ODOO.PIVOT.HEADER(3,\"#picking_type_id\",5)"
                },
                "A51": {
                    "style": 4,
                    "content": "=ODOO.PIVOT.HEADER(3,\"#picking_type_id\",6)"
                },
                "A52": {
                    "style": 3,
                    "content": "=ODOO.PIVOT.HEADER(3,\"#picking_type_id\",7)"
                },
                "A53": {
                    "style": 4,
                    "content": "=ODOO.PIVOT.HEADER(3,\"#picking_type_id\",8)"
                },
                "A54": {
                    "style": 3,
                    "content": "=ODOO.PIVOT.HEADER(3,\"#picking_type_id\",9)"
                },
                "A55": {
                    "style": 4,
                    "content": "=ODOO.PIVOT.HEADER(3,\"#picking_type_id\",10)"
                },
                "B7": {
                    "style": 5,
                    "border": 1
                },
                "B19": {
                    "style": 5,
                    "border": 1
                },
                "B31": {
                    "style": 5,
                    "border": 1
                },
                "B32": {
                    "style": 6,
                    "content": "=_t(\"Orders\")",
                    "border": 2
                },
                "B33": {
                    "style": 7,
                    "format": 1,
                    "content": "=ODOO.PIVOT(1,\"__count\",\"#product_id\",1)"
                },
                "B34": {
                    "format": 1,
                    "content": "=ODOO.PIVOT(1,\"__count\",\"#product_id\",2)"
                },
                "B35": {
                    "style": 7,
                    "format": 1,
                    "content": "=ODOO.PIVOT(1,\"__count\",\"#product_id\",3)"
                },
                "B36": {
                    "format": 1,
                    "content": "=ODOO.PIVOT(1,\"__count\",\"#product_id\",4)"
                },
                "B37": {
                    "style": 7,
                    "format": 1,
                    "content": "=ODOO.PIVOT(1,\"__count\",\"#product_id\",5)"
                },
                "B38": {
                    "format": 1,
                    "content": "=ODOO.PIVOT(1,\"__count\",\"#product_id\",6)"
                },
                "B39": {
                    "style": 7,
                    "format": 1,
                    "content": "=ODOO.PIVOT(1,\"__count\",\"#product_id\",7)"
                },
                "B40": {
                    "format": 1,
                    "content": "=ODOO.PIVOT(1,\"__count\",\"#product_id\",8)"
                },
                "B41": {
                    "style": 7,
                    "format": 1,
                    "content": "=ODOO.PIVOT(1,\"__count\",\"#product_id\",9)"
                },
                "B42": {
                    "format": 1,
                    "content": "=ODOO.PIVOT(1,\"__count\",\"#product_id\",10)"
                },
                "B44": {
                    "style": 5,
                    "border": 1
                },
                "B45": {
                    "style": 6,
                    "content": "=_t(\"Orders\")",
                    "border": 2
                },
                "B46": {
                    "style": 7,
                    "format": 1,
                    "content": "=ODOO.PIVOT(3,\"__count\",\"#picking_type_id\",1)"
                },
                "B47": {
                    "format": 1,
                    "content": "=ODOO.PIVOT(3,\"__count\",\"#picking_type_id\",2)"
                },
                "B48": {
                    "style": 7,
                    "format": 1,
                    "content": "=ODOO.PIVOT(3,\"__count\",\"#picking_type_id\",3)"
                },
                "B49": {
                    "format": 1,
                    "content": "=ODOO.PIVOT(3,\"__count\",\"#picking_type_id\",4)"
                },
                "B50": {
                    "style": 7,
                    "format": 1,
                    "content": "=ODOO.PIVOT(3,\"__count\",\"#picking_type_id\",5)"
                },
                "B51": {
                    "format": 1,
                    "content": "=ODOO.PIVOT(3,\"__count\",\"#picking_type_id\",6)"
                },
                "B52": {
                    "style": 7,
                    "format": 1,
                    "content": "=ODOO.PIVOT(3,\"__count\",\"#picking_type_id\",7)"
                },
                "B53": {
                    "format": 1,
                    "content": "=ODOO.PIVOT(3,\"__count\",\"#picking_type_id\",8)"
                },
                "B54": {
                    "style": 7,
                    "format": 1,
                    "content": "=ODOO.PIVOT(3,\"__count\",\"#picking_type_id\",9)"
                },
                "B55": {
                    "format": 1,
                    "content": "=ODOO.PIVOT(3,\"__count\",\"#picking_type_id\",10)"
                },
                "C7": {
                    "style": 5,
                    "border": 1
                },
                "C19": {
                    "style": 5,
                    "border": 1
                },
                "C31": {
                    "style": 5,
                    "border": 1
                },
                "C32": {
                    "style": 6,
                    "content": "=_t(\"Qty Produced\")",
                    "border": 2
                },
                "C33": {
                    "style": 7,
                    "format": 1,
                    "content": "=ODOO.PIVOT(1,\"product_uom_qty\",\"#product_id\",1)"
                },
                "C34": {
                    "format": 1,
                    "content": "=ODOO.PIVOT(1,\"product_uom_qty\",\"#product_id\",2)"
                },
                "C35": {
                    "style": 7,
                    "format": 1,
                    "content": "=ODOO.PIVOT(1,\"product_uom_qty\",\"#product_id\",3)"
                },
                "C36": {
                    "format": 1,
                    "content": "=ODOO.PIVOT(1,\"product_uom_qty\",\"#product_id\",4)"
                },
                "C37": {
                    "style": 7,
                    "format": 1,
                    "content": "=ODOO.PIVOT(1,\"product_uom_qty\",\"#product_id\",5)"
                },
                "C38": {
                    "format": 1,
                    "content": "=ODOO.PIVOT(1,\"product_uom_qty\",\"#product_id\",6)"
                },
                "C39": {
                    "style": 7,
                    "format": 1,
                    "content": "=ODOO.PIVOT(1,\"product_uom_qty\",\"#product_id\",7)"
                },
                "C40": {
                    "format": 1,
                    "content": "=ODOO.PIVOT(1,\"product_uom_qty\",\"#product_id\",8)"
                },
                "C41": {
                    "style": 7,
                    "format": 1,
                    "content": "=ODOO.PIVOT(1,\"product_uom_qty\",\"#product_id\",9)"
                },
                "C42": {
                    "format": 1,
                    "content": "=ODOO.PIVOT(1,\"product_uom_qty\",\"#product_id\",10)"
                },
                "C44": {
                    "style": 5,
                    "border": 1
                },
                "C45": {
                    "style": 6,
                    "content": "=_t(\"Qty Produced\")",
                    "border": 2
                },
                "C46": {
                    "style": 7,
                    "format": 1,
                    "content": "=ODOO.PIVOT(3,\"product_uom_qty\",\"#picking_type_id\",1)"
                },
                "C47": {
                    "format": 1,
                    "content": "=ODOO.PIVOT(3,\"product_uom_qty\",\"#picking_type_id\",2)"
                },
                "C48": {
                    "style": 7,
                    "format": 1,
                    "content": "=ODOO.PIVOT(3,\"product_uom_qty\",\"#picking_type_id\",3)"
                },
                "C49": {
                    "format": 1,
                    "content": "=ODOO.PIVOT(3,\"product_uom_qty\",\"#picking_type_id\",4)"
                },
                "C50": {
                    "style": 7,
                    "format": 1,
                    "content": "=ODOO.PIVOT(3,\"product_uom_qty\",\"#picking_type_id\",5)"
                },
                "C51": {
                    "format": 1,
                    "content": "=ODOO.PIVOT(3,\"product_uom_qty\",\"#picking_type_id\",6)"
                },
                "C52": {
                    "style": 7,
                    "format": 1,
                    "content": "=ODOO.PIVOT(3,\"product_uom_qty\",\"#picking_type_id\",7)"
                },
                "C53": {
                    "format": 1,
                    "content": "=ODOO.PIVOT(3,\"product_uom_qty\",\"#picking_type_id\",8)"
                },
                "C54": {
                    "style": 7,
                    "format": 1,
                    "content": "=ODOO.PIVOT(3,\"product_uom_qty\",\"#picking_type_id\",9)"
                },
                "C55": {
                    "format": 1,
                    "content": "=ODOO.PIVOT(3,\"product_uom_qty\",\"#picking_type_id\",10)"
                },
                "D7": {
                    "style": 5,
                    "border": 1
                },
                "E7": {
                    "style": 5,
                    "border": 1
                },
                "E31": {
                    "style": 1,
                    "content": "[Top Operation Types](odoo://view/{\"viewType\":\"pivot\",\"action\":{\"domain\":[\"|\",[\"state\",\"=\",\"draft\"],\"|\",[\"state\",\"=\",\"confirmed\"],\"|\",\"&\",\"&\",[\"is_planned\",\"=\",true],[\"date_planned_start\",\"!=\",false],[\"date_planned_finished\",\"!=\",false],\"|\",[\"state\",\"=\",\"progress\"],[\"state\",\"=\",\"done\"]],\"context\":{\"group_by\":[\"picking_type_id\"],\"pivot_measures\":[\"__count\",\"product_uom_qty\"],\"pivot_column_groupby\":[],\"pivot_row_groupby\":[\"picking_type_id\"]},\"modelName\":\"mrp.production\",\"views\":[[false,\"graph\"],[false,\"pivot\"],[false,\"form\"],[false,\"search\"]]},\"threshold\":0,\"name\":\"Top Operation Types\"})",
                    "border": 1
                },
                "E32": {
                    "style": 2,
                    "content": "=_t(\"Operation Type\")",
                    "border": 2
                },
                "E33": {
                    "style": 3,
                    "content": "=ODOO.PIVOT.HEADER(2,\"#picking_type_id\",1)"
                },
                "E34": {
                    "style": 4,
                    "content": "=ODOO.PIVOT.HEADER(2,\"#picking_type_id\",2)"
                },
                "E35": {
                    "style": 3,
                    "content": "=ODOO.PIVOT.HEADER(2,\"#picking_type_id\",3)"
                },
                "E36": {
                    "style": 4,
                    "content": "=ODOO.PIVOT.HEADER(2,\"#picking_type_id\",4)"
                },
                "E37": {
                    "style": 3,
                    "content": "=ODOO.PIVOT.HEADER(2,\"#picking_type_id\",5)"
                },
                "E38": {
                    "style": 4,
                    "content": "=ODOO.PIVOT.HEADER(2,\"#picking_type_id\",6)"
                },
                "E39": {
                    "style": 3,
                    "content": "=ODOO.PIVOT.HEADER(2,\"#picking_type_id\",7)"
                },
                "E40": {
                    "style": 4,
                    "content": "=ODOO.PIVOT.HEADER(2,\"#picking_type_id\",8)"
                },
                "E41": {
                    "style": 3,
                    "content": "=ODOO.PIVOT.HEADER(2,\"#picking_type_id\",9)"
                },
                "E42": {
                    "style": 4,
                    "content": "=ODOO.PIVOT.HEADER(2,\"#picking_type_id\",10)"
                },
                "F7": {
                    "style": 5,
                    "border": 1
                },
                "F31": {
                    "style": 5,
                    "border": 1
                },
                "F32": {
                    "style": 6,
                    "content": "=_t(\"Orders\")",
                    "border": 2
                },
                "F33": {
                    "style": 7,
                    "format": 1,
                    "content": "=ODOO.PIVOT(2,\"__count\",\"#picking_type_id\",1)"
                },
                "F34": {
                    "format": 1,
                    "content": "=ODOO.PIVOT(2,\"__count\",\"#picking_type_id\",2)"
                },
                "F35": {
                    "style": 7,
                    "format": 1,
                    "content": "=ODOO.PIVOT(2,\"__count\",\"#picking_type_id\",3)"
                },
                "F36": {
                    "format": 1,
                    "content": "=ODOO.PIVOT(2,\"__count\",\"#picking_type_id\",4)"
                },
                "F37": {
                    "style": 7,
                    "format": 1,
                    "content": "=ODOO.PIVOT(2,\"__count\",\"#picking_type_id\",5)"
                },
                "F38": {
                    "format": 1,
                    "content": "=ODOO.PIVOT(2,\"__count\",\"#picking_type_id\",6)"
                },
                "F39": {
                    "style": 7,
                    "format": 1,
                    "content": "=ODOO.PIVOT(2,\"__count\",\"#picking_type_id\",7)"
                },
                "F40": {
                    "format": 1,
                    "content": "=ODOO.PIVOT(2,\"__count\",\"#picking_type_id\",8)"
                },
                "F41": {
                    "style": 7,
                    "format": 1,
                    "content": "=ODOO.PIVOT(2,\"__count\",\"#picking_type_id\",9)"
                },
                "F42": {
                    "format": 1,
                    "content": "=ODOO.PIVOT(2,\"__count\",\"#picking_type_id\",10)"
                },
                "G7": {
                    "style": 5,
                    "border": 1
                },
                "G31": {
                    "style": 5,
                    "border": 1
                },
                "G32": {
                    "style": 6,
                    "content": "=_t(\"Qty Produced\")",
                    "border": 2
                },
                "G33": {
                    "style": 7,
                    "format": 1,
                    "content": "=ODOO.PIVOT(2,\"product_uom_qty\",\"#picking_type_id\",1)"
                },
                "G34": {
                    "format": 1,
                    "content": "=ODOO.PIVOT(2,\"product_uom_qty\",\"#picking_type_id\",2)"
                },
                "G35": {
                    "style": 7,
                    "format": 1,
                    "content": "=ODOO.PIVOT(2,\"product_uom_qty\",\"#picking_type_id\",3)"
                },
                "G36": {
                    "format": 1,
                    "content": "=ODOO.PIVOT(2,\"product_uom_qty\",\"#picking_type_id\",4)"
                },
                "G37": {
                    "style": 7,
                    "format": 1,
                    "content": "=ODOO.PIVOT(2,\"product_uom_qty\",\"#picking_type_id\",5)"
                },
                "G38": {
                    "format": 1,
                    "content": "=ODOO.PIVOT(2,\"product_uom_qty\",\"#picking_type_id\",6)"
                },
                "G39": {
                    "style": 7,
                    "format": 1,
                    "content": "=ODOO.PIVOT(2,\"product_uom_qty\",\"#picking_type_id\",7)"
                },
                "G40": {
                    "format": 1,
                    "content": "=ODOO.PIVOT(2,\"product_uom_qty\",\"#picking_type_id\",8)"
                },
                "G41": {
                    "style": 7,
                    "format": 1,
                    "content": "=ODOO.PIVOT(2,\"product_uom_qty\",\"#picking_type_id\",9)"
                },
                "G42": {
                    "format": 1,
                    "content": "=ODOO.PIVOT(2,\"product_uom_qty\",\"#picking_type_id\",10)"
                },
                "A8": {
                    "border": 2
                },
                "A20": {
                    "border": 2
                },
                "B8": {
                    "border": 2
                },
                "B20": {
                    "border": 2
                },
                "C8": {
                    "border": 2
                },
                "C20": {
                    "border": 2
                },
                "D8": {
                    "border": 2
                },
                "D19": {
                    "border": 1
                },
                "D20": {
                    "border": 2
                },
                "E8": {
                    "border": 2
                },
                "E19": {
                    "border": 1
                },
                "E20": {
                    "border": 2
                },
                "F8": {
                    "border": 2
                },
                "F19": {
                    "border": 1
                },
                "F20": {
                    "border": 2
                },
                "G8": {
                    "border": 2
                },
                "G19": {
                    "border": 1
                },
                "G20": {
                    "border": 2
                }
            },
            "conditionalFormats": [],
            "figures": [
                {
                    "id": "2828f15d-9fe0-43c8-8ad7-a2b7fe7ff3c5",
                    "x": 0,
                    "y": 178,
                    "width": 1000,
                    "height": 230,
                    "tag": "chart",
                    "data": {
                        "title": "",
                        "background": "#FFFFFF",
                        "legendPosition": "none",
                        "metaData": {
                            "groupBy": [
                                "date_finished:week"
                            ],
                            "measure": "product_uom_qty",
                            "order": null,
                            "resModel": "mrp.production"
                        },
                        "searchParams": {
                            "comparison": null,
                            "context": {
                                "default_company_id": 1
                            },
                            "domain": [
                                [
                                    "state",
                                    "=",
                                    "done"
                                ]
                            ],
                            "groupBy": [
                                "date_finished:week"
                            ],
                            "orderBy": []
                        },
                        "type": "odoo_line",
                        "verticalAxisPosition": "left"
                    }
                },
                {
                    "id": "6591ce4b-64ce-4630-943d-18570a18a4f2",
                    "x": 0,
                    "y": 471,
                    "width": 1000,
                    "height": 230,
                    "tag": "chart",
                    "data": {
                        "title": "",
                        "background": "#FFFFFF",
                        "legendPosition": "right",
                        "metaData": {
                            "groupBy": [
                                "product_id",
                                "state"
                            ],
                            "measure": "product_uom_qty",
                            "order": "DESC",
                            "resModel": "mrp.production"
                        },
                        "searchParams": {
                            "comparison": null,
                            "context": {
                                "default_company_id": 1
                            },
                            "domain": [
                                "|",
                                [
                                    "state",
                                    "=",
                                    "draft"
                                ],
                                "|",
                                [
                                    "state",
                                    "=",
                                    "confirmed"
                                ],
                                "|",
                                "&",
                                "&",
                                [
                                    "is_planned",
                                    "=",
                                    true
                                ],
                                [
                                    "date_planned_start",
                                    "!=",
                                    false
                                ],
                                [
                                    "date_planned_finished",
                                    "!=",
                                    false
                                ],
                                "|",
                                [
                                    "state",
                                    "=",
                                    "progress"
                                ],
                                [
                                    "state",
                                    "=",
                                    "done"
                                ]
                            ],
                            "groupBy": [
                                "product_id",
                                "state"
                            ],
                            "orderBy": []
                        },
                        "type": "odoo_bar",
                        "verticalAxisPosition": "left",
                        "stacked": true
                    }
                },
                {
                    "id": "992b1b7d-78e0-4b41-b144-3995c16b73be",
                    "x": 210,
                    "y": 0,
                    "width": 200,
                    "height": 120,
                    "tag": "chart",
                    "data": {
                        "baselineColorDown": "#DC6965",
                        "baselineColorUp": "#00A04A",
                        "baselineMode": "percentage",
                        "title": "Quantity Produced",
                        "type": "scorecard",
                        "background": "",
                        "baseline": "Data!E3",
                        "baselineDescr": "since last period",
                        "keyValue": "Data!D3"
                    }
                },
                {
                    "id": "379d22d2-4cbf-48fb-8fad-e44b9ce00dea",
                    "x": 0,
                    "y": 0,
                    "width": 200,
                    "height": 120,
                    "tag": "chart",
                    "data": {
                        "baselineColorDown": "#DC6965",
                        "baselineColorUp": "#00A04A",
                        "baselineMode": "percentage",
                        "title": "Manufacturing Orders",
                        "type": "scorecard",
                        "background": "",
                        "baseline": "Data!E2",
                        "baselineDescr": "since last period",
                        "keyValue": "Data!D2"
                    }
                },
                {
                    "id": "683afc26-bbb2-4647-8e80-e3699839ffd5",
                    "x": 420,
                    "y": 0,
                    "width": 200,
                    "height": 120,
                    "tag": "chart",
                    "data": {
                        "baselineColorDown": "#DC6965",
                        "baselineColorUp": "#00A04A",
                        "baselineMode": "percentage",
                        "title": "OEE",
                        "type": "scorecard",
                        "background": "",
                        "baseline": "Data!E7",
                        "baselineDescr": "since last period",
                        "keyValue": "Data!D7"
                    }
                },
                {
                    "id": "9f95d0f4-ad80-45de-970a-9897eab4d56f",
                    "x": 630,
                    "y": 0,
                    "width": 200,
                    "height": 120,
                    "tag": "chart",
                    "data": {
                        "baselineColorDown": "#DC6965",
                        "baselineColorUp": "#00A04A",
                        "baselineMode": "percentage",
                        "title": "Average Cost / Unit",
                        "type": "scorecard",
                        "background": "",
                        "baseline": "Data!E8",
                        "baselineDescr": "since last period",
                        "keyValue": "Data!D8"
                    }
                }
            ],
            "areGridLinesVisible": true,
            "isVisible": true
        },
        {
            "id": "e85b0e6c-d32d-4ab1-a3c7-e5c1ae0e5350",
            "name": "Data",
            "colNumber": 26,
            "rowNumber": 101,
            "rows": {},
            "cols": {},
            "merges": [],
            "cells": {
                "A1": {
                    "style": 2,
                    "content": "=_t(\"KPI\")"
                },
                "A2": {
                    "content": "=_t(\"Manufacturing orders\")"
                },
                "A3": {
                    "content": "=_t(\"Total quantity\")"
                },
                "A4": {
                    "content": "=_t(\"Total time (min)t\")"
                },
                "A5": {
                    "content": "=_t(\"Available time (min)t\")"
                },
                "A6": {
                    "content": "=_t(\"Productive time (min)t\")"
                },
                "A7": {
                    "content": "=_t(\"OEE\")"
                },
                "A8": {
                    "content": "=_t(\"Average cost / unitt\")"
                },
                "B1": {
                    "style": 2,
                    "content": "=_t(\"Current\")"
                },
                "B2": {
                    "content": "=ODOO.PIVOT(5,\"__count\")"
                },
                "B3": {
                    "content": "=ODOO.PIVOT(5,\"product_uom_qty\")"
                },
                "B4": {
                    "content": "=ODOO.PIVOT(7,\"duration\")"
                },
                "B5": {
                    "content": "=ODOO.PIVOT(7,\"duration\",\"loss_type\",\"availability\")"
                },
                "B6": {
                    "content": "=ODOO.PIVOT(7,\"duration\",\"loss_type\",\"productive\")"
                },
                "B7": {
                    "content": "=IFERROR(B6/B4)"
                },
                "B8": {
                    "content": "=ODOO.PIVOT(9,\"unit_cost\")"
                },
                "C1": {
                    "style": 2,
                    "content": "=_t(\"Previous\")"
                },
                "C2": {
                    "content": "=ODOO.PIVOT(6,\"__count\")"
                },
                "C3": {
                    "content": "=ODOO.PIVOT(6,\"product_uom_qty\")"
                },
                "C4": {
                    "content": "=ODOO.PIVOT(8,\"duration\")"
                },
                "C5": {
                    "content": "=ODOO.PIVOT(8,\"duration\",\"loss_type\",\"availability\")"
                },
                "C6": {
                    "content": "=ODOO.PIVOT(8,\"duration\",\"loss_type\",\"productive\")"
                },
                "C7": {
                    "content": "=IFERROR(C6/C4)"
                },
                "C8": {
                    "content": "=ODOO.PIVOT(10,\"unit_cost\")"
                },
                "D1": {
                    "style": 2,
                    "content": "=_t(\"Current\")"
                },
                "D2": {
                    "style": 7,
                    "content": "=FORMAT.LARGE.NUMBER(B2)"
                },
                "D3": {
                    "style": 7,
                    "content": "=FORMAT.LARGE.NUMBER(B3)"
                },
                "D4": {
                    "style": 8
                },
                "D5": {
                    "style": 8
                },
                "D6": {
                    "style": 8
                },
                "D7": {
                    "style": 7,
                    "format": 2,
                    "content": "=B7"
                },
                "D8": {
                    "style": 7,
                    "content": "=FORMAT.LARGE.NUMBER(B8)"
                },
                "E1": {
                    "style": 2,
                    "content": "=_t(\"Previous\")"
                },
                "E2": {
                    "style": 7,
                    "content": "=FORMAT.LARGE.NUMBER(C2)"
                },
                "E3": {
                    "style": 7,
                    "content": "=FORMAT.LARGE.NUMBER(C3)"
                },
                "E4": {
                    "style": 8
                },
                "E5": {
                    "style": 8
                },
                "E6": {
                    "style": 8
                },
                "E7": {
                    "style": 7,
                    "format": 2,
                    "content": "=C7"
                },
                "E8": {
                    "style": 7,
                    "content": "=FORMAT.LARGE.NUMBER(C8)"
                },
                "F1": {
                    "style": 2
                },
                "G1": {
                    "style": 2
                },
                "H1": {
                    "style": 2
                },
                "I1": {
                    "style": 2
                },
                "J1": {
                    "style": 2
                },
                "K1": {
                    "style": 2
                },
                "L1": {
                    "style": 2
                },
                "M1": {
                    "style": 2
                },
                "N1": {
                    "style": 2
                },
                "O1": {
                    "style": 2
                },
                "P1": {
                    "style": 2
                },
                "Q1": {
                    "style": 2
                },
                "R1": {
                    "style": 2
                },
                "S1": {
                    "style": 2
                },
                "T1": {
                    "style": 2
                },
                "U1": {
                    "style": 2
                },
                "V1": {
                    "style": 2
                },
                "W1": {
                    "style": 2
                },
                "X1": {
                    "style": 2
                },
                "Y1": {
                    "style": 2
                },
                "Z1": {
                    "style": 2
                }
            },
            "conditionalFormats": [],
            "figures": [],
            "areGridLinesVisible": true,
            "isVisible": true
        }
    ],
    "entities": {},
    "styles": {
        "1": {
            "textColor": "#01666b",
            "bold": true,
            "fontSize": 16
        },
        "2": {
            "bold": true
        },
        "3": {
            "fillColor": "#f2f2f2",
            "textColor": "#741b47"
        },
        "4": {
            "textColor": "#741b47"
        },
        "5": {
            "bold": true,
            "fontSize": 16
        },
        "6": {
            "align": "right",
            "bold": true
        },
        "7": {
            "fillColor": "#f2f2f2"
        },
        "8": {
            "fillColor": ""
        }
    },
    "formats": {
        "1": "0",
        "2": "0%"
    },
    "borders": {
        "1": {
            "bottom": [
                "thin",
                "#000"
            ]
        },
        "2": {
            "top": [
                "thin",
                "#000"
            ]
        }
    },
    "revisionId": "START_REVISION",
    "chartOdooMenusReferences": {
        "2828f15d-9fe0-43c8-8ad7-a2b7fe7ff3c5": "mrp.menu_mrp_root",
        "6591ce4b-64ce-4630-943d-18570a18a4f2": "mrp.menu_mrp_root",
        "3d49564f-cc66-495b-b056-61dd29b34ea6": "mrp.menu_mrp_root",
        "379d22d2-4cbf-48fb-8fad-e44b9ce00dea": "mrp_account_enterprise.mrp_dashboard_menuitem",
        "992b1b7d-78e0-4b41-b144-3995c16b73be": "mrp_account_enterprise.mrp_dashboard_menuitem",
        "683afc26-bbb2-4647-8e80-e3699839ffd5": "mrp.menu_mrp_workcenter_productivity_report",
        "9f95d0f4-ad80-45de-970a-9897eab4d56f": "mrp.menu_mrp_workcenter_productivity_report"
    },
    "odooVersion": 4,
    "lists": {},
    "listNextId": 1,
    "pivots": {
        "1": {
            "colGroupBys": [],
            "context": {
                "default_company_id": 1
            },
            "domain": [
                "|",
                [
                    "state",
                    "=",
                    "draft"
                ],
                "|",
                [
                    "state",
                    "=",
                    "confirmed"
                ],
                "|",
                "&",
                "&",
                [
                    "is_planned",
                    "=",
                    true
                ],
                [
                    "date_planned_start",
                    "!=",
                    false
                ],
                [
                    "date_planned_finished",
                    "!=",
                    false
                ],
                "|",
                [
                    "state",
                    "=",
                    "progress"
                ],
                [
                    "state",
                    "=",
                    "done"
                ]
            ],
            "id": "1",
            "measures": [
                {
                    "field": "__count"
                },
                {
                    "field": "product_uom_qty"
                }
            ],
            "model": "mrp.production",
            "rowGroupBys": [
                "product_id"
            ],
            "name": "Manufacturing Orders by Product",
            "sortedColumn": {
                "groupId": [
                    [],
                    []
                ],
                "measure": "product_uom_qty",
                "order": "desc"
            }
        },
        "2": {
            "colGroupBys": [],
            "context": {
                "default_company_id": 1
            },
            "domain": [
                "|",
                [
                    "state",
                    "=",
                    "draft"
                ],
                "|",
                [
                    "state",
                    "=",
                    "confirmed"
                ],
                "|",
                "&",
                "&",
                [
                    "is_planned",
                    "=",
                    true
                ],
                [
                    "date_planned_start",
                    "!=",
                    false
                ],
                [
                    "date_planned_finished",
                    "!=",
                    false
                ],
                "|",
                [
                    "state",
                    "=",
                    "progress"
                ],
                [
                    "state",
                    "=",
                    "done"
                ]
            ],
            "id": "2",
            "measures": [
                {
                    "field": "__count"
                },
                {
                    "field": "product_uom_qty"
                }
            ],
            "model": "mrp.production",
            "rowGroupBys": [
                "picking_type_id"
            ],
            "name": "Manufacturing Orders by Operation Type",
            "sortedColumn": {
                "groupId": [
                    [],
                    []
                ],
                "measure": "product_uom_qty",
                "order": "desc"
            }
        },
        "3": {
            "colGroupBys": [],
            "context": {
                "group_by": [
                    "picking_type_id"
                ],
                "pivot_measures": [
                    "__count",
                    "product_uom_qty"
                ],
                "pivot_column_groupby": [],
                "pivot_row_groupby": [
                    "picking_type_id"
                ]
            },
            "domain": [
                "&",
                "|",
                [
                    "state",
                    "=",
                    "draft"
                ],
                "|",
                [
                    "state",
                    "=",
                    "confirmed"
                ],
                "|",
                "&",
                "&",
                [
                    "is_planned",
                    "=",
                    true
                ],
                [
                    "date_planned_start",
                    "!=",
                    false
                ],
                [
                    "date_planned_finished",
                    "!=",
                    false
                ],
                "|",
                [
                    "state",
                    "=",
                    "progress"
                ],
                [
                    "state",
                    "=",
                    "done"
                ],
                [
                    "user_id",
                    "!=",
                    false
                ]
            ],
            "id": "3",
            "measures": [
                {
                    "field": "__count"
                },
                {
                    "field": "product_uom_qty"
                }
            ],
            "model": "mrp.production",
            "rowGroupBys": [
                "user_id"
            ],
            "name": "Manufacturing Orders by Responsible",
            "sortedColumn": {
                "groupId": [
                    [],
                    []
                ],
                "measure": "product_uom_qty",
                "order": "desc"
            }
        },
        "5": {
            "colGroupBys": [],
            "context": {
                "default_company_id": 1
            },
            "domain": [
                "|",
                [
                    "state",
                    "=",
                    "confirmed"
                ],
                "|",
                "&",
                "&",
                [
                    "is_planned",
                    "=",
                    true
                ],
                [
                    "date_planned_start",
                    "!=",
                    false
                ],
                [
                    "date_planned_finished",
                    "!=",
                    false
                ],
                "|",
                [
                    "state",
                    "=",
                    "draft"
                ],
                "|",
                [
                    "state",
                    "=",
                    "progress"
                ],
                [
                    "state",
                    "=",
                    "done"
                ]
            ],
            "id": "5",
            "measures": [
                {
                    "field": "__count"
                },
                {
                    "field": "product_uom_qty"
                }
            ],
            "model": "mrp.production",
            "rowGroupBys": [],
            "name": "stats mo - current",
            "sortedColumn": null
        },
        "6": {
            "colGroupBys": [],
            "context": {
                "default_company_id": 1
            },
            "domain": [
                "|",
                [
                    "state",
                    "=",
                    "confirmed"
                ],
                "|",
                "&",
                "&",
                [
                    "is_planned",
                    "=",
                    true
                ],
                [
                    "date_planned_start",
                    "!=",
                    false
                ],
                [
                    "date_planned_finished",
                    "!=",
                    false
                ],
                "|",
                [
                    "state",
                    "=",
                    "draft"
                ],
                "|",
                [
                    "state",
                    "=",
                    "progress"
                ],
                [
                    "state",
                    "=",
                    "done"
                ]
            ],
            "id": "6",
            "measures": [
                {
                    "field": "__count"
                },
                {
                    "field": "product_uom_qty"
                }
            ],
            "model": "mrp.production",
            "rowGroupBys": [],
            "name": "stats mo - previous",
            "sortedColumn": null
        },
        "7": {
            "colGroupBys": [],
            "context": {
                "create": false,
                "edit": false
            },
            "domain": [],
            "id": "7",
            "measures": [
                {
                    "field": "duration"
                }
            ],
            "model": "mrp.workcenter.productivity",
            "rowGroupBys": [
                "loss_type"
            ],
            "name": "oee - current",
            "sortedColumn": null
        },
        "8": {
            "colGroupBys": [],
            "context": {
                "create": false,
                "edit": false
            },
            "domain": [],
            "id": "8",
            "measures": [
                {
                    "field": "duration"
                }
            ],
            "model": "mrp.workcenter.productivity",
            "rowGroupBys": [
                "loss_type"
            ],
            "name": "oee - previous",
            "sortedColumn": null
        },
        "9": {
            "colGroupBys": [],
            "context": {},
            "domain": [],
            "id": "9",
            "measures": [
                {
                    "field": "unit_cost"
                }
            ],
            "model": "mrp.report",
            "rowGroupBys": [],
            "name": "avg cost - current",
            "sortedColumn": null
        },
        "10": {
            "colGroupBys": [],
            "context": {},
            "domain": [],
            "id": "10",
            "measures": [
                {
                    "field": "unit_cost"
                }
            ],
            "model": "mrp.report",
            "rowGroupBys": [],
            "name": "avg cost - previous",
            "sortedColumn": null
        }
    },
    "pivotNextId": 11,
    "globalFilters": [
        {
            "id": "a5d0b2fb-b866-4fa0-8d25-bcf1c41cf592",
            "type": "date",
            "label": "Period",
            "defaultValue": "last_three_months",
            "rangeType": "relative",
            "defaultsToCurrentPeriod": false,
            "pivotFields": {
                "1": {
                    "field": "date_finished",
                    "type": "datetime",
                    "offset": 0
                },
                "2": {
                    "field": "date_finished",
                    "type": "datetime",
                    "offset": 0
                },
                "3": {
                    "field": "date_finished",
                    "type": "datetime",
                    "offset": 0
                },
                "5": {
                    "field": "date_finished",
                    "type": "datetime",
                    "offset": 0
                },
                "6": {
                    "field": "date_finished",
                    "type": "datetime",
                    "offset": -1
                },
                "7": {
                    "field": "date_end",
                    "type": "datetime",
                    "offset": 0
                },
                "8": {
                    "field": "date_end",
                    "type": "datetime",
                    "offset": 0
                },
                "9": {
                    "field": "date_finished",
                    "type": "datetime",
                    "offset": 0
                },
                "10": {
                    "field": "date_finished",
                    "type": "datetime",
                    "offset": -1
                }
            },
            "listFields": {},
            "graphFields": {
                "2828f15d-9fe0-43c8-8ad7-a2b7fe7ff3c5": {
                    "field": "date_finished",
                    "type": "datetime",
                    "offset": 0
                },
                "6591ce4b-64ce-4630-943d-18570a18a4f2": {
                    "field": "date_finished",
                    "type": "datetime",
                    "offset": 0
                }
            }
        },
        {
            "id": "ad6b4dd2-f0c1-4ef7-9591-f9af7c790bdb",
            "type": "relation",
            "label": "Product",
            "modelName": "product.product",
            "defaultValue": [],
            "defaultValueDisplayNames": [],
            "rangeType": "year",
            "defaultsToCurrentPeriod": false,
            "pivotFields": {
                "1": {
                    "field": "product_id",
                    "type": "many2one"
                },
                "2": {
                    "field": "product_id",
                    "type": "many2one"
                },
                "3": {
                    "field": "product_id",
                    "type": "many2one"
                },
                "5": {
                    "field": "product_id",
                    "type": "many2one"
                },
                "6": {
                    "field": "product_id",
                    "type": "many2one"
                },
                "7": {
                    "field": "production_id.product_id",
                    "type": "many2one"
                },
                "8": {
                    "field": "production_id.product_id",
                    "type": "many2one"
                },
                "9": {
                    "field": "product_id",
                    "type": "many2one"
                },
                "10": {
                    "field": "product_id",
                    "type": "many2one"
                }
            },
            "listFields": {},
            "graphFields": {
                "2828f15d-9fe0-43c8-8ad7-a2b7fe7ff3c5": {
                    "field": "product_id",
                    "type": "many2one"
                },
                "6591ce4b-64ce-4630-943d-18570a18a4f2": {
                    "field": "product_id",
                    "type": "many2one"
                }
            }
        },
        {
            "id": "dfe37941-d119-494e-af10-62c1ed04c413",
            "type": "relation",
            "label": "Operation Type",
            "modelName": "stock.picking.type",
            "defaultValue": [],
            "defaultValueDisplayNames": [],
            "rangeType": "year",
            "defaultsToCurrentPeriod": false,
            "pivotFields": {
                "1": {
                    "field": "picking_type_id",
                    "type": "many2one"
                },
                "2": {
                    "field": "picking_type_id",
                    "type": "many2one"
                },
                "3": {
                    "field": "picking_type_id",
                    "type": "many2one"
                },
                "5": {
                    "field": "picking_type_id",
                    "type": "many2one"
                },
                "6": {
                    "field": "picking_type_id",
                    "type": "many2one"
                },
                "7": {
                    "field": "production_id.picking_type_id",
                    "type": "many2one"
                },
                "8": {
                    "field": "production_id.picking_type_id",
                    "type": "many2one"
                },
                "9": {
                    "field": "production_id.picking_type_id",
                    "type": "many2one"
                },
                "10": {
                    "field": "production_id.picking_type_id",
                    "type": "many2one"
                }
            },
            "listFields": {},
            "graphFields": {
                "2828f15d-9fe0-43c8-8ad7-a2b7fe7ff3c5": {
                    "field": "picking_type_id",
                    "type": "many2one"
                },
                "6591ce4b-64ce-4630-943d-18570a18a4f2": {
                    "field": "picking_type_id",
                    "type": "many2one"
                }
            }
        },
        {
            "id": "be98718e-525b-4252-92c5-1c95bd470fc9",
            "type": "relation",
            "label": "Responsible",
            "modelName": "res.users",
            "defaultValue": [],
            "defaultValueDisplayNames": [],
            "rangeType": "year",
            "defaultsToCurrentPeriod": false,
            "pivotFields": {
                "1": {
                    "field": "user_id",
                    "type": "many2one"
                },
                "2": {
                    "field": "user_id",
                    "type": "many2one"
                },
                "3": {
                    "field": "user_id",
                    "type": "many2one"
                },
                "5": {
                    "field": "user_id",
                    "type": "many2one"
                },
                "6": {
                    "field": "user_id",
                    "type": "many2one"
                },
                "7": {
                    "field": "user_id",
                    "type": "many2one"
                },
                "8": {
                    "field": "user_id",
                    "type": "many2one"
                },
                "9": {
                    "field": "production_id.user_id",
                    "type": "many2one"
                },
                "10": {
                    "field": "production_id.user_id",
                    "type": "many2one"
                }
            },
            "listFields": {},
            "graphFields": {
                "2828f15d-9fe0-43c8-8ad7-a2b7fe7ff3c5": {
                    "field": "user_id",
                    "type": "many2one"
                },
                "6591ce4b-64ce-4630-943d-18570a18a4f2": {
                    "field": "user_id",
                    "type": "many2one"
                }
            }
        }
    ]
}