<?xml version="1.0" encoding="UTF-8"?>
<templates id="template" xml:space="preserve">

<t t-name="website.s_countdown.end_message">
    <div class="s_countdown_end_message d-none">
        <div class="oe_structure">
            <section class="s_picture pt48 pb24" data-snippet="s_picture">
                <div class="container">
                    <h2 style="text-align: center;">Happy Odoo Anniversary!</h2>
                    <p style="text-align: center;">As promised, we will offer 4 free tickets to our next summit.<br/>Visit our Facebook page to know if you are one of the lucky winners.</p>
                    <p><br/></p>
                    <div class="row s_nb_column_fixed">
                        <div class="col-lg-12 pb24">
                            <figure class="figure">
                                <img src="/web/image/website.library_image_18" class="figure-img img-thumbnail mx-auto padding-large" style="width: 50%;" alt="Countdown is over - Firework"/>
                            </figure>
                        </div>
                    </div>
                </div>
            </section>
        </div>
    </div>
</t>

</templates>
