<?xml version="1.0" encoding="utf-8"?>
<odoo>
    <!-- 10 percent with code -->
    <record id="10_percent_with_code" model="loyalty.program">
        <field name="name">Code for 10% on orders</field>
        <field name="program_type">promo_code</field>
        <field name="trigger">with_code</field>
        <field name="portal_visible">False</field>
        <field name="portal_point_name">Discount point(s)</field>
    </record>

    <record id="10_percent_with_code_rule" model="loyalty.rule">
        <field name="mode">with_code</field>
        <field name="code">10pc</field>
        <field name="program_id" ref="loyalty.10_percent_with_code"/>
    </record>

    <record id="10_percent_with_code_reward" model="loyalty.reward">
        <field name="reward_type">discount</field>
        <field name="discount">10</field>
        <field name="discount_mode">percent</field>
        <field name="discount_applicability">order</field>
        <field name="program_id" ref="loyalty.10_percent_with_code"/>
    </record>
    <!-- 3 cabinet + 1 free -->
    <record id="3_cabinets_plus_1_free" model="loyalty.program">
        <field name="name">Buy 3 large cabinets, get one for free</field>
        <field name="program_type">buy_x_get_y</field>
        <field name="applies_on">current</field>
        <field name="trigger">auto</field>
        <field name="portal_visible">False</field>
        <field name="portal_point_name">Credit(s)</field>
    </record>

    <record id="3_cabinets_plus_1_free_rule" model="loyalty.rule">
        <field name="minimum_qty">3</field>
        <field name="reward_point_mode">unit</field>
        <field name="reward_point_amount">1</field>
        <field name="product_ids" eval="[(4, ref('product.product_product_6'))]"/>
        <field name="program_id" ref="loyalty.3_cabinets_plus_1_free"/>
    </record>

    <record id="3_cabinets_plus_1_free_reward" model="loyalty.reward">
        <field name="reward_type">product</field>
        <field name="reward_product_id" ref="product.product_product_6"/>
        <field name="required_points">3</field>
        <field name="program_id" ref="loyalty.3_cabinets_plus_1_free"/>
    </record>    
    <!-- 10 percent coupons -->
    <record id="10_percent_coupon" model="loyalty.program">
        <field name="name">10% Discount Coupons</field>
        <field name="program_type">coupons</field>
        <field name="applies_on">current</field>
        <field name="trigger">with_code</field>
        <field name="portal_point_name">Coupon points</field>
    </record>

    <record id="10_percent_coupon_rule" model="loyalty.rule">
        <field name="program_id" ref="loyalty.10_percent_coupon"/>
    </record>

    <record id="10_percent_coupon_reward" model="loyalty.reward">
        <field name="reward_type">discount</field>
        <field name="discount">10</field>
        <field name="discount_mode">percent</field>
        <field name="discount_applicability">order</field>
        <field name="program_id" ref="loyalty.10_percent_coupon"/>
    </record>

    <record id="10_percent_coupon_communication" model="loyalty.mail">
        <field name="trigger">create</field>
        <field name="mail_template_id" ref="loyalty.mail_template_loyalty_card"/>
        <field name="program_id" ref="loyalty.10_percent_coupon"/>
    </record>
    <!-- Gift Cards -->
    <record id="gift_card_program" model="loyalty.program">
        <field name="name">Gift Cards</field>
        <field name="program_type">gift_card</field>
        <field name="applies_on">future</field>
        <field name="trigger">auto</field>
        <field name="portal_visible">True</field>
        <field name="portal_point_name">$</field>
        <field name="mail_template_id" ref="loyalty.mail_template_gift_card"/>
    </record>

    <record id="gift_card_program_rule" model="loyalty.rule">
        <field name="reward_point_amount">1</field>
        <field name="reward_point_mode">money</field>
        <field name="reward_point_split">True</field>
        <field name="product_ids" eval="[(4, ref('loyalty.gift_card_product_50'))]"/>
        <field name="program_id" ref="loyalty.gift_card_program"/>
    </record>

    <record id="gift_card_program_reward" model="loyalty.reward">
        <field name="reward_type">discount</field>
        <field name="discount_mode">per_point</field>
        <field name="discount">1</field>
        <field name="discount_applicability">order</field>
        <field name="required_points">1</field>
        <field name="program_id" ref="loyalty.gift_card_program"/>
    </record>
</odoo>
