<?xml version="1.0" encoding="UTF-8" ?>
<templates xml:space="preserve">
    <t t-name="website_sale_delivery_mondialrelay">
         <div class="modal fade" id="modal_mondialrelay" tabindex="-1" role="dialog" aria-hidden="true">
            <div class="modal-dialog modal-lg">
                <div class="modal-content">
                    <div class="modal-header">
                        <div class="h5 modal-title">Choose your Parcel Point</div>
                        <button type="button" class="btn-close" data-bs-dismiss="modal" aria-label="Close"></button>
                    </div>
                    <div class="modal-body">
                        <div class="w-100" id="o_zone_widget">
                            <!-- here will be instancied the  Widget -->
                        </div>
                    </div>
                    <footer class="modal-footer">
                        <button type="button" id="btn_confirm_relay" class="btn btn-primary disabled" aria-label="Choose this Parcel Point">Send to this Parcel Point</button>
                        <button type="button" class="btn" data-bs-dismiss="modal" aria-label="Cancel">Cancel</button>
                    </footer>
                </div>
            </div>
        </div>
    </t>
</templates>
