<?xml version="1.0" encoding="utf-8"?>
<odoo>

    <record id="spreadsheet_dashboard_recruitment" model="spreadsheet.dashboard">
        <field name="name">Recruitment</field>
        <field name="data" type="base64" file="spreadsheet_dashboard_hr_referral/data/files/recruitment_dashboard.json"/>
        <field name="dashboard_group_id" ref="spreadsheet_dashboard.spreadsheet_dashboard_group_hr"/>
        <field name="group_ids" eval="[Command.link(ref('hr_recruitment.group_hr_recruitment_manager'))]"/>
        <field name="sequence">200</field>
    </record>

</odoo>
