<?xml version="1.0" encoding="utf-8"?>
<templates id="template" xml:space="preserve">
<t t-name="web_editor.ProgressBar" owl="1">
    <small class="text-info d-flex align-items-center me-2">
        <span t-if="!props.hasError and !props.uploaded"><i class="fa fa-circle-o-notch fa-spin me-2"/></span>
        <span class="fst-italic fw-bold text-truncate flex-grow-1 me-2" t-esc="props.name"/>
        <span class="fw-bold text-nowrap" t-esc="props.size"/>
    </small>
    <small t-if="props.uploaded or props.hasError" class="d-flex align-items-center mt-1">
        <span t-if="props.uploaded" class="text-success"><i class="fa fa-check my-1 me-1"/> File has been uploaded</span>
        <span t-else="" class="text-danger"><i class="fa fa-times float-start my-1 me-1"/> <span class="o_we_error_text" t-esc="props.errorMessage ? props.errorMessage : 'File could not be saved'"/></span>
    </small>
    <div t-else="" class="progress">
        <div class="progress-bar bg-info progress-bar-striped progress-bar-animated" role="progressbar" t-attf-style="width: {{this.progress}}%;"><span t-esc="this.progress + '%'"/></div>
    </div>
    <hr/>
</t>

<t t-name="web_editor.UploadProgressToast" owl="1">
    <div class="o_notification_manager o_upload_progress_toast">
        <div t-if="state.isVisible" class="o_notification position-relative show fade mb-2 border border-info bg-white" role="alert" aria-live="assertive" aria-atomic="true">
            <button type="button" class="btn btn-close o_notification_close p-2" aria-label="Close" t-on-click="props.close"/>
            <div class="o_notification_body ps-2 pe-4 py-2">
                <div class="me-auto o_notification_content">
                    <div t-foreach="state.files" t-as="file" t-key="file" class="o_we_progressbar">
                        <ProgressBar progress="file_value.progress"
                            errorMessage="file_value.errorMessage"
                            hasError="file_value.hasError"
                            name="file_value.name"
                            uploaded="file_value.uploaded"
                            size="file_value.size"
                            id="file_value.id"/>
                    </div>
                </div>
            </div>
        </div>
    </div>
</t>
</templates>
