id,name,l10n_co_edi_code,state_id:id,country_id:id
city_co_01,"MEDELLÍN",5001,base.state_co_01,base.co
city_co_02,"ABEJORRAL",5002,base.state_co_01,base.co
city_co_03,"ABRIAQUÍ",5004,base.state_co_01,base.co
city_co_04,"ALEJANDRÍA",5021,base.state_co_01,base.co
city_co_05,"AMAGÁ",5030,base.state_co_01,base.co
city_co_06,"AMALFI",5031,base.state_co_01,base.co
city_co_07,"ANDES",5034,base.state_co_01,base.co
city_co_08,"ANGELÓPOLIS",5036,base.state_co_01,base.co
city_co_09,"ANGOSTURA",5038,base.state_co_01,base.co
city_co_10,"ANORÍ",5040,base.state_co_01,base.co
city_co_11,"SANTA FÉ DE ANTIOQUIA",5042,base.state_co_01,base.co
city_co_12,"ANZÁ",5044,base.state_co_01,base.co
city_co_13,"APARTADÓ",5045,base.state_co_01,base.co
city_co_14,"ARBOLETES",5051,base.state_co_01,base.co
city_co_15,"ARGELIA",5055,base.state_co_01,base.co
city_co_16,"ARMENIA",5059,base.state_co_01,base.co
city_co_17,"BARBOSA",5079,base.state_co_01,base.co
city_co_18,"BELMIRA",5086,base.state_co_01,base.co
city_co_19,"BELLO",5088,base.state_co_01,base.co
city_co_20,"BETANIA",5091,base.state_co_01,base.co
city_co_21,"BETULIA",5093,base.state_co_01,base.co
city_co_22,"CIUDAD BOLÍVAR",5101,base.state_co_01,base.co
city_co_23,"BRICEÑO",5107,base.state_co_01,base.co
city_co_24,"BURITICÁ",5113,base.state_co_01,base.co
city_co_25,"CÁCERES",5120,base.state_co_01,base.co
city_co_26,"CAICEDO",5125,base.state_co_01,base.co
city_co_27,"CALDAS",5129,base.state_co_01,base.co
city_co_28,"CAMPAMENTO",5134,base.state_co_01,base.co
city_co_29,"CAÑASGORDAS",5138,base.state_co_01,base.co
city_co_30,"CARACOLÍ",5142,base.state_co_01,base.co
city_co_31,"CARAMANTA",5145,base.state_co_01,base.co
city_co_32,"CAREPA",5147,base.state_co_01,base.co
city_co_33,"EL CARMEN DE VIBORAL",5148,base.state_co_01,base.co
city_co_34,"CAROLINA",5150,base.state_co_01,base.co
city_co_35,"CAUCASIA",5154,base.state_co_01,base.co
city_co_36,"CHIGORODÓ",5172,base.state_co_01,base.co
city_co_37,"CISNEROS",5190,base.state_co_01,base.co
city_co_38,"COCORNÁ",5197,base.state_co_01,base.co
city_co_39,"CONCEPCIÓN",5206,base.state_co_01,base.co
city_co_40,"CONCORDIA",5209,base.state_co_01,base.co
city_co_41,"COPACABANA",5212,base.state_co_01,base.co
city_co_42,"DABEIBA",5234,base.state_co_01,base.co
city_co_43,"DONMATÍAS",5237,base.state_co_01,base.co
city_co_44,"EBÉJICO",5240,base.state_co_01,base.co
city_co_45,"EL BAGRE",5250,base.state_co_01,base.co
city_co_46,"ENTRERRÍOS",5264,base.state_co_01,base.co
city_co_47,"ENVIGADO",5266,base.state_co_01,base.co
city_co_48,"FREDONIA",5282,base.state_co_01,base.co
city_co_49,"FRONTINO",5284,base.state_co_01,base.co
city_co_50,"GIRALDO",5306,base.state_co_01,base.co
city_co_51,"GIRARDOTA",5308,base.state_co_01,base.co
city_co_52,"GÓMEZ PLATA",5310,base.state_co_01,base.co
city_co_53,"GRANADA",5313,base.state_co_01,base.co
city_co_54,"GUADALUPE",5315,base.state_co_01,base.co
city_co_55,"GUARNE",5318,base.state_co_01,base.co
city_co_56,"GUATAPÉ",5321,base.state_co_01,base.co
city_co_57,"HELICONIA",5347,base.state_co_01,base.co
city_co_58,"HISPANIA",5353,base.state_co_01,base.co
city_co_59,"ITAGÜÍ",5360,base.state_co_01,base.co
city_co_60,"ITUANGO",5361,base.state_co_01,base.co
city_co_61,"JARDÍN",5364,base.state_co_01,base.co
city_co_62,"JERICÓ",5368,base.state_co_01,base.co
city_co_63,"LA CEJA",5376,base.state_co_01,base.co
city_co_64,"LA ESTRELLA",5380,base.state_co_01,base.co
city_co_65,"LA PINTADA",5390,base.state_co_01,base.co
city_co_66,"LA UNIÓN",5400,base.state_co_01,base.co
city_co_67,"LIBORINA",5411,base.state_co_01,base.co
city_co_68,"MACEO",5425,base.state_co_01,base.co
city_co_69,"MARINILLA",5440,base.state_co_01,base.co
city_co_70,"MONTEBELLO",5467,base.state_co_01,base.co
city_co_71,"MURINDÓ",5475,base.state_co_01,base.co
city_co_72,"MUTATÁ",5480,base.state_co_01,base.co
city_co_73,"NARIÑO",5483,base.state_co_01,base.co
city_co_74,"NECOCLÍ",5490,base.state_co_01,base.co
city_co_75,"NECHÍ",5495,base.state_co_01,base.co
city_co_76,"OLAYA",5501,base.state_co_01,base.co
city_co_77,"PEÑOL",5541,base.state_co_01,base.co
city_co_78,"PEQUE",5543,base.state_co_01,base.co
city_co_79,"PUEBLORRICO",5576,base.state_co_01,base.co
city_co_80,"PUERTO BERRÍO",5579,base.state_co_01,base.co
city_co_81,"PUERTO NARE",5585,base.state_co_01,base.co
city_co_82,"PUERTO TRIUNFO",5591,base.state_co_01,base.co
city_co_83,"REMEDIOS",5604,base.state_co_01,base.co
city_co_84,"RETIRO",5607,base.state_co_01,base.co
city_co_85,"RIONEGRO",5615,base.state_co_01,base.co
city_co_86,"SABANALARGA",5628,base.state_co_01,base.co
city_co_87,"SABANETA",5631,base.state_co_01,base.co
city_co_88,"SALGAR",5642,base.state_co_01,base.co
city_co_89,"SAN ANDRÉS DE CUERQUÍA",5647,base.state_co_01,base.co
city_co_90,"SAN CARLOS",5649,base.state_co_01,base.co
city_co_91,"SAN FRANCISCO",5652,base.state_co_01,base.co
city_co_92,"SAN JERÓNIMO",5656,base.state_co_01,base.co
city_co_93,"SAN JOSÉ DE LA MONTAÑA",5658,base.state_co_01,base.co
city_co_94,"SAN JUAN DE URABÁ",5659,base.state_co_01,base.co
city_co_95,"SAN LUIS",5660,base.state_co_01,base.co
city_co_96,"SAN PEDRO DE LOS MILAGROS",5664,base.state_co_01,base.co
city_co_97,"SAN PEDRO DE URABÁ",5665,base.state_co_01,base.co
city_co_98,"SAN RAFAEL",5667,base.state_co_01,base.co
city_co_99,"SAN ROQUE",5670,base.state_co_01,base.co
city_co_100,"SAN VICENTE FERRER",5674,base.state_co_01,base.co
city_co_101,"SANTA BÁRBARA",5679,base.state_co_01,base.co
city_co_102,"SANTA ROSA DE OSOS",5686,base.state_co_01,base.co
city_co_103,"SANTO DOMINGO",5690,base.state_co_01,base.co
city_co_104,"EL SANTUARIO",5697,base.state_co_01,base.co
city_co_105,"SEGOVIA",5736,base.state_co_01,base.co
city_co_106,"SONSÓN",5756,base.state_co_01,base.co
city_co_107,"SOPETRÁN",5761,base.state_co_01,base.co
city_co_108,"TÁMESIS",5789,base.state_co_01,base.co
city_co_109,"TARAZÁ",5790,base.state_co_01,base.co
city_co_110,"TARSO",5792,base.state_co_01,base.co
city_co_111,"TITIRIBÍ",5809,base.state_co_01,base.co
city_co_112,"TOLEDO",5819,base.state_co_01,base.co
city_co_113,"TURBO",5837,base.state_co_01,base.co
city_co_114,"URAMITA",5842,base.state_co_01,base.co
city_co_115,"URRAO",5847,base.state_co_01,base.co
city_co_116,"VALDIVIA",5854,base.state_co_01,base.co
city_co_117,"VALPARAÍSO",5856,base.state_co_01,base.co
city_co_118,"VEGACHÍ",5858,base.state_co_01,base.co
city_co_119,"VENECIA",5861,base.state_co_01,base.co
city_co_120,"VENECIA",5861,base.state_co_01,base.co
city_co_121,"VIGÍA DEL FUERTE",5873,base.state_co_01,base.co
city_co_122,"YALÍ",5885,base.state_co_01,base.co
city_co_123,"YARUMAL",5887,base.state_co_01,base.co
city_co_124,"YOLOMBÓ",5890,base.state_co_01,base.co
city_co_125,"YONDÓ",5893,base.state_co_01,base.co
city_co_126,"ZARAGOZA",5895,base.state_co_01,base.co
city_co_127,"BARRANQUILLA",8001,base.state_co_02,base.co
city_co_128,"BARANOA",8078,base.state_co_02,base.co
city_co_129,"CAMPO DE LA CRUZ",8137,base.state_co_02,base.co
city_co_130,"CANDELARIA",8141,base.state_co_02,base.co
city_co_131,"GALAPA",8296,base.state_co_02,base.co
city_co_132,"JUAN DE ACOSTA",8372,base.state_co_02,base.co
city_co_133,"LURUACO",8421,base.state_co_02,base.co
city_co_134,"MALAMBO",8433,base.state_co_02,base.co
city_co_135,"MANATÍ",8436,base.state_co_02,base.co
city_co_136,"PALMAR DE VARELA",8520,base.state_co_02,base.co
city_co_137,"PIOJÓ",8549,base.state_co_02,base.co
city_co_138,"POLONUEVO",8558,base.state_co_02,base.co
city_co_139,"PONEDERA",8560,base.state_co_02,base.co
city_co_140,"PUERTO COLOMBIA",8573,base.state_co_02,base.co
city_co_141,"REPELÓN",8606,base.state_co_02,base.co
city_co_142,"SABANAGRANDE",8634,base.state_co_02,base.co
city_co_143,"SABANALARGA",8638,base.state_co_02,base.co
city_co_144,"SANTA LUCÍA",8675,base.state_co_02,base.co
city_co_145,"SANTO TOMÁS",8685,base.state_co_02,base.co
city_co_146,"SOLEDAD",8758,base.state_co_02,base.co
city_co_147,"SUAN",8770,base.state_co_02,base.co
city_co_148,"TUBARÁ",8832,base.state_co_02,base.co
city_co_149,"USIACURÍ",8849,base.state_co_02,base.co
city_co_150,"Bogotá D.C.",11001,base.state_co_03,base.co
city_co_151,"CARTAGENA DE INDIAS",13001,base.state_co_04,base.co
city_co_152,"ACHÍ",13006,base.state_co_04,base.co
city_co_153,"ALTOS DEL ROSARIO",13030,base.state_co_04,base.co
city_co_154,"ARENAL",13042,base.state_co_04,base.co
city_co_155,"ARJONA",13052,base.state_co_04,base.co
city_co_156,"ARROYOHONDO",13062,base.state_co_04,base.co
city_co_157,"BARRANCO DE LOBA",13074,base.state_co_04,base.co
city_co_158,"CALAMAR",13140,base.state_co_04,base.co
city_co_159,"CANTAGALLO",13160,base.state_co_04,base.co
city_co_160,"CICUCO",13188,base.state_co_04,base.co
city_co_161,"CÓRDOBA",13212,base.state_co_04,base.co
city_co_162,"CLEMENCIA",13222,base.state_co_04,base.co
city_co_163,"EL CARMEN DE BOLÍVAR",13244,base.state_co_04,base.co
city_co_164,"EL GUAMO",13248,base.state_co_04,base.co
city_co_165,"EL PEÑÓN",13268,base.state_co_04,base.co
city_co_166,"HATILLO DE LOBA",13300,base.state_co_04,base.co
city_co_167,"MAGANGUÉ",13430,base.state_co_04,base.co
city_co_168,"MAHATES",13433,base.state_co_04,base.co
city_co_169,"MARGARITA",13440,base.state_co_04,base.co
city_co_170,"MARÍA LA BAJA",13442,base.state_co_04,base.co
city_co_171,"MONTECRISTO",13458,base.state_co_04,base.co
city_co_172,"MOMPÓS",13468,base.state_co_04,base.co
city_co_173,"MORALES",13473,base.state_co_04,base.co
city_co_174,"NOROSÍ",13490,base.state_co_04,base.co
city_co_175,"PINILLOS",13549,base.state_co_04,base.co
city_co_176,"REGIDOR",13580,base.state_co_04,base.co
city_co_177,"REGIDOR",13580,base.state_co_04,base.co
city_co_178,"RÍO VIEJO",13600,base.state_co_04,base.co
city_co_179,"SAN CRISTÓBAL",13620,base.state_co_04,base.co
city_co_180,"SAN ESTANISLAO",13647,base.state_co_04,base.co
city_co_181,"SAN FERNANDO",13650,base.state_co_04,base.co
city_co_182,"SAN JACINTO",13654,base.state_co_04,base.co
city_co_183,"SAN JACINTO DEL CAUCA",13655,base.state_co_04,base.co
city_co_184,"SAN JUAN NEPOMUCENO",13657,base.state_co_04,base.co
city_co_185,"SAN MARTÍN DE LOBA",13667,base.state_co_04,base.co
city_co_186,"SAN PABLO",13670,base.state_co_04,base.co
city_co_187,"SANTA CATALINA",13673,base.state_co_04,base.co
city_co_188,"SANTA ROSA",13683,base.state_co_04,base.co
city_co_189,"SANTA ROSA DEL SUR",13688,base.state_co_04,base.co
city_co_190,"SIMITÍ",13744,base.state_co_04,base.co
city_co_191,"SOPLAVIENTO",13760,base.state_co_04,base.co
city_co_192,"TALAIGUA NUEVO",13780,base.state_co_04,base.co
city_co_193,"TIQUISIO",13810,base.state_co_04,base.co
city_co_194,"TURBACO",13836,base.state_co_04,base.co
city_co_195,"TURBANÁ",13838,base.state_co_04,base.co
city_co_196,"VILLANUEVA",13873,base.state_co_04,base.co
city_co_197,"ZAMBRANO",13894,base.state_co_04,base.co
city_co_198,"TUNJA",15001,base.state_co_05,base.co
city_co_199,"ALMEIDA",15022,base.state_co_05,base.co
city_co_200,"AQUITANIA",15047,base.state_co_05,base.co
city_co_201,"ARCABUCO",15051,base.state_co_05,base.co
city_co_202,"BELÉN",15087,base.state_co_05,base.co
city_co_203,"BERBEO",15090,base.state_co_05,base.co
city_co_204,"BETÉITIVA",15092,base.state_co_05,base.co
city_co_205,"BOAVITA",15097,base.state_co_05,base.co
city_co_206,"BOYACÁ",15104,base.state_co_05,base.co
city_co_207,"BRICEÑO",15106,base.state_co_05,base.co
city_co_208,"BUENAVISTA",15109,base.state_co_05,base.co
city_co_209,"BUSBANZÁ",15114,base.state_co_05,base.co
city_co_210,"CALDAS",15131,base.state_co_05,base.co
city_co_211,"CAMPOHERMOSO",15135,base.state_co_05,base.co
city_co_212,"CERINZA",15162,base.state_co_05,base.co
city_co_213,"CHINAVITA",15172,base.state_co_05,base.co
city_co_214,"CHIQUINQUIRÁ",15176,base.state_co_05,base.co
city_co_215,"CHISCAS",15180,base.state_co_05,base.co
city_co_216,"CHITA",15183,base.state_co_05,base.co
city_co_217,"CHITARAQUE",15185,base.state_co_05,base.co
city_co_218,"CHIVATÁ",15187,base.state_co_05,base.co
city_co_219,"CIÉNEGA",15189,base.state_co_05,base.co
city_co_220,"CÓMBITA",15204,base.state_co_05,base.co
city_co_221,"COPER",15212,base.state_co_05,base.co
city_co_222,"CORRALES",15215,base.state_co_05,base.co
city_co_223,"COVARACHÍA",15218,base.state_co_05,base.co
city_co_224,"CUBARÁ",15223,base.state_co_05,base.co
city_co_225,"CUCAITA",15224,base.state_co_05,base.co
city_co_226,"CUÍTIVA",15226,base.state_co_05,base.co
city_co_227,"CHÍQUIZA",15232,base.state_co_05,base.co
city_co_228,"CHIVOR",15236,base.state_co_05,base.co
city_co_229,"DUITAMA",15238,base.state_co_05,base.co
city_co_230,"EL COCUY",15244,base.state_co_05,base.co
city_co_231,"EL ESPINO",15248,base.state_co_05,base.co
city_co_232,"FIRAVITOBA",15272,base.state_co_05,base.co
city_co_233,"FLORESTA",15276,base.state_co_05,base.co
city_co_234,"GACHANTIVÁ",15293,base.state_co_05,base.co
city_co_235,"GÁMEZA",15296,base.state_co_05,base.co
city_co_236,"GARAGOA",15299,base.state_co_05,base.co
city_co_237,"GUACAMAYAS",15317,base.state_co_05,base.co
city_co_238,"GUATEQUE",15322,base.state_co_05,base.co
city_co_239,"GUAYATÁ",15325,base.state_co_05,base.co
city_co_240,"GÜICÁN DE LA SIERRA",15332,base.state_co_05,base.co
city_co_241,"IZA",15362,base.state_co_05,base.co
city_co_242,"JENESANO",15367,base.state_co_05,base.co
city_co_243,"JERICÓ",15368,base.state_co_05,base.co
city_co_244,"LABRANZAGRANDE",15377,base.state_co_05,base.co
city_co_245,"LA CAPILLA",15380,base.state_co_05,base.co
city_co_246,"LA VICTORIA",15401,base.state_co_05,base.co
city_co_247,"LA UVITA",15403,base.state_co_05,base.co
city_co_248,"VILLA DE LEYVA",15407,base.state_co_05,base.co
city_co_249,"MACANAL",15425,base.state_co_05,base.co
city_co_250,"MARIPÍ",15442,base.state_co_05,base.co
city_co_251,"MIRAFLORES",15455,base.state_co_05,base.co
city_co_252,"MONGUA",15464,base.state_co_05,base.co
city_co_253,"MONGUÍ",15466,base.state_co_05,base.co
city_co_254,"MONIQUIRÁ",15469,base.state_co_05,base.co
city_co_255,"MOTAVITA",15476,base.state_co_05,base.co
city_co_256,"MUZO",15480,base.state_co_05,base.co
city_co_257,"NOBSA",15491,base.state_co_05,base.co
city_co_258,"NUEVO COLÓN",15494,base.state_co_05,base.co
city_co_259,"OICATÁ",15500,base.state_co_05,base.co
city_co_260,"OTANCHE",15507,base.state_co_05,base.co
city_co_261,"PACHAVITA",15511,base.state_co_05,base.co
city_co_262,"PÁEZ",15514,base.state_co_05,base.co
city_co_263,"PAIPA",15516,base.state_co_05,base.co
city_co_264,"PAJARITO",15518,base.state_co_05,base.co
city_co_265,"PANQUEBA",15522,base.state_co_05,base.co
city_co_266,"PAUNA",15531,base.state_co_05,base.co
city_co_267,"PAYA",15533,base.state_co_05,base.co
city_co_268,"PAZ DE RÍO",15537,base.state_co_05,base.co
city_co_269,"PESCA",15542,base.state_co_05,base.co
city_co_270,"PISBA",15550,base.state_co_05,base.co
city_co_271,"PUERTO BOYACÁ",15572,base.state_co_05,base.co
city_co_272,"QUÍPAMA",15580,base.state_co_05,base.co
city_co_273,"RAMIRIQUÍ",15599,base.state_co_05,base.co
city_co_274,"RÁQUIRA",15600,base.state_co_05,base.co
city_co_275,"RONDÓN",15621,base.state_co_05,base.co
city_co_276,"SABOYÁ",15632,base.state_co_05,base.co
city_co_277,"SÁCHICA",15638,base.state_co_05,base.co
city_co_278,"SAMACÁ",15646,base.state_co_05,base.co
city_co_279,"SAN EDUARDO",15660,base.state_co_05,base.co
city_co_280,"SAN JOSÉ DE PARE",15664,base.state_co_05,base.co
city_co_281,"SAN LUIS DE GACENO",15667,base.state_co_05,base.co
city_co_282,"SAN MATEO",15673,base.state_co_05,base.co
city_co_283,"SAN MIGUEL DE SEMA",15676,base.state_co_05,base.co
city_co_284,"SAN PABLO DE BORBUR",15681,base.state_co_05,base.co
city_co_285,"SANTANA",15686,base.state_co_05,base.co
city_co_286,"SANTA MARÍA",15690,base.state_co_05,base.co
city_co_287,"SANTA ROSA DE VITERBO",15693,base.state_co_05,base.co
city_co_288,"SANTA SOFÍA",15696,base.state_co_05,base.co
city_co_289,"SATIVANORTE",15720,base.state_co_05,base.co
city_co_290,"SATIVASUR",15723,base.state_co_05,base.co
city_co_291,"SIACHOQUE",15740,base.state_co_05,base.co
city_co_292,"SOATÁ",15753,base.state_co_05,base.co
city_co_293,"SOCOTÁ",15755,base.state_co_05,base.co
city_co_294,"SOCHA",15757,base.state_co_05,base.co
city_co_295,"SOGAMOSO",15759,base.state_co_05,base.co
city_co_296,"SOMONDOCO",15761,base.state_co_05,base.co
city_co_297,"SORA",15762,base.state_co_05,base.co
city_co_298,"SOTAQUIRÁ",15763,base.state_co_05,base.co
city_co_299,"SORACÁ",15764,base.state_co_05,base.co
city_co_300,"SUSACÓN",15774,base.state_co_05,base.co
city_co_301,"SUTAMARCHÁN",15776,base.state_co_05,base.co
city_co_302,"SUTATENZA",15778,base.state_co_05,base.co
city_co_303,"TASCO",15790,base.state_co_05,base.co
city_co_304,"TENZA",15798,base.state_co_05,base.co
city_co_305,"TIBANÁ",15804,base.state_co_05,base.co
city_co_306,"TIBASOSA",15806,base.state_co_05,base.co
city_co_307,"TINJACÁ",15808,base.state_co_05,base.co
city_co_308,"TIPACOQUE",15810,base.state_co_05,base.co
city_co_309,"TOCA",15814,base.state_co_05,base.co
city_co_310,"TOGÜÍ",15816,base.state_co_05,base.co
city_co_311,"TÓPAGA",15820,base.state_co_05,base.co
city_co_312,"TOTA",15822,base.state_co_05,base.co
city_co_313,"TUNUNGUÁ",15832,base.state_co_05,base.co
city_co_314,"TURMEQUÉ",15835,base.state_co_05,base.co
city_co_315,"TUTA",15837,base.state_co_05,base.co
city_co_316,"TUTAZÁ",15839,base.state_co_05,base.co
city_co_317,"ÚMBITA",15842,base.state_co_05,base.co
city_co_318,"VENTAQUEMADA",15861,base.state_co_05,base.co
city_co_319,"VIRACACHÁ",15879,base.state_co_05,base.co
city_co_320,"ZETAQUIRA",15897,base.state_co_05,base.co
city_co_321,"MANIZALES",17001,base.state_co_06,base.co
city_co_322,"AGUADAS",17013,base.state_co_06,base.co
city_co_323,"ANSERMA",17042,base.state_co_06,base.co
city_co_324,"ARANZAZU",17050,base.state_co_06,base.co
city_co_325,"BELALCÁZAR",17088,base.state_co_06,base.co
city_co_326,"CHINCHINÁ",17174,base.state_co_06,base.co
city_co_327,"FILADELFIA",17272,base.state_co_06,base.co
city_co_328,"LA DORADA",17380,base.state_co_06,base.co
city_co_329,"LA MERCED",17388,base.state_co_06,base.co
city_co_330,"MANZANARES",17433,base.state_co_06,base.co
city_co_331,"MARMATO",17442,base.state_co_06,base.co
city_co_332,"MARQUETALIA",17444,base.state_co_06,base.co
city_co_333,"MARULANDA",17446,base.state_co_06,base.co
city_co_334,"NEIRA",17486,base.state_co_06,base.co
city_co_335,"NORCASIA",17495,base.state_co_06,base.co
city_co_336,"PÁCORA",17513,base.state_co_06,base.co
city_co_337,"PALESTINA",17524,base.state_co_06,base.co
city_co_338,"PENSILVANIA",17541,base.state_co_06,base.co
city_co_339,"RIOSUCIO",17614,base.state_co_06,base.co
city_co_340,"RISARALDA",17616,base.state_co_06,base.co
city_co_341,"SALAMINA",17653,base.state_co_06,base.co
city_co_342,"SAMANÁ",17662,base.state_co_06,base.co
city_co_343,"SAN JOSÉ",17665,base.state_co_06,base.co
city_co_344,"SUPÍA",17777,base.state_co_06,base.co
city_co_345,"VICTORIA",17867,base.state_co_06,base.co
city_co_346,"VILLAMARÍA",17873,base.state_co_06,base.co
city_co_347,"VITERBO",17877,base.state_co_06,base.co
city_co_348,"FLORENCIA",18001,base.state_co_07,base.co
city_co_349,"ALBANIA",18029,base.state_co_07,base.co
city_co_350,"BELÉN DE LOS ANDAQUÍES",18094,base.state_co_07,base.co
city_co_351,"CARTAGENA DEL CHAIRÁ",18150,base.state_co_07,base.co
city_co_352,"CURILLO",18205,base.state_co_07,base.co
city_co_353,"EL DONCELLO",18247,base.state_co_07,base.co
city_co_354,"EL PAUJÍL",18256,base.state_co_07,base.co
city_co_355,"LA MONTAÑITA",18410,base.state_co_07,base.co
city_co_356,"MILÁN",18460,base.state_co_07,base.co
city_co_357,"MORELIA",18479,base.state_co_07,base.co
city_co_358,"PUERTO RICO",18592,base.state_co_07,base.co
city_co_359,"SAN JOSÉ DEL FRAGUA",18610,base.state_co_07,base.co
city_co_360,"SAN VICENTE DEL CAGUÁN",18753,base.state_co_07,base.co
city_co_361,"SOLANO",18756,base.state_co_07,base.co
city_co_362,"SOLITA",18785,base.state_co_07,base.co
city_co_363,"VALPARAÍSO",18860,base.state_co_07,base.co
city_co_364,"POPAYÁN",19001,base.state_co_08,base.co
city_co_365,"ALMAGUER",19022,base.state_co_08,base.co
city_co_366,"ARGELIA",19050,base.state_co_08,base.co
city_co_367,"BALBOA",19075,base.state_co_08,base.co
city_co_368,"BOLÍVAR",19100,base.state_co_08,base.co
city_co_369,"BUENOS AIRES",19110,base.state_co_08,base.co
city_co_370,"CAJIBÍO",19130,base.state_co_08,base.co
city_co_371,"CALDONO",19137,base.state_co_08,base.co
city_co_372,"CALOTO",19142,base.state_co_08,base.co
city_co_373,"CORINTO",19212,base.state_co_08,base.co
city_co_374,"EL TAMBO",19256,base.state_co_08,base.co
city_co_375,"FLORENCIA",19290,base.state_co_08,base.co
city_co_376,"GUACHENÉ",19300,base.state_co_08,base.co
city_co_377,"GUAPÍ",19318,base.state_co_08,base.co
city_co_378,"INZÁ",19355,base.state_co_08,base.co
city_co_379,"JAMBALÓ",19364,base.state_co_08,base.co
city_co_380,"LA SIERRA",19392,base.state_co_08,base.co
city_co_381,"LA VEGA",19397,base.state_co_08,base.co
city_co_382,"LÓPEZ DE MICAY",19418,base.state_co_08,base.co
city_co_383,"MERCADERES",19450,base.state_co_08,base.co
city_co_384,"MIRANDA",19455,base.state_co_08,base.co
city_co_385,"MORALES",19473,base.state_co_08,base.co
city_co_386,"PADILLA",19513,base.state_co_08,base.co
city_co_387,"PÁEZ",19517,base.state_co_08,base.co
city_co_388,"PATÍA",19532,base.state_co_08,base.co
city_co_389,"PIAMONTE",19533,base.state_co_08,base.co
city_co_390,"PIENDAMÓ – TUNÍA",19548,base.state_co_08,base.co
city_co_391,"PUERTO TEJADA",19573,base.state_co_08,base.co
city_co_392,"PURACÉ",19585,base.state_co_08,base.co
city_co_393,"ROSAS",19622,base.state_co_08,base.co
city_co_394,"SAN SEBASTIÁN",19693,base.state_co_08,base.co
city_co_395,"SANTANDER DE QUILICHAO",19698,base.state_co_08,base.co
city_co_396,"SANTA ROSA",19701,base.state_co_08,base.co
city_co_397,"SILVIA",19743,base.state_co_08,base.co
city_co_398,"SOTARA",19760,base.state_co_08,base.co
city_co_399,"SUÁREZ",19780,base.state_co_08,base.co
city_co_400,"SUCRE",19785,base.state_co_08,base.co
city_co_401,"TIMBÍO",19807,base.state_co_08,base.co
city_co_402,"TIMBIQUÍ",19809,base.state_co_08,base.co
city_co_403,"TORIBÍO",19821,base.state_co_08,base.co
city_co_404,"TOTORÓ",19824,base.state_co_08,base.co
city_co_405,"VILLA RICA",19845,base.state_co_08,base.co
city_co_406,"VALLEDUPAR",20001,base.state_co_09,base.co
city_co_407,"AGUACHICA",20011,base.state_co_09,base.co
city_co_408,"AGUSTÍN CODAZZI",20013,base.state_co_09,base.co
city_co_409,"ASTREA",20032,base.state_co_09,base.co
city_co_410,"BECERRIL",20045,base.state_co_09,base.co
city_co_411,"BOSCONIA",20060,base.state_co_09,base.co
city_co_412,"CHIMICHAGUA",20175,base.state_co_09,base.co
city_co_413,"CHIRIGUANÁ",20178,base.state_co_09,base.co
city_co_414,"CURUMANÍ",20228,base.state_co_09,base.co
city_co_415,"EL COPEY",20238,base.state_co_09,base.co
city_co_416,"EL PASO",20250,base.state_co_09,base.co
city_co_417,"GAMARRA",20295,base.state_co_09,base.co
city_co_418,"GONZÁLEZ",20310,base.state_co_09,base.co
city_co_419,"LA GLORIA",20383,base.state_co_09,base.co
city_co_420,"LA JAGUA DE IBIRICO",20400,base.state_co_09,base.co
city_co_421,"MANAURE BALCÓN DEL CESAR",20443,base.state_co_09,base.co
city_co_422,"PAILITAS",20517,base.state_co_09,base.co
city_co_423,"PELAYA",20550,base.state_co_09,base.co
city_co_424,"PUEBLO BELLO",20570,base.state_co_09,base.co
city_co_425,"RÍO DE ORO",20614,base.state_co_09,base.co
city_co_426,"LA PAZ",20621,base.state_co_09,base.co
city_co_427,"SAN ALBERTO",20710,base.state_co_09,base.co
city_co_428,"SAN DIEGO",20750,base.state_co_09,base.co
city_co_429,"SAN MARTÍN",20770,base.state_co_09,base.co
city_co_430,"TAMALAMEQUE",20787,base.state_co_09,base.co
city_co_431,"MONTERÍA",23001,base.state_co_10,base.co
city_co_432,"AYAPEL",23068,base.state_co_10,base.co
city_co_433,"BUENAVISTA",23079,base.state_co_10,base.co
city_co_434,"CANALETE",23090,base.state_co_10,base.co
city_co_435,"CERETÉ",23162,base.state_co_10,base.co
city_co_436,"CHIMÁ",23168,base.state_co_10,base.co
city_co_437,"CHINÚ",23182,base.state_co_10,base.co
city_co_438,"CIÉNAGA DE ORO",23189,base.state_co_10,base.co
city_co_439,"COTORRA",23300,base.state_co_10,base.co
city_co_440,"LA APARTADA",23350,base.state_co_10,base.co
city_co_441,"LORICA",23417,base.state_co_10,base.co
city_co_442,"LOS CÓRDOBAS",23419,base.state_co_10,base.co
city_co_443,"MOMIL",23464,base.state_co_10,base.co
city_co_444,"MONTELÍBANO",23466,base.state_co_10,base.co
city_co_445,"MOÑITOS",23500,base.state_co_10,base.co
city_co_446,"PLANETA RICA",23555,base.state_co_10,base.co
city_co_447,"PUEBLO NUEVO",23570,base.state_co_10,base.co
city_co_448,"PUERTO ESCONDIDO",23574,base.state_co_10,base.co
city_co_449,"PUERTO LIBERTADOR",23580,base.state_co_10,base.co
city_co_450,"PURÍSIMA DE LA CONCEPCIÓN",23586,base.state_co_10,base.co
city_co_451,"SAHAGÚN",23660,base.state_co_10,base.co
city_co_452,"SAN ANDRÉS DE SOTAVENTO",23670,base.state_co_10,base.co
city_co_453,"SAN ANTERO",23672,base.state_co_10,base.co
city_co_454,"SAN BERNARDO DEL VIENTO",23675,base.state_co_10,base.co
city_co_455,"SAN CARLOS",23678,base.state_co_10,base.co
city_co_456,"SAN JOSÉ DE URÉ",23682,base.state_co_10,base.co
city_co_457,"SAN PELAYO",23686,base.state_co_10,base.co
city_co_458,"TIERRALTA",23807,base.state_co_10,base.co
city_co_459,"TUCHÍN",23815,base.state_co_10,base.co
city_co_460,"VALENCIA",23855,base.state_co_10,base.co
city_co_461,"AGUA DE DIOS",25001,base.state_co_11,base.co
city_co_462,"ALBÁN",25019,base.state_co_11,base.co
city_co_463,"ANAPOIMA",25035,base.state_co_11,base.co
city_co_464,"ANOLAIMA",25040,base.state_co_11,base.co
city_co_465,"ARBELÁEZ",25053,base.state_co_11,base.co
city_co_466,"BELTRÁN",25086,base.state_co_11,base.co
city_co_467,"BITUIMA",25095,base.state_co_11,base.co
city_co_468,"BOJACÁ",25099,base.state_co_11,base.co
city_co_469,"CABRERA",25120,base.state_co_11,base.co
city_co_470,"CACHIPAY",25123,base.state_co_11,base.co
city_co_471,"CAJICÁ",25126,base.state_co_11,base.co
city_co_472,"CAPARRAPÍ",25148,base.state_co_11,base.co
city_co_473,"CÁQUEZA",25151,base.state_co_11,base.co
city_co_474,"CARMEN DE CARUPA",25154,base.state_co_11,base.co
city_co_475,"CHAGUANÍ",25168,base.state_co_11,base.co
city_co_476,"CHÍA",25175,base.state_co_11,base.co
city_co_477,"CHIPAQUE",25178,base.state_co_11,base.co
city_co_478,"CHOACHÍ",25181,base.state_co_11,base.co
city_co_479,"CHOCONTÁ",25183,base.state_co_11,base.co
city_co_480,"COGUA",25200,base.state_co_11,base.co
city_co_481,"COTA",25214,base.state_co_11,base.co
city_co_482,"CUCUNUBÁ",25224,base.state_co_11,base.co
city_co_483,"EL COLEGIO",25245,base.state_co_11,base.co
city_co_484,"EL PEÑÓN",25258,base.state_co_11,base.co
city_co_485,"EL ROSAL",25260,base.state_co_11,base.co
city_co_486,"FACATATIVÁ",25269,base.state_co_11,base.co
city_co_487,"FÓMEQUE",25279,base.state_co_11,base.co
city_co_488,"FOSCA",25281,base.state_co_11,base.co
city_co_489,"FUNZA",25286,base.state_co_11,base.co
city_co_490,"FÚQUENE",25288,base.state_co_11,base.co
city_co_491,"FUSAGASUGÁ",25290,base.state_co_11,base.co
city_co_492,"GACHALÁ",25293,base.state_co_11,base.co
city_co_493,"GACHANCIPÁ",25295,base.state_co_11,base.co
city_co_494,"GACHETÁ",25297,base.state_co_11,base.co
city_co_495,"GAMA",25299,base.state_co_11,base.co
city_co_496,"GIRARDOT",25307,base.state_co_11,base.co
city_co_497,"GRANADA",25312,base.state_co_11,base.co
city_co_498,"GUACHETÁ",25317,base.state_co_11,base.co
city_co_499,"GUADUAS",25320,base.state_co_11,base.co
city_co_500,"GUASCA",25322,base.state_co_11,base.co
city_co_501,"GUATAQUÍ",25324,base.state_co_11,base.co
city_co_502,"GUATAVITA",25326,base.state_co_11,base.co
city_co_503,"GUAYABAL DE SÍQUIMA",25328,base.state_co_11,base.co
city_co_504,"GUAYABETAL",25335,base.state_co_11,base.co
city_co_505,"GUTIÉRREZ",25339,base.state_co_11,base.co
city_co_506,"JERUSALÉN",25368,base.state_co_11,base.co
city_co_507,"JUNÍN",25372,base.state_co_11,base.co
city_co_508,"LA CALERA",25377,base.state_co_11,base.co
city_co_509,"LA MESA",25386,base.state_co_11,base.co
city_co_510,"LA PALMA",25394,base.state_co_11,base.co
city_co_511,"LA PEÑA",25398,base.state_co_11,base.co
city_co_512,"LA VEGA",25402,base.state_co_11,base.co
city_co_513,"LENGUAZAQUE",25407,base.state_co_11,base.co
city_co_514,"MACHETÁ",25426,base.state_co_11,base.co
city_co_515,"MADRID",25430,base.state_co_11,base.co
city_co_516,"MANTA",25436,base.state_co_11,base.co
city_co_517,"MEDINA",25438,base.state_co_11,base.co
city_co_518,"MOSQUERA",25473,base.state_co_11,base.co
city_co_519,"NARIÑO",25483,base.state_co_11,base.co
city_co_520,"NEMOCÓN",25486,base.state_co_11,base.co
city_co_521,"NILO",25488,base.state_co_11,base.co
city_co_522,"NIMAIMA",25489,base.state_co_11,base.co
city_co_523,"NOCAIMA",25491,base.state_co_11,base.co
city_co_524,"VENECIA",25506,base.state_co_11,base.co
city_co_525,"PACHO",25513,base.state_co_11,base.co
city_co_526,"PAIME",25518,base.state_co_11,base.co
city_co_527,"PANDI",25524,base.state_co_11,base.co
city_co_528,"PARATEBUENO",25530,base.state_co_11,base.co
city_co_529,"PASCA",25535,base.state_co_11,base.co
city_co_530,"PUERTO SALGAR",25572,base.state_co_11,base.co
city_co_531,"PULÍ",25580,base.state_co_11,base.co
city_co_532,"QUEBRADANEGRA",25592,base.state_co_11,base.co
city_co_533,"QUETAME",25594,base.state_co_11,base.co
city_co_534,"QUIPILE",25596,base.state_co_11,base.co
city_co_535,"APULO",25599,base.state_co_11,base.co
city_co_536,"RICAURTE",25612,base.state_co_11,base.co
city_co_537,"SAN ANTONIO DEL TEQUENDAMA",25645,base.state_co_11,base.co
city_co_538,"SAN BERNARDO",25649,base.state_co_11,base.co
city_co_539,"SAN CAYETANO",25653,base.state_co_11,base.co
city_co_540,"SAN FRANCISCO",25658,base.state_co_11,base.co
city_co_541,"SAN JUAN DE RIOSECO",25662,base.state_co_11,base.co
city_co_542,"SASAIMA",25718,base.state_co_11,base.co
city_co_543,"SESQUILÉ",25736,base.state_co_11,base.co
city_co_544,"SIBATÉ",25740,base.state_co_11,base.co
city_co_545,"SILVANIA",25743,base.state_co_11,base.co
city_co_546,"SIMIJACA",25745,base.state_co_11,base.co
city_co_547,"SOACHA",25754,base.state_co_11,base.co
city_co_548,"SOPÓ",25758,base.state_co_11,base.co
city_co_549,"SUBACHOQUE",25769,base.state_co_11,base.co
city_co_550,"SUESCA",25772,base.state_co_11,base.co
city_co_551,"SUPATÁ",25777,base.state_co_11,base.co
city_co_552,"SUSA",25779,base.state_co_11,base.co
city_co_553,"SUTATAUSA",25781,base.state_co_11,base.co
city_co_554,"TABIO",25785,base.state_co_11,base.co
city_co_555,"TAUSA",25793,base.state_co_11,base.co
city_co_556,"TENA",25797,base.state_co_11,base.co
city_co_557,"TENJO",25799,base.state_co_11,base.co
city_co_558,"TIBACUY",25805,base.state_co_11,base.co
city_co_559,"TIBIRITA",25807,base.state_co_11,base.co
city_co_560,"TOCAIMA",25815,base.state_co_11,base.co
city_co_561,"TOCANCIPÁ",25817,base.state_co_11,base.co
city_co_562,"TOPAIPÍ",25823,base.state_co_11,base.co
city_co_563,"UBALÁ",25839,base.state_co_11,base.co
city_co_564,"UBAQUE",25841,base.state_co_11,base.co
city_co_565,"VILLA DE SAN DIEGO DE UBATÉ",25843,base.state_co_11,base.co
city_co_566,"UNE",25845,base.state_co_11,base.co
city_co_567,"ÚTICA",25851,base.state_co_11,base.co
city_co_568,"VERGARA",25862,base.state_co_11,base.co
city_co_569,"VIANÍ",25867,base.state_co_11,base.co
city_co_570,"VILLAGÓMEZ",25871,base.state_co_11,base.co
city_co_571,"VILLAPINZÓN",25873,base.state_co_11,base.co
city_co_572,"VILLETA",25875,base.state_co_11,base.co
city_co_573,"VIOTÁ",25878,base.state_co_11,base.co
city_co_574,"YACOPÍ",25885,base.state_co_11,base.co
city_co_575,"ZIPACÓN",25898,base.state_co_11,base.co
city_co_576,"ZIPAQUIRÁ",25899,base.state_co_11,base.co
city_co_577,"QUIBDÓ",27001,base.state_co_12,base.co
city_co_578,"ACANDÍ",27006,base.state_co_12,base.co
city_co_579,"ALTO BAUDÓ",27025,base.state_co_12,base.co
city_co_580,"ATRATO",27050,base.state_co_12,base.co
city_co_581,"BAGADÓ",27073,base.state_co_12,base.co
city_co_582,"BAHÍA SOLANO",27075,base.state_co_12,base.co
city_co_583,"BAJO BAUDÓ",27077,base.state_co_12,base.co
city_co_584,"BOJAYÁ",27099,base.state_co_12,base.co
city_co_585,"EL CANTÓN DEL SAN PABLO",27135,base.state_co_12,base.co
city_co_586,"CARMEN DEL DARIÉN",27150,base.state_co_12,base.co
city_co_587,"CÉRTEGUI",27160,base.state_co_12,base.co
city_co_588,"CONDOTO",27205,base.state_co_12,base.co
city_co_589,"EL CARMEN DE ATRATO",27245,base.state_co_12,base.co
city_co_590,"EL LITORAL DEL SAN JUAN",27250,base.state_co_12,base.co
city_co_591,"ISTMINA",27361,base.state_co_12,base.co
city_co_592,"JURADÓ",27372,base.state_co_12,base.co
city_co_593,"LLORÓ",27413,base.state_co_12,base.co
city_co_594,"MEDIO ATRATO",27425,base.state_co_12,base.co
city_co_595,"MEDIO BAUDÓ",27430,base.state_co_12,base.co
city_co_596,"MEDIO SAN JUAN",27450,base.state_co_12,base.co
city_co_597,"NÓVITA",27491,base.state_co_12,base.co
city_co_598,"NUQUÍ",27495,base.state_co_12,base.co
city_co_599,"RÍO IRÓ",27580,base.state_co_12,base.co
city_co_600,"RÍO QUITO",27600,base.state_co_12,base.co
city_co_601,"RIOSUCIO",27615,base.state_co_12,base.co
city_co_602,"SAN JOSÉ DEL PALMAR",27660,base.state_co_12,base.co
city_co_603,"SIPÍ",27745,base.state_co_12,base.co
city_co_604,"TADÓ",27787,base.state_co_12,base.co
city_co_605,"UNGUÍA",27800,base.state_co_12,base.co
city_co_606,"UNIÓN PANAMERICANA",27810,base.state_co_12,base.co
city_co_607,"NEIVA",41001,base.state_co_13,base.co
city_co_608,"ACEVEDO",41006,base.state_co_13,base.co
city_co_609,"AGRADO",41013,base.state_co_13,base.co
city_co_610,"AIPE",41016,base.state_co_13,base.co
city_co_611,"ALGECIRAS",41020,base.state_co_13,base.co
city_co_612,"ALTAMIRA",41026,base.state_co_13,base.co
city_co_613,"BARAYA",41078,base.state_co_13,base.co
city_co_614,"CAMPOALEGRE",41132,base.state_co_13,base.co
city_co_615,"COLOMBIA",41206,base.state_co_13,base.co
city_co_616,"ELÍAS",41244,base.state_co_13,base.co
city_co_617,"GARZÓN",41298,base.state_co_13,base.co
city_co_618,"GIGANTE",41306,base.state_co_13,base.co
city_co_619,"GUADALUPE",41319,base.state_co_13,base.co
city_co_620,"HOBO",41349,base.state_co_13,base.co
city_co_621,"ÍQUIRA",41357,base.state_co_13,base.co
city_co_622,"ISNOS",41359,base.state_co_13,base.co
city_co_623,"LA ARGENTINA",41378,base.state_co_13,base.co
city_co_624,"LA PLATA",41396,base.state_co_13,base.co
city_co_625,"NÁTAGA",41483,base.state_co_13,base.co
city_co_626,"OPORAPA",41503,base.state_co_13,base.co
city_co_627,"PAICOL",41518,base.state_co_13,base.co
city_co_628,"PALERMO",41524,base.state_co_13,base.co
city_co_629,"PALESTINA",41530,base.state_co_13,base.co
city_co_630,"PITAL",41548,base.state_co_13,base.co
city_co_631,"PITALITO",41551,base.state_co_13,base.co
city_co_632,"RIVERA",41615,base.state_co_13,base.co
city_co_633,"SALADOBLANCO",41660,base.state_co_13,base.co
city_co_634,"SAN AGUSTÍN",41668,base.state_co_13,base.co
city_co_635,"SANTA MARÍA",41676,base.state_co_13,base.co
city_co_636,"SUAZA",41770,base.state_co_13,base.co
city_co_637,"TARQUI",41791,base.state_co_13,base.co
city_co_638,"TESALIA",41797,base.state_co_13,base.co
city_co_639,"TELLO",41799,base.state_co_13,base.co
city_co_640,"TERUEL",41801,base.state_co_13,base.co
city_co_641,"TIMANÁ",41807,base.state_co_13,base.co
city_co_642,"VILLAVIEJA",41872,base.state_co_13,base.co
city_co_643,"YAGUARÁ",41885,base.state_co_13,base.co
city_co_644,"RIOHACHA",44001,base.state_co_14,base.co
city_co_645,"ALBANIA",44035,base.state_co_14,base.co
city_co_646,"BARRANCAS",44078,base.state_co_14,base.co
city_co_647,"DIBULLA",44090,base.state_co_14,base.co
city_co_648,"DISTRACCIÓN",44098,base.state_co_14,base.co
city_co_649,"EL MOLINO",44110,base.state_co_14,base.co
city_co_650,"FONSECA",44279,base.state_co_14,base.co
city_co_651,"HATONUEVO",44378,base.state_co_14,base.co
city_co_652,"LA JAGUA DEL PILAR",44420,base.state_co_14,base.co
city_co_653,"MAICAO",44430,base.state_co_14,base.co
city_co_654,"MANAURE",44560,base.state_co_14,base.co
city_co_655,"SAN JUAN DEL CESAR",44650,base.state_co_14,base.co
city_co_656,"URIBIA",44847,base.state_co_14,base.co
city_co_657,"URUMITA",44855,base.state_co_14,base.co
city_co_658,"VILLANUEVA",44874,base.state_co_14,base.co
city_co_659,"SANTA MARTA",47001,base.state_co_15,base.co
city_co_660,"ALGARROBO",47030,base.state_co_15,base.co
city_co_661,"ARACATACA",47053,base.state_co_15,base.co
city_co_662,"ARIGUANÍ",47058,base.state_co_15,base.co
city_co_663,"CERRO DE SAN ANTONIO",47161,base.state_co_15,base.co
city_co_664,"CHIVOLO",47170,base.state_co_15,base.co
city_co_665,"CIÉNAGA",47189,base.state_co_15,base.co
city_co_666,"CONCORDIA",47205,base.state_co_15,base.co
city_co_667,"EL BANCO",47245,base.state_co_15,base.co
city_co_668,"EL PIÑÓN",47258,base.state_co_15,base.co
city_co_669,"EL RETÉN",47268,base.state_co_15,base.co
city_co_670,"FUNDACIÓN",47288,base.state_co_15,base.co
city_co_671,"GUAMAL",47318,base.state_co_15,base.co
city_co_672,"NUEVA GRANADA",47460,base.state_co_15,base.co
city_co_673,"PEDRAZA",47541,base.state_co_15,base.co
city_co_674,"PIJIÑO DEL CARMEN",47545,base.state_co_15,base.co
city_co_675,"PIVIJAY",47551,base.state_co_15,base.co
city_co_676,"PLATO",47555,base.state_co_15,base.co
city_co_677,"PUEBLOVIEJO",47570,base.state_co_15,base.co
city_co_678,"REMOLINO",47605,base.state_co_15,base.co
city_co_679,"SABANAS DE SAN ÁNGEL",47660,base.state_co_15,base.co
city_co_680,"SALAMINA",47675,base.state_co_15,base.co
city_co_681,"SAN SEBASTIÁN DE BUENAVISTA",47692,base.state_co_15,base.co
city_co_682,"SAN ZENÓN",47703,base.state_co_15,base.co
city_co_683,"SANTA ANA",47707,base.state_co_15,base.co
city_co_684,"SANTA BÁRBARA DE PINTO",47720,base.state_co_15,base.co
city_co_685,"SITIONUEVO",47745,base.state_co_15,base.co
city_co_686,"TENERIFE",47798,base.state_co_15,base.co
city_co_687,"ZAPAYÁN",47960,base.state_co_15,base.co
city_co_688,"ZONA BANANERA",47980,base.state_co_15,base.co
city_co_689,"VILLAVICENCIO",50001,base.state_co_16,base.co
city_co_690,"ACACÍAS",50006,base.state_co_16,base.co
city_co_691,"BARRANCA DE UPÍA",50110,base.state_co_16,base.co
city_co_692,"CABUYARO",50124,base.state_co_16,base.co
city_co_693,"CASTILLA LA NUEVA",50150,base.state_co_16,base.co
city_co_694,"CUBARRAL",50223,base.state_co_16,base.co
city_co_695,"CUMARAL",50226,base.state_co_16,base.co
city_co_696,"EL CALVARIO",50245,base.state_co_16,base.co
city_co_697,"EL CASTILLO",50251,base.state_co_16,base.co
city_co_698,"EL DORADO",50270,base.state_co_16,base.co
city_co_699,"FUENTEDEORO",50287,base.state_co_16,base.co
city_co_700,"GRANADA",50313,base.state_co_16,base.co
city_co_701,"GUAMAL",50318,base.state_co_16,base.co
city_co_702,"MAPIRIPÁN",50325,base.state_co_16,base.co
city_co_703,"MESETAS",50330,base.state_co_16,base.co
city_co_704,"LA MACARENA",50350,base.state_co_16,base.co
city_co_705,"URIBE",50370,base.state_co_16,base.co
city_co_706,"LEJANÍAS",50400,base.state_co_16,base.co
city_co_707,"PUERTO CONCORDIA",50450,base.state_co_16,base.co
city_co_708,"PUERTO GAITÁN",50568,base.state_co_16,base.co
city_co_709,"PUERTO LÓPEZ",50573,base.state_co_16,base.co
city_co_710,"PUERTO LLERAS",50577,base.state_co_16,base.co
city_co_711,"PUERTO RICO",50590,base.state_co_16,base.co
city_co_712,"RESTREPO",50606,base.state_co_16,base.co
city_co_713,"SAN CARLOS DE GUAROA",50680,base.state_co_16,base.co
city_co_714,"SAN JUAN DE ARAMA",50683,base.state_co_16,base.co
city_co_715,"SAN JUANITO",50686,base.state_co_16,base.co
city_co_716,"SAN MARTÍN",50689,base.state_co_16,base.co
city_co_717,"VISTAHERMOSA",50711,base.state_co_16,base.co
city_co_718,"PASTO",52001,base.state_co_17,base.co
city_co_719,"ALBÁN",52019,base.state_co_17,base.co
city_co_720,"ALDANA",52022,base.state_co_17,base.co
city_co_721,"ANCUYÁ",52036,base.state_co_17,base.co
city_co_722,"ARBOLEDA",52051,base.state_co_17,base.co
city_co_723,"BARBACOAS",52079,base.state_co_17,base.co
city_co_724,"BELÉN",52083,base.state_co_17,base.co
city_co_725,"BUESACO",52110,base.state_co_17,base.co
city_co_726,"COLÓN",52203,base.state_co_17,base.co
city_co_727,"CONSACÁ",52207,base.state_co_17,base.co
city_co_728,"CONTADERO",52210,base.state_co_17,base.co
city_co_729,"CÓRDOBA",52215,base.state_co_17,base.co
city_co_730,"CUASPÚD",52224,base.state_co_17,base.co
city_co_731,"CUMBAL",52227,base.state_co_17,base.co
city_co_732,"CUMBITARA",52233,base.state_co_17,base.co
city_co_733,"CHACHAGÜÍ",52240,base.state_co_17,base.co
city_co_734,"EL CHARCO",52250,base.state_co_17,base.co
city_co_735,"EL PEÑOL",52254,base.state_co_17,base.co
city_co_736,"EL ROSARIO",52256,base.state_co_17,base.co
city_co_737,"EL TABLÓN DE GÓMEZ",52258,base.state_co_17,base.co
city_co_738,"EL TAMBO",52260,base.state_co_17,base.co
city_co_739,"FUNES",52287,base.state_co_17,base.co
city_co_740,"GUACHUCAL",52317,base.state_co_17,base.co
city_co_741,"GUAITARILLA",52320,base.state_co_17,base.co
city_co_742,"GUALMATÁN",52323,base.state_co_17,base.co
city_co_743,"ILES",52352,base.state_co_17,base.co
city_co_744,"IMUÉS",52354,base.state_co_17,base.co
city_co_745,"IPIALES",52356,base.state_co_17,base.co
city_co_746,"LA CRUZ",52378,base.state_co_17,base.co
city_co_747,"LA FLORIDA",52381,base.state_co_17,base.co
city_co_748,"LA LLANADA",52385,base.state_co_17,base.co
city_co_749,"LA TOLA",52390,base.state_co_17,base.co
city_co_750,"LA UNIÓN",52399,base.state_co_17,base.co
city_co_751,"LEIVA",52405,base.state_co_17,base.co
city_co_752,"LINARES",52411,base.state_co_17,base.co
city_co_753,"LOS ANDES",52418,base.state_co_17,base.co
city_co_754,"MAGÜÍ",52427,base.state_co_17,base.co
city_co_755,"MALLAMA",52435,base.state_co_17,base.co
city_co_756,"MOSQUERA",52473,base.state_co_17,base.co
city_co_757,"NARIÑO",52480,base.state_co_17,base.co
city_co_758,"OLAYA HERRERA",52490,base.state_co_17,base.co
city_co_759,"OSPINA",52506,base.state_co_17,base.co
city_co_760,"FRANCISCO PIZARRO",52520,base.state_co_17,base.co
city_co_761,"POLICARPA",52540,base.state_co_17,base.co
city_co_762,"POTOSÍ",52560,base.state_co_17,base.co
city_co_763,"PROVIDENCIA",52565,base.state_co_17,base.co
city_co_764,"PUERRES",52573,base.state_co_17,base.co
city_co_765,"PUPIALES",52585,base.state_co_17,base.co
city_co_766,"RICAURTE",52612,base.state_co_17,base.co
city_co_767,"ROBERTO PAYÁN",52621,base.state_co_17,base.co
city_co_768,"SAMANIEGO",52678,base.state_co_17,base.co
city_co_769,"SANDONÁ",52683,base.state_co_17,base.co
city_co_770,"SAN BERNARDO",52685,base.state_co_17,base.co
city_co_771,"SAN LORENZO",52687,base.state_co_17,base.co
city_co_772,"SAN PABLO",52693,base.state_co_17,base.co
city_co_773,"SAN PEDRO DE CARTAGO",52694,base.state_co_17,base.co
city_co_774,"SANTA BÁRBARA",52696,base.state_co_17,base.co
city_co_775,"SANTACRUZ",52699,base.state_co_17,base.co
city_co_776,"SAPUYES",52720,base.state_co_17,base.co
city_co_777,"TAMINANGO",52786,base.state_co_17,base.co
city_co_778,"TANGUA",52788,base.state_co_17,base.co
city_co_779,"SAN ANDRÉS DE TUMACO",52835,base.state_co_17,base.co
city_co_780,"TÚQUERRES",52838,base.state_co_17,base.co
city_co_781,"YACUANQUER",52885,base.state_co_17,base.co
city_co_782,"CÚCUTA",54001,base.state_co_18,base.co
city_co_783,"ÁBREGO",54003,base.state_co_18,base.co
city_co_784,"ARBOLEDAS",54051,base.state_co_18,base.co
city_co_785,"BOCHALEMA",54099,base.state_co_18,base.co
city_co_786,"BUCARASICA",54109,base.state_co_18,base.co
city_co_787,"CÁCOTA",54125,base.state_co_18,base.co
city_co_788,"CÁCHIRA",54128,base.state_co_18,base.co
city_co_789,"CHINÁCOTA",54172,base.state_co_18,base.co
city_co_790,"CHITAGÁ",54174,base.state_co_18,base.co
city_co_791,"CONVENCIÓN",54206,base.state_co_18,base.co
city_co_792,"CUCUTILLA",54223,base.state_co_18,base.co
city_co_793,"DURANIA",54239,base.state_co_18,base.co
city_co_794,"EL CARMEN",54245,base.state_co_18,base.co
city_co_795,"EL TARRA",54250,base.state_co_18,base.co
city_co_796,"EL ZULIA",54261,base.state_co_18,base.co
city_co_797,"GRAMALOTE",54313,base.state_co_18,base.co
city_co_798,"HACARÍ",54344,base.state_co_18,base.co
city_co_799,"HERRÁN",54347,base.state_co_18,base.co
city_co_800,"LABATECA",54377,base.state_co_18,base.co
city_co_801,"LA ESPERANZA",54385,base.state_co_18,base.co
city_co_802,"LA PLAYA",54398,base.state_co_18,base.co
city_co_803,"LOS PATIOS",54405,base.state_co_18,base.co
city_co_804,"LOURDES",54418,base.state_co_18,base.co
city_co_805,"MUTISCUA",54480,base.state_co_18,base.co
city_co_806,"OCAÑA",54498,base.state_co_18,base.co
city_co_807,"PAMPLONA",54518,base.state_co_18,base.co
city_co_808,"PAMPLONITA",54520,base.state_co_18,base.co
city_co_809,"PUERTO SANTANDER",54553,base.state_co_18,base.co
city_co_810,"RAGONVALIA",54599,base.state_co_18,base.co
city_co_811,"SALAZAR",54660,base.state_co_18,base.co
city_co_812,"SAN CALIXTO",54670,base.state_co_18,base.co
city_co_813,"SAN CAYETANO",54673,base.state_co_18,base.co
city_co_814,"SANTIAGO",54680,base.state_co_18,base.co
city_co_815,"SARDINATA",54720,base.state_co_18,base.co
city_co_816,"SILOS",54743,base.state_co_18,base.co
city_co_817,"TEORAMA",54800,base.state_co_18,base.co
city_co_818,"TIBÚ",54810,base.state_co_18,base.co
city_co_819,"TOLEDO",54820,base.state_co_18,base.co
city_co_820,"VILLA CARO",54871,base.state_co_18,base.co
city_co_821,"VILLA DEL ROSARIO",54874,base.state_co_18,base.co
city_co_822,"ARMENIA",63001,base.state_co_19,base.co
city_co_823,"BUENAVISTA",63111,base.state_co_19,base.co
city_co_824,"CALARCÁ",63130,base.state_co_19,base.co
city_co_825,"CIRCASIA",63190,base.state_co_19,base.co
city_co_826,"CÓRDOBA",63212,base.state_co_19,base.co
city_co_827,"FILANDIA",63272,base.state_co_19,base.co
city_co_828,"GÉNOVA",63302,base.state_co_19,base.co
city_co_829,"LA TEBAIDA",63401,base.state_co_19,base.co
city_co_830,"MONTENEGRO",63470,base.state_co_19,base.co
city_co_831,"PIJAO",63548,base.state_co_19,base.co
city_co_832,"QUIMBAYA",63594,base.state_co_19,base.co
city_co_833,"SALENTO",63690,base.state_co_19,base.co
city_co_834,"PEREIRA",66001,base.state_co_20,base.co
city_co_835,"APÍA",66045,base.state_co_20,base.co
city_co_836,"BALBOA",66075,base.state_co_20,base.co
city_co_837,"BELÉN DE UMBRÍA",66088,base.state_co_20,base.co
city_co_838,"DOSQUEBRADAS",66170,base.state_co_20,base.co
city_co_839,"GUÁTICA",66318,base.state_co_20,base.co
city_co_840,"LA CELIA",66383,base.state_co_20,base.co
city_co_841,"LA VIRGINIA",66400,base.state_co_20,base.co
city_co_842,"MARSELLA",66440,base.state_co_20,base.co
city_co_843,"MISTRATÓ",66456,base.state_co_20,base.co
city_co_844,"PUEBLO RICO",66572,base.state_co_20,base.co
city_co_845,"QUINCHÍA",66594,base.state_co_20,base.co
city_co_846,"SANTA ROSA DE CABAL",66682,base.state_co_20,base.co
city_co_847,"SANTUARIO",66687,base.state_co_20,base.co
city_co_848,"BUCARAMANGA",68001,base.state_co_21,base.co
city_co_849,"AGUADA",68013,base.state_co_21,base.co
city_co_850,"ALBANIA",68020,base.state_co_21,base.co
city_co_851,"ARATOCA",68051,base.state_co_21,base.co
city_co_852,"BARBOSA",68077,base.state_co_21,base.co
city_co_853,"BARICHARA",68079,base.state_co_21,base.co
city_co_854,"BARRANCABERMEJA",68081,base.state_co_21,base.co
city_co_855,"BETULIA",68092,base.state_co_21,base.co
city_co_856,"BOLÍVAR",68101,base.state_co_21,base.co
city_co_857,"CABRERA",68121,base.state_co_21,base.co
city_co_858,"CALIFORNIA",68132,base.state_co_21,base.co
city_co_859,"CAPITANEJO",68147,base.state_co_21,base.co
city_co_860,"CARCASÍ",68152,base.state_co_21,base.co
city_co_861,"CEPITÁ",68160,base.state_co_21,base.co
city_co_862,"CERRITO",68162,base.state_co_21,base.co
city_co_863,"CHARALÁ",68167,base.state_co_21,base.co
city_co_864,"CHARTA",68169,base.state_co_21,base.co
city_co_865,"CHIMA",68176,base.state_co_21,base.co
city_co_866,"CHIPATÁ",68179,base.state_co_21,base.co
city_co_867,"CIMITARRA",68190,base.state_co_21,base.co
city_co_868,"CONCEPCIÓN",68207,base.state_co_21,base.co
city_co_869,"CONFINES",68209,base.state_co_21,base.co
city_co_870,"CONTRATACIÓN",68211,base.state_co_21,base.co
city_co_871,"COROMORO",68217,base.state_co_21,base.co
city_co_872,"CURITÍ",68229,base.state_co_21,base.co
city_co_873,"EL CARMEN DE CHUCURÍ",68235,base.state_co_21,base.co
city_co_874,"EL GUACAMAYO",68245,base.state_co_21,base.co
city_co_875,"EL PEÑÓN",68250,base.state_co_21,base.co
city_co_876,"EL PLAYÓN",68255,base.state_co_21,base.co
city_co_877,"ENCINO",68264,base.state_co_21,base.co
city_co_878,"ENCISO",68266,base.state_co_21,base.co
city_co_879,"FLORIÁN",68271,base.state_co_21,base.co
city_co_880,"FLORIDABLANCA",68276,base.state_co_21,base.co
city_co_881,"GALÁN",68296,base.state_co_21,base.co
city_co_882,"GÁMBITA",68298,base.state_co_21,base.co
city_co_883,"GIRÓN",68307,base.state_co_21,base.co
city_co_884,"GUACA",68318,base.state_co_21,base.co
city_co_885,"GUADALUPE",68320,base.state_co_21,base.co
city_co_886,"GUAPOTÁ",68322,base.state_co_21,base.co
city_co_887,"GUAVATÁ",68324,base.state_co_21,base.co
city_co_888,"GÜEPSA",68327,base.state_co_21,base.co
city_co_889,"HATO",68344,base.state_co_21,base.co
city_co_890,"JESÚS MARÍA",68368,base.state_co_21,base.co
city_co_891,"JORDÁN",68370,base.state_co_21,base.co
city_co_892,"LA BELLEZA",68377,base.state_co_21,base.co
city_co_893,"LANDÁZURI",68385,base.state_co_21,base.co
city_co_894,"LA PAZ",68397,base.state_co_21,base.co
city_co_895,"LEBRIJA",68406,base.state_co_21,base.co
city_co_896,"LOS SANTOS",68418,base.state_co_21,base.co
city_co_897,"MACARAVITA",68425,base.state_co_21,base.co
city_co_898,"MÁLAGA",68432,base.state_co_21,base.co
city_co_899,"MATANZA",68444,base.state_co_21,base.co
city_co_900,"MOGOTES",68464,base.state_co_21,base.co
city_co_901,"MOLAGAVITA",68468,base.state_co_21,base.co
city_co_902,"OCAMONTE",68498,base.state_co_21,base.co
city_co_903,"OIBA",68500,base.state_co_21,base.co
city_co_904,"ONZAGA",68502,base.state_co_21,base.co
city_co_905,"PALMAR",68522,base.state_co_21,base.co
city_co_906,"PALMAS DEL SOCORRO",68524,base.state_co_21,base.co
city_co_907,"PÁRAMO",68533,base.state_co_21,base.co
city_co_908,"PIEDECUESTA",68547,base.state_co_21,base.co
city_co_909,"PINCHOTE",68549,base.state_co_21,base.co
city_co_910,"PUENTE NACIONAL",68572,base.state_co_21,base.co
city_co_911,"PUERTO PARRA",68573,base.state_co_21,base.co
city_co_912,"PUERTO WILCHES",68575,base.state_co_21,base.co
city_co_913,"RIONEGRO",68615,base.state_co_21,base.co
city_co_914,"SABANA DE TORRES",68655,base.state_co_21,base.co
city_co_915,"SAN ANDRÉS",68669,base.state_co_21,base.co
city_co_916,"SAN BENITO",68673,base.state_co_21,base.co
city_co_917,"SAN GIL",68679,base.state_co_21,base.co
city_co_918,"SAN JOAQUÍN",68682,base.state_co_21,base.co
city_co_919,"SAN JOSÉ DE MIRANDA",68684,base.state_co_21,base.co
city_co_920,"SAN MIGUEL",68686,base.state_co_21,base.co
city_co_921,"SAN VICENTE DE CHUCURÍ",68689,base.state_co_21,base.co
city_co_922,"SANTA BÁRBARA",68705,base.state_co_21,base.co
city_co_923,"SANTA HELENA DEL OPÓN",68720,base.state_co_21,base.co
city_co_924,"SIMACOTA",68745,base.state_co_21,base.co
city_co_925,"SOCORRO",68755,base.state_co_21,base.co
city_co_926,"SUAITA",68770,base.state_co_21,base.co
city_co_927,"SUCRE",68773,base.state_co_21,base.co
city_co_928,"SURATÁ",68780,base.state_co_21,base.co
city_co_929,"TONA",68820,base.state_co_21,base.co
city_co_930,"VALLE DE SAN JOSÉ",68855,base.state_co_21,base.co
city_co_931,"VÉLEZ",68861,base.state_co_21,base.co
city_co_932,"VETAS",68867,base.state_co_21,base.co
city_co_933,"VILLANUEVA",68872,base.state_co_21,base.co
city_co_934,"ZAPATOCA",68895,base.state_co_21,base.co
city_co_935,"SINCELEJO",70001,base.state_co_22,base.co
city_co_936,"BUENAVISTA",70110,base.state_co_22,base.co
city_co_937,"CAIMITO",70124,base.state_co_22,base.co
city_co_938,"COLOSÓ",70204,base.state_co_22,base.co
city_co_939,"COROZAL",70215,base.state_co_22,base.co
city_co_940,"COVEÑAS",70221,base.state_co_22,base.co
city_co_941,"CHALÁN",70230,base.state_co_22,base.co
city_co_942,"EL ROBLE",70233,base.state_co_22,base.co
city_co_943,"GALERAS",70235,base.state_co_22,base.co
city_co_944,"GUARANDA",70265,base.state_co_22,base.co
city_co_945,"LA UNIÓN",70400,base.state_co_22,base.co
city_co_946,"LOS PALMITOS",70418,base.state_co_22,base.co
city_co_947,"MAJAGUAL",70429,base.state_co_22,base.co
city_co_948,"MORROA",70473,base.state_co_22,base.co
city_co_949,"OVEJAS",70508,base.state_co_22,base.co
city_co_950,"PALMITO",70523,base.state_co_22,base.co
city_co_951,"SAMPUÉS",70670,base.state_co_22,base.co
city_co_952,"SAN BENITO ABAD",70678,base.state_co_22,base.co
city_co_953,"SAN BENITO ABAD",70678,base.state_co_22,base.co
city_co_954,"SAN JUAN DE BETULIA",70702,base.state_co_22,base.co
city_co_955,"SAN MARCOS",70708,base.state_co_22,base.co
city_co_956,"SAN ONOFRE",70713,base.state_co_22,base.co
city_co_957,"SAN PEDRO",70717,base.state_co_22,base.co
city_co_958,"SAN LUIS DE SINCÉ",70742,base.state_co_22,base.co
city_co_959,"SUCRE",70771,base.state_co_22,base.co
city_co_960,"SANTIAGO DE TOLÚ",70820,base.state_co_22,base.co
city_co_961,"TOLÚ VIEJO",70823,base.state_co_22,base.co
city_co_962,"IBAGUÉ",73001,base.state_co_23,base.co
city_co_963,"ALPUJARRA",73024,base.state_co_23,base.co
city_co_964,"ALVARADO",73026,base.state_co_23,base.co
city_co_965,"AMBALEMA",73030,base.state_co_23,base.co
city_co_966,"ANZOÁTEGUI",73043,base.state_co_23,base.co
city_co_967,"ARMERO",73055,base.state_co_23,base.co
city_co_968,"ATACO",73067,base.state_co_23,base.co
city_co_969,"CAJAMARCA",73124,base.state_co_23,base.co
city_co_970,"CARMEN DE APICALÁ",73148,base.state_co_23,base.co
city_co_971,"CASABIANCA",73152,base.state_co_23,base.co
city_co_972,"CHAPARRAL",73168,base.state_co_23,base.co
city_co_973,"COELLO",73200,base.state_co_23,base.co
city_co_974,"COYAIMA",73217,base.state_co_23,base.co
city_co_975,"CUNDAY",73226,base.state_co_23,base.co
city_co_976,"DOLORES",73236,base.state_co_23,base.co
city_co_977,"ESPINAL",73268,base.state_co_23,base.co
city_co_978,"FALAN",73270,base.state_co_23,base.co
city_co_979,"FLANDES",73275,base.state_co_23,base.co
city_co_980,"FRESNO",73283,base.state_co_23,base.co
city_co_981,"GUAMO",73319,base.state_co_23,base.co
city_co_982,"HERVEO",73347,base.state_co_23,base.co
city_co_983,"HONDA",73349,base.state_co_23,base.co
city_co_984,"ICONONZO",73352,base.state_co_23,base.co
city_co_985,"LÉRIDA",73408,base.state_co_23,base.co
city_co_986,"LÍBANO",73411,base.state_co_23,base.co
city_co_987,"SAN SEBASTIÁN DE MARIQUITA",73443,base.state_co_23,base.co
city_co_988,"MELGAR",73449,base.state_co_23,base.co
city_co_989,"MURILLO",73461,base.state_co_23,base.co
city_co_990,"NATAGAIMA",73483,base.state_co_23,base.co
city_co_991,"ORTEGA",73504,base.state_co_23,base.co
city_co_992,"PALOCABILDO",73520,base.state_co_23,base.co
city_co_993,"PIEDRAS",73547,base.state_co_23,base.co
city_co_994,"PLANADAS",73555,base.state_co_23,base.co
city_co_995,"PRADO",73563,base.state_co_23,base.co
city_co_996,"PURIFICACIÓN",73585,base.state_co_23,base.co
city_co_997,"RIOBLANCO",73616,base.state_co_23,base.co
city_co_998,"RONCESVALLES",73622,base.state_co_23,base.co
city_co_999,"ROVIRA",73624,base.state_co_23,base.co
city_co_1000,"SALDAÑA",73671,base.state_co_23,base.co
city_co_1001,"SAN ANTONIO",73675,base.state_co_23,base.co
city_co_1002,"SAN LUIS",73678,base.state_co_23,base.co
city_co_1003,"SANTA ISABEL",73686,base.state_co_23,base.co
city_co_1004,"SUÁREZ",73770,base.state_co_23,base.co
city_co_1005,"VALLE DE SAN JUAN",73854,base.state_co_23,base.co
city_co_1006,"VENADILLO",73861,base.state_co_23,base.co
city_co_1007,"VILLAHERMOSA",73870,base.state_co_23,base.co
city_co_1008,"VILLARRICA",73873,base.state_co_23,base.co
city_co_1009,"CALI",76001,base.state_co_24,base.co
city_co_1010,"ALCALÁ",76020,base.state_co_24,base.co
city_co_1011,"ANDALUCÍA",76036,base.state_co_24,base.co
city_co_1012,"ANDALUCÍA",76036,base.state_co_24,base.co
city_co_1013,"ANSERMANUEVO",76041,base.state_co_24,base.co
city_co_1014,"ARGELIA",76054,base.state_co_24,base.co
city_co_1015,"BOLÍVAR",76100,base.state_co_24,base.co
city_co_1016,"BUENAVENTURA",76109,base.state_co_24,base.co
city_co_1017,"GUADALAJARA DE BUGA",76111,base.state_co_24,base.co
city_co_1018,"BUGALAGRANDE",76113,base.state_co_24,base.co
city_co_1019,"CAICEDONIA",76122,base.state_co_24,base.co
city_co_1020,"CALIMA",76126,base.state_co_24,base.co
city_co_1021,"CANDELARIA",76130,base.state_co_24,base.co
city_co_1022,"CARTAGO",76147,base.state_co_24,base.co
city_co_1023,"DAGUA",76233,base.state_co_24,base.co
city_co_1024,"EL ÁGUILA",76243,base.state_co_24,base.co
city_co_1025,"EL CAIRO",76246,base.state_co_24,base.co
city_co_1026,"EL CERRITO",76248,base.state_co_24,base.co
city_co_1027,"EL DOVIO",76250,base.state_co_24,base.co
city_co_1028,"FLORIDA",76275,base.state_co_24,base.co
city_co_1029,"GINEBRA",76306,base.state_co_24,base.co
city_co_1030,"GUACARÍ",76318,base.state_co_24,base.co
city_co_1031,"JAMUNDÍ",76364,base.state_co_24,base.co
city_co_1032,"JAMUNDÍ",76364,base.state_co_24,base.co
city_co_1033,"LA CUMBRE",76377,base.state_co_24,base.co
city_co_1034,"LA UNIÓN",76400,base.state_co_24,base.co
city_co_1035,"LA VICTORIA",76403,base.state_co_24,base.co
city_co_1036,"OBANDO",76497,base.state_co_24,base.co
city_co_1037,"PALMIRA",76520,base.state_co_24,base.co
city_co_1038,"PRADERA",76563,base.state_co_24,base.co
city_co_1039,"RESTREPO",76606,base.state_co_24,base.co
city_co_1040,"RIOFRÍO",76616,base.state_co_24,base.co
city_co_1041,"ROLDANILLO",76622,base.state_co_24,base.co
city_co_1042,"SAN PEDRO",76670,base.state_co_24,base.co
city_co_1043,"SEVILLA",76736,base.state_co_24,base.co
city_co_1044,"TORO",76823,base.state_co_24,base.co
city_co_1045,"TRUJILLO",76828,base.state_co_24,base.co
city_co_1046,"TULUÁ",76834,base.state_co_24,base.co
city_co_1047,"ULLOA",76845,base.state_co_24,base.co
city_co_1048,"VERSALLES",76863,base.state_co_24,base.co
city_co_1049,"VIJES",76869,base.state_co_24,base.co
city_co_1050,"YOTOCO",76890,base.state_co_24,base.co
city_co_1051,"YUMBO",76892,base.state_co_24,base.co
city_co_1052,"ZARZAL",76895,base.state_co_24,base.co
city_co_1053,"ARAUCA",81001,base.state_co_25,base.co
city_co_1054,"ARAUQUITA",81065,base.state_co_25,base.co
city_co_1055,"CRAVO NORTE",81220,base.state_co_25,base.co
city_co_1056,"FORTUL",81300,base.state_co_25,base.co
city_co_1057,"PUERTO RONDÓN",81591,base.state_co_25,base.co
city_co_1058,"SARAVENA",81736,base.state_co_25,base.co
city_co_1059,"TAME",81794,base.state_co_25,base.co
city_co_1060,"YOPAL",85001,base.state_co_26,base.co
city_co_1061,"AGUAZUL",85010,base.state_co_26,base.co
city_co_1062,"CHÁMEZA",85015,base.state_co_26,base.co
city_co_1063,"HATO COROZAL",85125,base.state_co_26,base.co
city_co_1064,"LA SALINA",85136,base.state_co_26,base.co
city_co_1065,"MANÍ",85139,base.state_co_26,base.co
city_co_1066,"MONTERREY",85162,base.state_co_26,base.co
city_co_1067,"NUNCHÍA",85225,base.state_co_26,base.co
city_co_1068,"OROCUÉ",85230,base.state_co_26,base.co
city_co_1069,"PAZ DE ARIPORO",85250,base.state_co_26,base.co
city_co_1070,"PORE",85263,base.state_co_26,base.co
city_co_1071,"RECETOR",85279,base.state_co_26,base.co
city_co_1072,"SABANALARGA",85300,base.state_co_26,base.co
city_co_1073,"SÁCAMA",85315,base.state_co_26,base.co
city_co_1074,"SAN LUIS DE PALENQUE",85325,base.state_co_26,base.co
city_co_1075,"TÁMARA",85400,base.state_co_26,base.co
city_co_1076,"TAURAMENA",85410,base.state_co_26,base.co
city_co_1077,"TRINIDAD",85430,base.state_co_26,base.co
city_co_1078,"VILLANUEVA",85440,base.state_co_26,base.co
city_co_1079,"MOCOA",86001,base.state_co_27,base.co
city_co_1080,"COLÓN",86219,base.state_co_27,base.co
city_co_1081,"ORITO",86320,base.state_co_27,base.co
city_co_1082,"PUERTO ASÍS",86568,base.state_co_27,base.co
city_co_1083,"PUERTO CAICEDO",86569,base.state_co_27,base.co
city_co_1084,"PUERTO GUZMÁN",86571,base.state_co_27,base.co
city_co_1085,"PUERTO LEGUÍZAMO",86573,base.state_co_27,base.co
city_co_1086,"SIBUNDOY",86749,base.state_co_27,base.co
city_co_1087,"SAN FRANCISCO",86755,base.state_co_27,base.co
city_co_1088,"SAN MIGUEL",86757,base.state_co_27,base.co
city_co_1089,"SANTIAGO",86760,base.state_co_27,base.co
city_co_1090,"VALLE DEL GUAMUEZ",86865,base.state_co_27,base.co
city_co_1091,"VILLAGARZÓN",86885,base.state_co_27,base.co
city_co_1092,"SAN ANDRÉS",88001,base.state_co_28,base.co
city_co_1093,"PROVIDENCIA",88564,base.state_co_28,base.co
city_co_1094,"LETICIA",91001,base.state_co_29,base.co
city_co_1095,"EL ENCANTO",91263,base.state_co_29,base.co
city_co_1096,"LA CHORRERA",91405,base.state_co_29,base.co
city_co_1097,"LA PEDRERA",91407,base.state_co_29,base.co
city_co_1098,"LA VICTORIA",91430,base.state_co_29,base.co
city_co_1099,"MIRITÍ – PARANÁ",91460,base.state_co_29,base.co
city_co_1100,"PUERTO ALEGRÍA",91530,base.state_co_29,base.co
city_co_1101,"PUERTO ARICA",91536,base.state_co_29,base.co
city_co_1102,"PUERTO NARIÑO",91540,base.state_co_29,base.co
city_co_1103,"PUERTO SANTANDER",91669,base.state_co_29,base.co
city_co_1104,"TARAPACÁ",91798,base.state_co_29,base.co
city_co_1105,"INÍRIDA",94001,base.state_co_30,base.co
city_co_1106,"BARRANCO MINAS",94343,base.state_co_30,base.co
city_co_1107,"MAPIRIPANA",94663,base.state_co_30,base.co
city_co_1108,"SAN FELIPE",94883,base.state_co_30,base.co
city_co_1109,"PUERTO COLOMBIA",94884,base.state_co_30,base.co
city_co_1110,"LA GUADALUPE",94885,base.state_co_30,base.co
city_co_1111,"CACAHUAL",94886,base.state_co_30,base.co
city_co_1112,"PANA PANA",94887,base.state_co_30,base.co
city_co_1113,"MORICHAL",94888,base.state_co_30,base.co
city_co_1114,"SAN JOSÉ DEL GUAVIARE",95001,base.state_co_31,base.co
city_co_1115,"CALAMAR",95015,base.state_co_31,base.co
city_co_1116,"EL RETORNO",95025,base.state_co_31,base.co
city_co_1117,"MIRAFLORES",95200,base.state_co_31,base.co
city_co_1118,"MITÚ",97001,base.state_co_32,base.co
city_co_1119,"CARURÚ",97161,base.state_co_32,base.co
city_co_1120,"PACOA",97511,base.state_co_32,base.co
city_co_1121,"TARAIRA",97666,base.state_co_32,base.co
city_co_1122,"PAPUNAHUA",97777,base.state_co_32,base.co
city_co_1123,"YAVARATÉ",97889,base.state_co_32,base.co
city_co_1124,"PUERTO CARREÑO",99001,base.state_co_33,base.co
city_co_1125,"LA PRIMAVERA",99524,base.state_co_33,base.co
city_co_1126,"SANTA ROSALÍA",99624,base.state_co_33,base.co
city_co_1127,"CUMARIBO",99773,base.state_co_33,base.co
