<?xml version="1.0" encoding="utf-8" ?>
<odoo>
    <record id="l10n_tw_chart_template" model="account.chart.template">
        <field name="name">Taiwan Tax and Account Chart Template</field>
        <field name="code_digits">6</field>
        <field name="bank_account_code_prefix">1113</field>
        <field name="cash_account_code_prefix">1111</field>
        <field name="transfer_account_code_prefix">1114</field>
        <field name="currency_id" ref="base.TWD" />
        <field name="spoken_languages" eval="'zh_TW'"/>
        <field name="country_id" ref="base.tw" />
    </record>
</odoo>
