<?xml version="1.0" encoding="utf-8"?>
<odoo>
    <data noupdate="1">
        <record id="tax_group_vat_20" model="account.tax.group">
            <field name="name">DPH 20%</field>
            <field name="country_id" ref="base.sk"/>
        </record>
        <record id="tax_group_vat_10" model="account.tax.group">
            <field name="name">DPH 10%</field>
            <field name="country_id" ref="base.sk"/>
        </record>
        <record id="tax_group_vat_0" model="account.tax.group">
            <field name="name">DPH 0%</field>
            <field name="country_id" ref="base.sk"/>
        </record>
    </data>
</odoo>
