<?xml version="1.0" encoding="utf-8"?>
<odoo>
    <record id="sk_chart_template" model="account.chart.template">
        <field name="account_journal_suspense_account_id" ref="chart_sk_261000"/>
        <field name="property_account_receivable_id" ref="chart_sk_311000"/>
        <field name="property_account_payable_id" ref="chart_sk_321000"/>
        <field name="property_account_expense_categ_id" ref="chart_sk_504000"/>
        <field name="property_account_income_categ_id" ref="chart_sk_604000"/>
        <field name="property_account_expense_id" ref="chart_sk_504000"/>
        <field name="property_account_income_id" ref="chart_sk_604000"/>
        <field name="income_currency_exchange_account_id" ref="chart_sk_663000"/>
        <field name="expense_currency_exchange_account_id" ref="chart_sk_563000"/>
        <field name="default_cash_difference_income_account_id" ref="chart_sk_668000"/>
        <field name="default_cash_difference_expense_account_id" ref="chart_sk_568000"/>
        <field name="property_stock_account_input_categ_id" ref="chart_sk_131000"/>
        <field name="property_stock_account_output_categ_id" ref="chart_sk_504000"/>
        <field name="property_stock_valuation_account_id" ref="chart_sk_132000"/>
        <field name="account_journal_early_pay_discount_loss_account_id" ref="chart_sk_546000"/>
        <field name="account_journal_early_pay_discount_gain_account_id" ref="chart_sk_646000"/>
    </record>
</odoo>
