<?xml version="1.0" encoding="utf-8"?>
<odoo>
    <!-- Tracks of: "OpenWood: Furniture Collection Online Reveal" -->
    <record id="website_event_track.event_7_track_3" model="event.track">
        <!-- Easy Way To Build a Wooden House -->
        <field name="youtube_video_url">https://www.youtube.com/watch?v=qRrA8al77a0</field>
        <field name="is_youtube_replay" eval="True"/>
    </record>
    <record id="website_event_track.event_7_track_5" model="event.track">
        <!-- Top 10 Most Expensive Wood in the World -->
        <field name="youtube_video_url">https://www.youtube.com/watch?v=bZ-queeu-lk</field>
        <field name="is_youtube_replay" eval="True"/>
    </record>
    <record id="website_event_track.event_7_track_6" model="event.track">
        <!-- Haul Long Lumber in a Shortbox Truck -->
        <field name="youtube_video_url">https://www.youtube.com/watch?v=gV3g5FzmQiM</field>
        <field name="is_youtube_replay" eval="True"/>
    </record>
    <record id="website_event_track.event_7_track_7" model="event.track">
        <!-- Woodworking: How I got started! -->
        <field name="youtube_video_url">https://www.youtube.com/watch?v=loP-Nd7M5s8</field>
        <field name="is_youtube_replay" eval="True"/>
    </record>
    <record id="website_event_track.event_7_track_13" model="event.track">
        <!-- Easy Way To Build a Wooden House -->
        <field name="youtube_video_url">https://www.youtube.com/watch?v=qRrA8al77a0</field>
        <field name="is_youtube_replay" eval="True"/>
    </record>
    <record id="website_event_track.event_7_track_15" model="event.track">
        <!-- Logs to Lumber -->
        <field name="youtube_video_url">https://www.youtube.com/watch?v=66AIsiezq5g</field>
        <field name="is_youtube_replay" eval="True"/>
    </record>
    <record id="website_event_track.event_7_track_17" model="event.track">
        <!-- 10 DIY Furniture Ideas For Absolute Beginners -->
        <field name="youtube_video_url">https://www.youtube.com/watch?v=OE4BVOjJp88</field>
        <field name="is_youtube_replay" eval="True"/>
    </record>
    <record id="website_event_track.event_7_track_18" model="event.track">
        <!-- 6 Woodworking tips and tricks for beginners -->
        <field name="youtube_video_url">https://www.youtube.com/watch?v=3cME3vK1aaQ</field>
        <field name="is_youtube_replay" eval="True"/>
    </record>
    <record id="website_event_track.event_7_track_19" model="event.track">
        <!-- How I Transformed this Old Block Wall - DIY Timber Cladding Project -->
        <field name="youtube_video_url">https://www.youtube.com/watch?v=7X8xuipr4_A</field>
        <field name="is_youtube_replay" eval="True"/>
    </record>
    <record id="website_event_track.event_7_track_22" model="event.track">
        <!-- Basic Set of Tools for the Woodworking Beginner -->
        <field name="youtube_video_url">https://www.youtube.com/watch?v=3pc-nnAykTQ</field>
        <field name="is_youtube_replay" eval="True"/>
    </record>
    <record id="website_event_track.event_7_track_23" model="event.track">
        <!-- Restoring Old Woodworking Tools -->
        <field name="youtube_video_url">https://www.youtube.com/watch?v=tI5zCo-zLkY</field>
        <field name="is_youtube_replay" eval="True"/>
    </record>
</odoo>
