<?xml version="1.0" encoding="UTF-8"?>
<odoo>
    <record id="action_stripe_connect_account" model="ir.actions.server">
        <field name="name">Connect to Stripe</field>
        <field name="model_id" ref="payment.model_payment_provider"/>
        <field name="groups_id" eval="[(4, ref('base.group_system'))]"/>
        <field name="state">code</field>
        <field name="code">
menu_id = env.ref('website.menu_website_website_settings').id
action = env.company._run_payment_onboarding_step(menu_id=menu_id)
        </field>
    </record>
</odoo>
