<?xml version="1.0" encoding="utf-8"?>
<odoo>
    <data noupdate="1">
        <!-- Currencies -->
        <record id="USD" model="res.currency">
            <field name="name">USD</field>
            <field name="full_name">United States dollar</field>
            <field name="symbol">$</field>
            <field name="rounding">0.01</field>
            <field name="position">before</field>
            <field name="active" eval="False"/>
            <field name="currency_unit_label">Dollars</field>
            <field name="currency_subunit_label">Cents</field>
        </record>

        <record id="VEF" model="res.currency">
            <field name="name">VEF</field>
            <field name="full_name">Venezuelan bolívar fuerte</field>
            <field name="symbol">Bs.F</field>
            <field name="rounding">0.01</field>
            <field name="active" eval="False"/>
            <field name="currency_unit_label">Bolivar</field>
            <field name="currency_subunit_label">Centimos</field>
        </record>

        <record id="CAD" model="res.currency">
            <field name="name">CAD</field>
            <field name="full_name">Canadian dollar</field>
            <field name="symbol">$</field>
            <field name="rounding">0.01</field>
            <field name="active" eval="False"/>
            <field name="currency_unit_label">Dollars</field>
            <field name="currency_subunit_label">Cents</field>
        </record>

        <record id="CHF" model="res.currency">
            <field name="name">CHF</field>
            <field name="full_name">Swiss franc</field>
            <field name="symbol">CHF</field>
            <field name="position">before</field>
            <field name="rounding">0.01</field>
            <field name="active" eval="False"/>
            <field name="currency_unit_label">Franc</field>
            <field name="currency_subunit_label">Centimes</field>
        </record>

        <record id="BRL" model="res.currency">
            <field name="name">BRL</field>
            <field name="full_name">Brazilian real</field>
            <field name="symbol">R$</field>
            <field name="rounding">0.01</field>
            <field name="active" eval="False"/>
            <field name="position">before</field>
            <field name="currency_unit_label">Real</field>
            <field name="currency_subunit_label">Centavos</field>
        </record>

        <record id="CNY" model="res.currency">
            <field name="name">CNY</field>
            <field name="full_name">Chinese yuan</field>
            <field name="symbol">¥</field>
            <field name="rounding">0.01</field>
            <field name="active" eval="False"/>
            <field name="currency_unit_label">Yuan</field>
            <field name="currency_subunit_label">Fen</field>
            <field name="position">before</field>
        </record>

        <record id="COP" model="res.currency">
            <field name="name">COP</field>
            <field name="full_name">Colombian peso</field>
            <field name="symbol">$</field>
            <field name="rounding">0.01</field>
            <field name="active" eval="False"/>
            <field name="position">before</field>
            <field name="currency_unit_label">Peso</field>
            <field name="currency_subunit_label">Centavos</field>
        </record>

        <record id="CZK" model="res.currency">
            <field name="name">CZK</field>
            <field name="full_name">Czech koruna</field>
            <field name="symbol">Kč</field>
            <field name="rounding">0.01</field>
            <field name="active" eval="False"/>
            <field name="currency_unit_label">Koruna</field>
            <field name="currency_subunit_label">Halers</field>
        </record>

        <record id="DKK" model="res.currency">
            <field name="name">DKK</field>
            <field name="full_name">Danish krone</field>
            <field name="symbol">kr</field>
            <field name="rounding">0.01</field>
            <field name="position">before</field>
            <field name="active" eval="False"/>
            <field name="currency_unit_label">Krone</field>
            <field name="currency_subunit_label">Ore</field>
        </record>

        <record id="HUF" model="res.currency">
            <field name="name">HUF</field>
            <field name="full_name">Hungarian forint</field>
            <field name="symbol">Ft</field>
            <field name="rounding">0.01</field>
            <field name="active" eval="False"/>
            <field name="currency_unit_label">Forint</field>
            <field name="currency_subunit_label">Filler</field>
        </record>

        <record id="IDR" model="res.currency">
            <field name="name">IDR</field>
            <field name="full_name">Indonesian rupiah</field>
            <field name="symbol">Rp</field>
            <field name="rounding">0.01</field>
            <field name="position">before</field>
            <field name="active" eval="False"/>
            <field name="currency_unit_label">Rupiah</field>
            <field name="currency_subunit_label">Sen</field>
        </record>

        <record id="LVL" model="res.currency">
            <field name="name">LVL</field>
            <field name="full_name">Latvian lats</field>
            <field name="symbol">Ls</field>
            <field name="rounding">0.01</field>
            <field name="active" eval="False"/>
            <field name="currency_unit_label">Lats</field>
            <field name="currency_subunit_label">Santims</field>
        </record>

        <record id="NOK" model="res.currency">
            <field name="name">NOK</field>
            <field name="full_name">Norwegian krone</field>
            <field name="symbol">kr</field>
            <field name="rounding">0.01</field>
            <field name="position">before</field>
            <field name="active" eval="False"/>
            <field name="currency_unit_label">Krone</field>
            <field name="currency_subunit_label">Ore</field>
        </record>

        <record id="XPF" model="res.currency">
            <field name="name">XPF</field>
            <field name="full_name">CFP franc</field>
            <field name="symbol">XPF</field>
            <field name="rounding">1.00</field>
            <field name="active" eval="False"/>
            <field name="currency_unit_label">Franc</field>
            <field name="currency_subunit_label">Centimes</field>
        </record>

        <record id="PAB" model="res.currency">
            <field name="name">PAB</field>
            <field name="full_name">Panamanian balboa</field>
            <field name="symbol">B/.</field>
            <field name="rounding">0.01</field>
            <field name="active" eval="False"/>
            <field name="currency_unit_label">Balboa</field>
            <field name="currency_subunit_label">Centesimo</field>
        </record>

        <record id="PLN" model="res.currency">
            <field name="name">PLN</field>
            <field name="full_name">Polish złoty</field>
            <field name="symbol">zł</field>
            <field name="rounding">0.01</field>
            <field name="active" eval="False"/>
            <field name="currency_unit_label">Zloty</field>
            <field name="currency_subunit_label">Groszy</field>
        </record>

        <record id="SEK" model="res.currency">
            <field name="name">SEK</field>
            <field name="full_name">Swedish krona</field>
            <field name="symbol">kr</field>
            <field name="rounding">0.01</field>
            <field name="active" eval="False"/>
            <field name="currency_unit_label">Krona</field>
            <field name="currency_subunit_label">Ore</field>
        </record>

        <record id="ARS" model="res.currency">
            <field name="name">ARS</field>
            <field name="full_name">Argentine peso</field>
            <field name="symbol">$</field>
            <field name="rounding">0.01</field>
            <field name="position">before</field>
            <field name="active" eval="False"/>
            <field name="currency_unit_label">Peso</field>
            <field name="currency_subunit_label">Centavos</field>
        </record>

        <record id="INR" model="res.currency">
            <field name="name">INR</field>
            <field name="full_name">Indian rupee</field>
            <field name="symbol">₹</field>
            <field name="rounding">0.01</field>
            <field name="position">before</field>
            <field name="active" eval="False"/>
            <field name="currency_unit_label">Rupees</field>
            <field name="currency_subunit_label">Paise</field>
        </record>

        <record id="AUD" model="res.currency">
            <field name="name">AUD</field>
            <field name="full_name">Australian dollar</field>
            <field name="symbol">$</field>
            <field name="position">before</field>
            <field name="rounding">0.01</field>
            <field name="active" eval="False"/>
            <field name="currency_unit_label">Dollars</field>
            <field name="currency_subunit_label">Cents</field>
        </record>

        <record id="UAH" model="res.currency">
            <field name="name">UAH</field>
            <field name="full_name">Ukraine Hryvnia</field>
            <field name="symbol">₴</field>
            <field name="rounding">0.01</field>
            <field name="active" eval="False"/>
            <field name="currency_unit_label">Hryvnia</field>
            <field name="currency_subunit_label">Kopiyka</field>
        </record>

        <record id="VND" model="res.currency">
            <field name="name">VND</field>
            <field name="full_name">Vietnamese đồng</field>
            <field name="symbol">₫</field>
            <field name="rounding">1.00</field>
            <field name="active" eval="False"/>
            <field name="currency_unit_label">Dong</field>
            <field name="currency_subunit_label">Xu</field>
        </record>

        <record id="HKD" model="res.currency">
            <field name="name">HKD</field>
            <field name="full_name">Hong Kong dollar</field>
            <field name="symbol">$</field>
            <field name="position">before</field>
            <field name="rounding">0.01</field>
            <field name="active" eval="False"/>
            <field name="currency_unit_label">Dollars</field>
            <field name="currency_subunit_label">Cents</field>
        </record>

        <record id="JPY" model="res.currency">
            <field name="name">JPY</field>
            <field name="full_name">Japanese yen</field>
            <field name="symbol">¥</field>
            <field name="rounding">1.00</field>
            <field name="active" eval="False"/>
            <field name="position">before</field>
            <field name="currency_unit_label">Yen</field>
            <field name="currency_subunit_label">Cen</field>
        </record>

        <record id="BGN" model="res.currency">
            <field name="name">BGN</field>
            <field name="full_name">Bulgarian lev</field>
            <field name="symbol">лв</field>
            <field name="rounding">0.01</field>
            <field name="active" eval="False"/>
            <field name="currency_unit_label">Lev</field>
            <field name="currency_subunit_label">Stotinki</field>
        </record>

        <record id="LTL" model="res.currency">
            <field name="name">LTL</field>
            <field name="full_name">Lithuanian litas</field>
            <field name="symbol">Lt</field>
            <field name="rounding">0.01</field>
            <field name="active" eval="False"/>
            <field name="currency_unit_label">Litas</field>
            <field name="currency_subunit_label">Centas</field>
        </record>

        <record id="RON" model="res.currency">
            <field name="name">RON</field>
            <field name="full_name">Romanian leu</field>
            <field name="symbol">lei</field>
            <field name="rounding">0.01</field>
            <field name="active" eval="False"/>
            <field name="currency_unit_label">Leu</field>
            <field name="currency_subunit_label">Bani</field>
        </record>

        <record id="HRK" model="res.currency">
            <field name="name">HRK</field>
            <field name="full_name">Croatian kuna</field>
            <field name="symbol">kn</field>
            <field name="rounding">0.01</field>
            <field name="active" eval="False"/>
            <field name="currency_unit_label">Kuna</field>
            <field name="currency_subunit_label">Lipa</field>
        </record>

        <record id="RUB" model="res.currency">
            <field name="name">RUB</field>
            <field name="full_name">Russian ruble</field>
            <field name="symbol">руб</field>
            <field name="rounding">0.01</field>
            <field name="active" eval="False"/>
            <field name="currency_unit_label">Ruble</field>
            <field name="currency_subunit_label">Kopek</field>
        </record>

        <record id="TRY" model="res.currency">
            <field name="name">TRY</field>
            <field name="full_name">Turkish lira</field>
            <field name="symbol">₺</field>
            <field name="rounding">0.01</field>
            <field name="active" eval="False"/>
            <field name="currency_unit_label">Lira</field>
            <field name="currency_subunit_label">Kurus</field>
        </record>

        <record id="KRW" model="res.currency">
            <field name="name">KRW</field>
            <field name="full_name">South Korean won</field>
            <field name="symbol">₩</field>
            <field name="rounding">1</field>
            <field name="active" eval="False"/>
            <field name="position">before</field>
            <field name="currency_unit_label">Won</field>
            <field name="currency_subunit_label">Chon</field>
        </record>

        <record id="MXN" model="res.currency">
            <field name="name">MXN</field>
            <field name="full_name">Mexican peso</field>
            <field name="symbol">$</field>
            <field name="rounding">0.01</field>
            <field name="active" eval="False"/>
            <field name="position">before</field>
            <field name="currency_unit_label">Pesos</field>
            <field name="currency_subunit_label">Centavos</field>
        </record>

        <record id="MYR" model="res.currency">
            <field name="name">MYR</field>
            <field name="full_name">Malaysian ringgit</field>
            <field name="symbol">RM</field>
            <field name="rounding">0.01</field>
            <field name="active" eval="False"/>
            <field name="position">before</field>
            <field name="currency_unit_label">Ringgit</field>
            <field name="currency_subunit_label">Sen</field>
        </record>

        <record id="NZD" model="res.currency">
            <field name="name">NZD</field>
            <field name="full_name">New Zealand dollar</field>
            <field name="symbol">$</field>
            <field name="position">before</field>
            <field name="rounding">0.01</field>
            <field name="active" eval="False"/>
            <field name="currency_unit_label">Dollars</field>
            <field name="currency_subunit_label">Cents</field>
        </record>

        <record id="PHP" model="res.currency">
            <field name="name">PHP</field>
            <field name="full_name">Philippine peso</field>
            <field name="symbol">₱</field>
            <field name="rounding">0.01</field>
            <field name="active" eval="False"/>
            <field name="currency_unit_label">Peso</field>
            <field name="currency_subunit_label">Centavos</field>
        </record>

        <record id="SGD" model="res.currency">
            <field name="name">SGD</field>
            <field name="full_name">Singapore dollar</field>
            <field name="symbol">S$</field>
            <field name="rounding">0.01</field>
            <field name="active" eval="False"/>
            <field name="position">before</field>
            <field name="currency_unit_label">Dollars</field>
            <field name="currency_subunit_label">Cents</field>
        </record>

        <record id="ZAR" model="res.currency">
            <field name="name">ZAR</field>
            <field name="full_name">South African rand</field>
            <field name="symbol">R</field>
            <field name="rounding">0.01</field>
            <field name="position">before</field>
            <field name="active" eval="False"/>
            <field name="currency_unit_label">Rand</field>
            <field name="currency_subunit_label">Cents</field>
        </record>

        <record id="CRC" model="res.currency">
            <field name="name">CRC</field>
            <field name="full_name">Costa Rican colón</field>
            <field name="rounding">0.01</field>
            <field name="symbol">₡</field>
            <field name="position">before</field>
            <field name="active" eval="False"/>
            <field name="currency_unit_label">Colon</field>
            <field name="currency_subunit_label">Centimos</field>
        </record>

        <record id="MUR" model="res.currency">
            <field name="name">MUR</field>
            <field name="full_name">Mauritian rupee</field>
            <field name="symbol">Rs</field>
            <field name="rounding">0.01</field>
            <field name="active" eval="False"/>
            <field name="currency_unit_label">Rupee</field>
            <field name="currency_subunit_label">Cents</field>
        </record>

        <record id="XOF" model="res.currency">
            <field name="name">XOF</field>
            <field name="full_name">CFA franc BCEAO</field>
            <field name="symbol">CFA</field>
            <field name="rounding">1</field>
            <field name="active" eval="False"/>
            <field name="currency_unit_label">Franc</field>
            <field name="currency_subunit_label">Centimes</field>
        </record>

        <record id="XAF" model="res.currency">
            <field name="name">XAF</field>
            <field name="full_name">CFA franc BEAC</field>
            <field name="symbol">FCFA</field>
            <field name="rounding">1</field>
            <field name="active" eval="False"/>
            <field name="currency_unit_label">Franc</field>
            <field name="currency_subunit_label">Centimes</field>
        </record>

        <record id="UGX" model="res.currency">
            <field name="name">UGX</field>
            <field name="full_name">Ugandan shilling</field>
            <field name="symbol">USh</field>
            <field name="rounding">1</field>
            <field name="active" eval="False"/>
            <field name="currency_unit_label">Shilling</field>
            <field name="currency_subunit_label">Cents</field>
        </record>

        <record id="HNL" model="res.currency">
            <field name="name">HNL</field>
            <field name="full_name">Honduran lempira</field>
            <field name="symbol">L</field>
            <field name="rounding">0.01</field>
            <field name="active" eval="False"/>
            <field name="position">before</field>
            <field name="currency_unit_label">Lempiras</field>
            <field name="currency_subunit_label">Centavos</field>
        </record>

        <record id="CLP" model="res.currency">
            <field name="name">CLP</field>
            <field name="full_name">Chilean peso</field>
            <field name="symbol">$</field>
            <field name="rounding">1</field>
            <field name="active" eval="False"/>
            <field name="position">before</field>
            <field name="currency_unit_label">Peso</field>
            <field name="currency_subunit_label">Centavos</field>
        </record>

        <record id="UYU" model="res.currency">
            <field name="name">UYU</field>
            <field name="full_name">Uruguayan peso</field>
            <field name="symbol">$</field>
            <field name="rounding">0.01</field>
            <field name="active" eval="False"/>
            <field name="currency_unit_label">Peso</field>
            <field name="currency_subunit_label">Centesimos</field>
        </record>

        <record id="AFN" model="res.currency">
            <field name="name">AFN</field>
            <field name="full_name">Afghan afghani</field>
            <field name="symbol">Afs</field>
            <field name="rounding">0.01</field>
            <field name="active" eval="False"/>
            <field name="currency_unit_label">Afghani</field>
            <field name="currency_subunit_label">Puls</field>
        </record>

        <record id="AOA" model="res.currency">
            <field name="name">AOA</field>
            <field name="full_name">Angolan kwanza</field>
            <field name="symbol">Kz</field>
            <field name="rounding">0.01</field>
            <field name="active" eval="False"/>
            <field name="currency_unit_label">Kwanza</field>
            <field name="currency_subunit_label">Centimos</field>
        </record>

        <record id="XCD" model="res.currency">
            <field name="name">XCD</field>
            <field name="full_name">East Caribbean dollar</field>
            <field name="symbol">$</field>
            <field name="rounding">0.01</field>
            <field name="active" eval="False"/>
            <field name="currency_unit_label">Dollars</field>
            <field name="currency_subunit_label">Cents</field>
        </record>

        <record id="AMD" model="res.currency">
            <field name="name">AMD</field>
            <field name="full_name">Armenian dram</field>
            <field name="symbol">դր.</field>
            <field name="rounding">0.01</field>
            <field name="active" eval="False"/>
            <field name="currency_unit_label">Dram</field>
            <field name="currency_subunit_label">Luma</field>
        </record>

        <record id="AWG" model="res.currency">
            <field name="name">AWG</field>
            <field name="full_name">Aruban florin</field>
            <field name="symbol">Afl.</field>
            <field name="rounding">0.01</field>
            <field name="active" eval="False"/>
            <field name="currency_unit_label">Guilder</field>
            <field name="currency_subunit_label">Cents</field>
        </record>

        <record id="AZN" model="res.currency">
            <field name="name">AZN</field>
            <field name="full_name">Azerbaijani manat</field>
            <field name="symbol">m</field>
            <field name="rounding">0.01</field>
            <field name="active" eval="False"/>
            <field name="currency_unit_label">Manat</field>
            <field name="currency_subunit_label">Qapik</field>
        </record>

        <record id="BSD" model="res.currency">
            <field name="name">BSD</field>
            <field name="full_name">Bahamian dollar</field>
            <field name="symbol">B$</field>
            <field name="rounding">0.01</field>
            <field name="active" eval="False"/>
            <field name="currency_unit_label">Dollars</field>
            <field name="currency_subunit_label">Cents</field>
        </record>

        <record id="BHD" model="res.currency">
            <field name="name">BHD</field>
            <field name="full_name">Bahraini dinar</field>
            <field name="symbol">BD</field>
            <field name="rounding">0.001</field>
            <field name="active" eval="False"/>
            <field name="currency_unit_label">Dinar</field>
            <field name="currency_subunit_label">Fils</field>
        </record>

        <record id="BDT" model="res.currency">
            <field name="name">BDT</field>
            <field name="full_name">Bangladeshi taka</field>
            <field name="symbol">৳</field>
            <field name="rounding">0.01</field>
            <field name="active" eval="False"/>
            <field name="currency_unit_label">Taka</field>
            <field name="currency_subunit_label">Paisa</field>
        </record>

        <record id="BBD" model="res.currency">
            <field name="name">BBD</field>
            <field name="full_name">Barbados dollar</field>
            <field name="symbol">Bds$</field>
            <field name="rounding">0.01</field>
            <field name="active" eval="False"/>
            <field name="currency_unit_label">Dollars</field>
            <field name="currency_subunit_label">Cents</field>
        </record>

        <record id="BYR" model="res.currency">
            <field name="name">BYR</field>
            <field name="full_name">Belarusian ruble</field>
            <field name="symbol">BR</field>
            <field name="rounding">1</field>
            <field name="active" eval="False"/>
            <field name="currency_unit_label">Ruble BYR</field>
            <field name="currency_subunit_label">Kapeyka</field>
        </record>

        <record id="BYN" model="res.currency">
            <field name="name">BYN</field>
            <field name="full_name">Belarusian ruble</field>
            <field name="symbol">Br</field>
            <field name="rounding">0.01</field>
            <field name="active" eval="False"/>
            <field name="currency_unit_label">Rubles</field>
            <field name="currency_subunit_label">Kopeks</field>            
        </record>

        <record id="BZD" model="res.currency">
            <field name="name">BZD</field>
            <field name="full_name">Belize dollar</field>
            <field name="symbol">BZ$</field>
            <field name="rounding">0.01</field>
            <field name="active" eval="False"/>
            <field name="currency_unit_label">Dollars</field>
            <field name="currency_subunit_label">Cents</field>
        </record>

        <record id="BMD" model="res.currency">
            <field name="name">BMD</field>
            <field name="full_name">Bermudian dollar</field>
            <field name="symbol">BD$</field>
            <field name="rounding">0.01</field>
            <field name="active" eval="False"/>
            <field name="currency_unit_label">Dollars</field>
            <field name="currency_subunit_label">Cents</field>
        </record>

        <record id="BTN" model="res.currency">
            <field name="name">BTN</field>
            <field name="full_name">Bhutanese ngultrum</field>
            <field name="symbol">Nu.</field>
            <field name="rounding">0.01</field>
            <field name="active" eval="False"/>
            <field name="currency_unit_label">Ngultrum</field>
            <field name="currency_subunit_label">Chhertum</field>
        </record>

        <record id="BOB" model="res.currency">
            <field name="name">BOB</field>
            <field name="full_name">Boliviano</field>
            <field name="symbol">Bs.</field>
            <field name="rounding">0.01</field>
            <field name="active" eval="False"/>
            <field name="currency_unit_label">Boliviano</field>
            <field name="currency_subunit_label">Centavos</field>
        </record>

        <record id="BAM" model="res.currency">
            <field name="name">BAM</field>
            <field name="full_name">Bosnia and Herzegovina convertible mark</field>
            <field name="symbol">KM</field>
            <field name="rounding">0.01</field>
            <field name="active" eval="False"/>
            <field name="currency_unit_label">Mark</field>
            <field name="currency_subunit_label">Fening</field>
        </record>

        <record id="BWP" model="res.currency">
            <field name="name">BWP</field>
            <field name="full_name">Botswana pula</field>
            <field name="symbol">P</field>
            <field name="rounding">0.01</field>
            <field name="active" eval="False"/>
            <field name="currency_unit_label">Pula</field>
            <field name="currency_subunit_label">Thebe</field>
        </record>

        <record id="BIF" model="res.currency">
            <field name="name">BIF</field>
            <field name="full_name">Burundian franc</field>
            <field name="symbol">FBu</field>
            <field name="rounding">1</field>
            <field name="active" eval="False"/>
            <field name="currency_unit_label">Franc</field>
            <field name="currency_subunit_label">Centime</field>
        </record>

        <record id="KHR" model="res.currency">
            <field name="name">KHR</field>
            <field name="full_name">Cambodian riel</field>
            <field name="symbol">៛</field>
            <field name="rounding">0.01</field>
            <field name="active" eval="False"/>
            <field name="currency_unit_label">Riel</field>
            <field name="currency_subunit_label">Sen</field>
        </record>

        <record id="KYD" model="res.currency">
            <field name="name">KYD</field>
            <field name="full_name">Cayman Islands dollar</field>
            <field name="symbol">$</field>
            <field name="rounding">0.01</field>
            <field name="active" eval="False"/>
            <field name="currency_unit_label">Dollars</field>
            <field name="currency_subunit_label">Cents</field>
        </record>

        <record id="KMF" model="res.currency">
            <field name="name">KMF</field>
            <field name="full_name">Comorian franc</field>
            <field name="symbol">CF</field>
            <field name="rounding">1</field>
            <field name="active" eval="False"/>
            <field name="currency_unit_label">Franc</field>
            <field name="currency_subunit_label">Centime</field>
        </record>

        <record id="CDF" model="res.currency">
            <field name="name">CDF</field>
            <field name="full_name">Congolese franc</field>
            <field name="symbol">Fr</field>
            <field name="rounding">0.01</field>
            <field name="active" eval="False"/>
            <field name="currency_unit_label">Franc</field>
            <field name="currency_subunit_label">Centime</field>
        </record>

        <record id="CUP" model="res.currency">
            <field name="name">CUP</field>
            <field name="full_name">Cuban peso</field>
            <field name="symbol">$</field>
            <field name="rounding">0.01</field>
            <field name="active" eval="False"/>
            <field name="currency_unit_label">Peso</field>
            <field name="currency_subunit_label">Centavos</field>
        </record>

        <record id="ANG" model="res.currency">
            <field name="name">ANG</field>
            <field name="full_name">Netherlands Antillean guilder</field>
            <field name="symbol">ƒ</field>
            <field name="rounding">0.01</field>
            <field name="active" eval="False"/>
            <field name="currency_unit_label">Guilder</field>
            <field name="currency_subunit_label">Cents</field>
            <field name="position">before</field>
        </record>

        <record id="DJF" model="res.currency">
            <field name="name">DJF</field>
            <field name="full_name">Djiboutian franc</field>
            <field name="symbol">Fdj</field>
            <field name="rounding">1</field>
            <field name="active" eval="False"/>
            <field name="currency_unit_label">Franc</field>
            <field name="currency_subunit_label">Centime</field>
        </record>

        <record id="DOP" model="res.currency">
            <field name="name">DOP</field>
            <field name="full_name">Dominican peso</field>
            <field name="symbol">RD$</field>
            <field name="rounding">0.01</field>
            <field name="active" eval="False"/>
            <field name="currency_unit_label">Pesos</field>
            <field name="currency_subunit_label">Centavos</field>
            <field name="position">before</field>
        </record>

        <record id="EGP" model="res.currency">
            <field name="name">EGP</field>
            <field name="full_name">Egyptian pound</field>
            <field name="symbol">E£</field>
            <field name="rounding">0.01</field>
            <field name="active" eval="False"/>
            <field name="currency_unit_label">Pound</field>
            <field name="currency_subunit_label">Piastres</field>
        </record>

        <record id="SVC" model="res.currency">
            <field name="name">SVC</field>
            <field name="full_name">Salvadoran Colon</field>
            <field name="symbol">¢</field>
            <field name="rounding">0.01</field>
            <field name="active" eval="False"/>
            <field name="currency_unit_label">Colones</field>
            <field name="currency_subunit_label">Centavo</field>
        </record>

        <record id="ERN" model="res.currency">
            <field name="name">ERN</field>
            <field name="full_name">Eritrean nakfa</field>
            <field name="symbol">Nfk</field>
            <field name="rounding">0.01</field>
            <field name="active" eval="False"/>
            <field name="currency_unit_label">Nakfa</field>
            <field name="currency_subunit_label">Cents</field>
        </record>

        <record id="ETB" model="res.currency">
            <field name="name">ETB</field>
            <field name="full_name">Ethiopian birr</field>
            <field name="symbol">Br</field>
            <field name="rounding">0.01</field>
            <field name="active" eval="False"/>
            <field name="currency_unit_label">Birr</field>
            <field name="currency_subunit_label">Cents</field>
        </record>

        <record id="FKP" model="res.currency">
            <field name="name">FKP</field>
            <field name="full_name">Falkland Islands pound</field>
            <field name="symbol">£</field>
            <field name="rounding">0.01</field>
            <field name="active" eval="False"/>
            <field name="currency_unit_label">Pound</field>
            <field name="currency_subunit_label">Penny</field>
        </record>

        <record id="FJD" model="res.currency">
            <field name="name">FJD</field>
            <field name="full_name">Fiji dollar</field>
            <field name="symbol">FJ$</field>
            <field name="rounding">0.01</field>
            <field name="active" eval="False"/>
            <field name="currency_unit_label">Dollars</field>
            <field name="currency_subunit_label">Cents</field>
        </record>

        <record id="GEL" model="res.currency">
            <field name="name">GEL</field>
            <field name="full_name">Georgian lari</field>
            <field name="symbol">ლ</field>
            <field name="rounding">0.01</field>
            <field name="active" eval="False"/>
            <field name="currency_unit_label">Lari</field>
            <field name="currency_subunit_label">Tetri</field>
        </record>

        <record id="GIP" model="res.currency">
            <field name="name">GIP</field>
            <field name="full_name">Gibraltar pound</field>
            <field name="symbol">£</field>
            <field name="rounding">0.01</field>
            <field name="active" eval="False"/>
            <field name="currency_unit_label">Pound</field>
            <field name="currency_subunit_label">Penny</field>
        </record>

        <record id="GNF" model="res.currency">
            <field name="name">GNF</field>
            <field name="full_name">Guinean franc</field>
            <field name="symbol">FG</field>
            <field name="rounding">1</field>
            <field name="active" eval="False"/>
            <field name="currency_unit_label">Franc</field>
            <field name="currency_subunit_label">Centime</field>
        </record>

        <record id="GYD" model="res.currency">
            <field name="name">GYD</field>
            <field name="full_name">Guyanese dollar</field>
            <field name="symbol">$</field>
            <field name="rounding">0.01</field>
            <field name="active" eval="False"/>
            <field name="currency_unit_label">Dollars</field>
            <field name="currency_subunit_label">Cents</field>
        </record>

        <record id="HTG" model="res.currency">
            <field name="name">HTG</field>
            <field name="full_name">Haitian gourde</field>
            <field name="symbol">G</field>
            <field name="rounding">0.01</field>
            <field name="active" eval="False"/>
            <field name="currency_unit_label">Gourde</field>
            <field name="currency_subunit_label">Centime</field>
        </record>

        <record id="ISK" model="res.currency">
            <field name="name">ISK</field>
            <field name="full_name">Icelandic króna</field>
            <field name="symbol">kr</field>
            <field name="rounding">1</field>
            <field name="active" eval="False"/>
            <field name="currency_unit_label">Krona</field>
            <field name="currency_subunit_label">Aurar</field>
        </record>

        <record id="IRR" model="res.currency">
            <field name="name">IRR</field>
            <field name="full_name">Iranian rial</field>
            <field name="symbol">﷼</field>
            <field name="rounding">0.01</field>
            <field name="active" eval="False"/>
            <field name="currency_unit_label">Dinar</field>
            <field name="currency_subunit_label">Fils</field>
        </record>

        <record id="IQD" model="res.currency">
            <field name="name">IQD</field>
            <field name="full_name">Iraqi dinar</field>
            <field name="symbol"> ع.د</field>
            <field name="rounding">0.001</field>
            <field name="active" eval="False"/>
            <field name="currency_unit_label">Dinar</field>
            <field name="currency_subunit_label">Fils</field>
        </record>

        <record id="ILS" model="res.currency">
            <field name="name">ILS</field>
            <field name="full_name">Israeli new shekel</field>
            <field name="symbol">₪</field>
            <field name="position">before</field>
            <field name="rounding">0.01</field>
            <field name="active" eval="False"/>
            <field name="currency_unit_label">Shekel</field>
            <field name="currency_subunit_label">Agorot</field>
        </record>

        <record id="JMD" model="res.currency">
            <field name="name">JMD</field>
            <field name="full_name">Jamaican dollar</field>
            <field name="symbol">$</field>
            <field name="rounding">0.01</field>
            <field name="active" eval="False"/>
            <field name="currency_unit_label">Dollars</field>
            <field name="currency_subunit_label">Cents</field>
        </record>

        <record id="JOD" model="res.currency">
            <field name="name">JOD</field>
            <field name="full_name">Jordanian dinar</field>
            <field name="symbol"> د.ا </field>
            <field name="rounding">0.001</field>
            <field name="active" eval="False"/>
            <field name="currency_unit_label">Dinar</field>
            <field name="currency_subunit_label">Fils</field>
        </record>

        <record id="KZT" model="res.currency">
            <field name="name">KZT</field>
            <field name="full_name">Kazakhstani tenge</field>
            <field name="symbol">лв</field>
            <field name="rounding">0.01</field>
            <field name="active" eval="False"/>
            <field name="currency_unit_label">Tenge</field>
            <field name="currency_subunit_label">Tiin</field>
        </record>

        <record id="KES" model="res.currency">
            <field name="name">KES</field>
            <field name="full_name">Kenyan shilling</field>
            <field name="symbol">KSh</field>
            <field name="rounding">0.01</field>
            <field name="active" eval="False"/>
            <field name="currency_unit_label">Shilling</field>
            <field name="currency_subunit_label">Cents</field>
        </record>

        <record id="KWD" model="res.currency">
            <field name="name">KWD</field>
            <field name="full_name">Kuwaiti dinar</field>
            <field name="symbol"> د.ك </field>
            <field name="rounding">0.001</field>
            <field name="active" eval="False"/>
            <field name="currency_unit_label">Dinar</field>
            <field name="currency_subunit_label">Fils</field>
        </record>

        <record id="KGS" model="res.currency">
            <field name="name">KGS</field>
            <field name="full_name">Kyrgyzstani som</field>
            <field name="symbol">лв</field>
            <field name="rounding">0.01</field>
            <field name="active" eval="False"/>
            <field name="currency_unit_label">Som</field>
            <field name="currency_subunit_label">Tyiyn</field>
        </record>

        <record id="LAK" model="res.currency">
            <field name="name">LAK</field>
            <field name="full_name">Lao kip</field>
            <field name="symbol">₭</field>
            <field name="rounding">0.01</field>
            <field name="active" eval="False"/>
            <field name="currency_unit_label">Kip</field>
            <field name="currency_subunit_label">Att</field>
        </record>

        <record id="LBP" model="res.currency">
            <field name="name">LBP</field>
            <field name="full_name">Lebanese pound</field>
            <field name="symbol">ل.ل</field>
            <field name="rounding">0.01</field>
            <field name="active" eval="False"/>
            <field name="currency_unit_label">Pound</field>
            <field name="currency_subunit_label">Piastres</field>
        </record>

        <record id="LSL" model="res.currency">
            <field name="name">LSL</field>
            <field name="full_name">Lesotho loti</field>
            <field name="symbol">M</field>
            <field name="rounding">0.01</field>
            <field name="active" eval="False"/>
            <field name="currency_unit_label">Loti</field>
            <field name="currency_subunit_label">Sente</field>
        </record>

        <record id="LRD" model="res.currency">
            <field name="name">LRD</field>
            <field name="full_name">Liberian dollar</field>
            <field name="symbol">L$</field>
            <field name="rounding">0.01</field>
            <field name="active" eval="False"/>
            <field name="currency_unit_label">Dollars</field>
            <field name="currency_subunit_label">Cents</field>
        </record>

        <record id="LYD" model="res.currency">
            <field name="name">LYD</field>
            <field name="full_name">Libyan dinar</field>
            <field name="symbol"> ل.د </field>
            <field name="rounding">0.001</field>
            <field name="active" eval="False"/>
            <field name="currency_unit_label">Dinar</field>
            <field name="currency_subunit_label">Dirham</field>
        </record>

        <record id="MOP" model="res.currency">
            <field name="name">MOP</field>
            <field name="full_name">Macanese pataca</field>
            <field name="symbol">MOP$</field>
            <field name="rounding">0.01</field>
            <field name="active" eval="False"/>
            <field name="currency_unit_label">Pataca</field>
            <field name="currency_subunit_label">Sin</field>
        </record>

        <record id="MKD" model="res.currency">
            <field name="name">MKD</field>
            <field name="full_name">Macedonian denar</field>
            <field name="symbol">ден</field>
            <field name="rounding">0.01</field>
            <field name="active" eval="False"/>
            <field name="currency_unit_label">Denar</field>
            <field name="currency_subunit_label">Deni</field>
        </record>

        <record id="MGA" model="res.currency">
            <field name="name">MGA</field>
            <field name="full_name">Malagasy ariary</field>
            <field name="symbol">Ar</field>
            <field name="rounding">0.01</field>
            <field name="active" eval="False"/>
            <field name="currency_unit_label">Ariary</field>
            <field name="currency_subunit_label">Iraimbilanja</field>
        </record>

        <record id="MWK" model="res.currency">
            <field name="name">MWK</field>
            <field name="full_name">Malawian kwacha</field>
            <field name="symbol">MK</field>
            <field name="rounding">0.01</field>
            <field name="active" eval="False"/>
            <field name="currency_unit_label">Kwacha</field>
            <field name="currency_subunit_label">Tambala</field>
        </record>

        <record id="MVR" model="res.currency">
            <field name="name">MVR</field>
            <field name="full_name">Maldivian rufiyaa</field>
            <field name="symbol">.ރ</field>
            <field name="rounding">0.01</field>
            <field name="active" eval="False"/>
            <field name="currency_unit_label">Rufiyaa</field>
            <field name="currency_subunit_label">Laari</field>
        </record>

        <record id="MRO" model="res.currency">
            <field name="name">MRO</field>
            <field name="full_name">Mauritanian ouguiya (old)</field>
            <field name="symbol">UM</field>
            <field name="rounding">0.01</field>
            <field name="active" eval="False"/>
            <field name="currency_unit_label">Ouguiya</field>
            <field name="currency_subunit_label">Khoums</field>
        </record>

        <record id="MRU" model="res.currency">
            <field name="name">MRU</field>
            <field name="full_name">Mauritanian ouguiya</field>
            <field name="symbol">UM</field>
            <field name="rounding">0.01</field>
            <field name="active" eval="False"/>
            <field name="currency_unit_label">Ouguiya</field>
            <field name="currency_subunit_label">Khoums</field>
        </record>

        <record id="MDL" model="res.currency">
            <field name="name">MDL</field>
            <field name="full_name">Moldovan leu</field>
            <field name="symbol">L</field>
            <field name="rounding">0.01</field>
            <field name="active" eval="False"/>
            <field name="currency_unit_label">Leu</field>
            <field name="currency_subunit_label">Ban</field>
        </record>

        <record id="MNT" model="res.currency">
            <field name="name">MNT</field>
            <field name="full_name">Mongolian tögrög</field>
            <field name="symbol">₮</field>
            <field name="rounding">0.01</field>
            <field name="active" eval="False"/>
            <field name="currency_unit_label">Tugrik</field>
            <field name="currency_subunit_label">Mongo</field>
        </record>

        <record id="MAD" model="res.currency">
            <field name="name">MAD</field>
            <field name="full_name">Moroccan dirham</field>
            <field name="symbol">DH</field>
            <field name="rounding">0.01</field>
            <field name="active" eval="False"/>
            <field name="currency_unit_label">Dirham</field>
            <field name="currency_subunit_label">Centimes</field>
        </record>

        <record id="BND" model="res.currency">
            <field name="name">BND</field>
            <field name="full_name">Brunei dollar</field>
            <field name="symbol">$</field>
            <field name="rounding">0.01</field>
            <field name="active" eval="False"/>
            <field name="currency_unit_label">Dollars</field>
            <field name="currency_subunit_label">Cents</field>
        </record>

        <record id="DZD" model="res.currency">
            <field name="name">DZD</field>
            <field name="full_name">Algerian dinar</field>
            <field name="symbol">DA</field>
            <field name="rounding">0.01</field>
            <field name="active" eval="False"/>
            <field name="currency_unit_label">Dinar</field>
            <field name="currency_subunit_label">Centimes</field>
        </record>

        <record id="GHS" model="res.currency">
            <field name="name">GHS</field>
            <field name="full_name">Ghanaian cedi</field>
            <field name="symbol">GH¢</field>
            <field name="rounding">0.01</field>
            <field name="active" eval="False"/>
            <field name="currency_unit_label">Cedi</field>
            <field name="currency_subunit_label">Pesewas</field>
        </record>

        <record id="GMD" model="res.currency">
            <field name="name">GMD</field>
            <field name="full_name">Gambian dalasi</field>
            <field name="symbol">D</field>
            <field name="rounding">0.01</field>
            <field name="active" eval="False"/>
            <field name="currency_unit_label">Dalasi</field>
            <field name="currency_subunit_label">Butut</field>
        </record>

        <record id="MZN" model="res.currency">
            <field name="name">MZN</field>
            <field name="full_name">Mozambican metical</field>
            <field name="symbol">MT</field>
            <field name="rounding">0.01</field>
            <field name="active" eval="False"/>
            <field name="currency_unit_label">Metical</field>
            <field name="currency_subunit_label">Centavo</field>
        </record>

        <record id="MMK" model="res.currency">
            <field name="name">MMK</field>
            <field name="full_name">Myanmar kyat</field>
            <field name="symbol">K</field>
            <field name="rounding">0.01</field>
            <field name="active" eval="False"/>
            <field name="currency_unit_label">Kyat</field>
            <field name="currency_subunit_label">Pya</field>
        </record>

        <record id="NAD" model="res.currency">
            <field name="name">NAD</field>
            <field name="full_name">Namibian dollar</field>
            <field name="symbol">$</field>
            <field name="rounding">0.01</field>
            <field name="active" eval="False"/>
            <field name="currency_unit_label">Dollars</field>
            <field name="currency_subunit_label">Cents</field>
        </record>

        <record id="NPR" model="res.currency">
            <field name="name">NPR</field>
            <field name="full_name">Nepalese rupee</field>
            <field name="symbol">₨</field>
            <field name="rounding">0.01</field>
            <field name="active" eval="False"/>
            <field name="currency_unit_label">Rupee</field>
            <field name="currency_subunit_label">Paisa</field>
        </record>

        <record id="ALL" model="res.currency">
            <field name="name">ALL</field>
            <field name="full_name">Albanian lek</field>
            <field name="symbol">L</field>
            <field name="rounding">0.01</field>
            <field name="active" eval="False"/>
            <field name="currency_unit_label">Lek</field>
            <field name="currency_subunit_label">Qindarke</field>
        </record>

        <record id="NIO" model="res.currency">
            <field name="name">NIO</field>
            <field name="full_name">Nicaraguan córdoba</field>
            <field name="symbol">C$</field>
            <field name="rounding">0.01</field>
            <field name="active" eval="False"/>
            <field name="currency_unit_label">Cordoba</field>
            <field name="currency_subunit_label">Centavos</field>
        </record>

        <record id="NGN" model="res.currency">
            <field name="name">NGN</field>
            <field name="full_name">Nigerian naira</field>
            <field name="symbol">₦</field>
            <field name="rounding">0.01</field>
            <field name="active" eval="False"/>
            <field name="currency_unit_label">Naira</field>
            <field name="currency_subunit_label">Kobo</field>
        </record>

        <record id="KPW" model="res.currency">
            <field name="name">KPW</field>
            <field name="full_name">North Korean won</field>
            <field name="symbol">₩</field>
            <field name="rounding">0.01</field>
            <field name="active" eval="False"/>
            <field name="currency_unit_label">Won</field>
            <field name="currency_subunit_label">Chon</field>
        </record>

        <record id="ZWL" model="res.currency">
            <field name="name">ZWL</field>
            <field name="full_name">Zimbabwean dollar</field>
            <field name="symbol">Z$</field>
            <field name="rounding">0.01</field>
            <field name="active" eval="False"/>
            <field name="currency_unit_label">Dollars</field>
            <field name="currency_subunit_label">Cents</field>
        </record>

        <record id="ZMW" model="res.currency">
            <field name="name">ZMW</field>
            <field name="full_name">Zambian kwacha</field>
            <field name="symbol">ZK</field>
            <field name="rounding">0.01</field>
            <field name="active" eval="False"/>
            <field name="currency_unit_label">Kwacha</field>
            <field name="currency_subunit_label">Ngwee</field>
        </record>

        <record id="YER" model="res.currency">
            <field name="name">YER</field>
            <field name="full_name">Yemeni rial</field>
            <field name="symbol">﷼</field>
            <field name="rounding">0.01</field>
            <field name="active" eval="False"/>
            <field name="currency_unit_label">Rial</field>
            <field name="currency_subunit_label">Fils</field>
        </record>

        <record id="EUR" model="res.currency">
            <field name="name">EUR</field>
            <field name="full_name">Euro</field>
            <field name="symbol">€</field>
            <field name="rounding">0.01</field>
            <field name="active" eval="False"/>
            <field name="currency_unit_label">Euros</field>
            <field name="currency_subunit_label">Cents</field>
        </record>

        <record id="VUV" model="res.currency">
            <field name="name">VUV</field>
            <field name="full_name">Vanuatu vatu</field>
            <field name="symbol">VT</field>
            <field name="rounding">1</field>
            <field name="active" eval="False"/>
            <field name="currency_unit_label">Vatu</field>
        </record>

        <record id="UZS" model="res.currency">
            <field name="name">UZS</field>
            <field name="full_name">Uzbekistan som</field>
            <field name="symbol">лв</field>
            <field name="rounding">0.01</field>
            <field name="active" eval="False"/>
            <field name="currency_unit_label">Som</field>
            <field name="currency_subunit_label">Tiyin</field>
        </record>

        <record id="AED" model="res.currency">
            <field name="name">AED</field>
            <field name="full_name">United Arab Emirates dirham</field>
            <field name="symbol">د.إ</field>
            <field name="rounding">0.01</field>
            <field name="active" eval="False"/>
            <field name="currency_unit_label">Dirham</field>
            <field name="currency_subunit_label">Fils</field>
        </record>

        <record id="TMT" model="res.currency">
            <field name="name">TMT</field>
            <field name="full_name">Turkmenistan manat</field>
            <field name="symbol">T</field>
            <field name="rounding">0.01</field>
            <field name="active" eval="False"/>
            <field name="currency_unit_label">Manat</field>
            <field name="currency_subunit_label">Tenge</field>
        </record>

        <record id="TND" model="res.currency">
            <field name="name">TND</field>
            <field name="full_name">Tunisian dinar</field>
            <field name="symbol">DT</field>
            <field name="rounding">0.001</field>
            <field name="active" eval="False"/>
            <field name="currency_unit_label">Dinar</field>
            <field name="currency_subunit_label">Millimes</field>
        </record>

        <record id="TTD" model="res.currency">
            <field name="name">TTD</field>
            <field name="full_name">Trinidad and Tobago dollar</field>
            <field name="symbol">$</field>
            <field name="rounding">0.01</field>
            <field name="active" eval="False"/>
            <field name="currency_unit_label">Dollars</field>
            <field name="currency_subunit_label">Cents</field>
        </record>

        <record id="TOP" model="res.currency">
            <field name="name">TOP</field>
            <field name="full_name">Tongan paʻanga</field>
            <field name="symbol">T$</field>
            <field name="rounding">0.01</field>
            <field name="active" eval="False"/>
            <field name="currency_unit_label">Paanga</field>
            <field name="currency_subunit_label">Seniti</field>
        </record>

        <record id="THB" model="res.currency">
            <field name="name">THB</field>
            <field name="full_name">Thai baht</field>
            <field name="symbol">฿</field>
            <field name="rounding">0.01</field>
            <field name="active" eval="False"/>
            <field name="currency_unit_label">Baht</field>
            <field name="currency_subunit_label">Satang</field>
        </record>

        <record id="TZS" model="res.currency">
            <field name="name">TZS</field>
            <field name="full_name">Tanzanian shilling</field>
            <field name="symbol">TSh</field>
            <field name="rounding">0.01</field>
            <field name="active" eval="False"/>
            <field name="currency_unit_label">Shilling</field>
            <field name="currency_subunit_label">Senti</field>
        </record>

        <record id="TJS" model="res.currency">
            <field name="name">TJS</field>
            <field name="full_name">Tajikistani somoni</field>
            <field name="symbol">TJS</field>
            <field name="rounding">0.01</field>
            <field name="active" eval="False"/>
            <field name="currency_unit_label">Somoni</field>
            <field name="currency_subunit_label">Diram</field>
        </record>

        <record id="TWD" model="res.currency">
            <field name="name">TWD</field>
            <field name="full_name">New Taiwan dollar</field>
            <field name="symbol">NT$</field>
            <field name="rounding">1.00</field>
            <field name="active" eval="False"/>
            <field name="currency_unit_label">Dollars</field>
            <field name="currency_subunit_label">Cents</field>
        </record>

        <record id="SYP" model="res.currency">
            <field name="name">SYP</field>
            <field name="full_name">Syrian pound</field>
            <field name="symbol">£</field>
            <field name="rounding">0.01</field>
            <field name="active" eval="False"/>
            <field name="currency_unit_label">Pound</field>
            <field name="currency_subunit_label">Piastrp</field>
        </record>

        <record id="SZL" model="res.currency">
            <field name="name">SZL</field>
            <field name="full_name">Swazi lilangeni</field>
            <field name="symbol">E</field>
            <field name="rounding">0.01</field>
            <field name="active" eval="False"/>
            <field name="currency_unit_label">Lilangeni</field>
            <field name="currency_subunit_label">Cents</field>
        </record>

        <record id="SRD" model="res.currency">
            <field name="name">SRD</field>
            <field name="full_name">Surinamese dollar</field>
            <field name="symbol">$</field>
            <field name="rounding">0.01</field>
            <field name="active" eval="False"/>
            <field name="currency_unit_label">Dollars</field>
            <field name="currency_subunit_label">Cents</field>
        </record>

        <record id="SDG" model="res.currency">
            <field name="name">SDG</field>
            <field name="full_name">Sudanese pound</field>
            <field name="symbol">ج.س.</field>
            <field name="rounding">0.01</field>
            <field name="active" eval="False"/>
        </record>

        <record id="LKR" model="res.currency">
            <field name="name">LKR</field>
            <field name="full_name">Sri Lankan rupee</field>
            <field name="symbol">Rs</field>
            <field name="rounding">0.01</field>
            <field name="active" eval="False"/>
            <field name="currency_unit_label">Rupee</field>
            <field name="currency_subunit_label">Cents</field>
        </record>

        <record id="SSP" model="res.currency">
            <field name="name">SSP</field>
            <field name="full_name">South Sudanese pound</field>
            <field name="symbol">£</field>
            <field name="rounding">0.01</field>
            <field name="active" eval="False"/>
            <field name="currency_unit_label">Pounds</field>
            <field name="currency_subunit_label">Piasters</field>
        </record>

        <record id="GBP" model="res.currency">
            <field name="name">GBP</field>
            <field name="full_name">Pound sterling</field>
            <field name="symbol">£</field>
            <field name="rounding">0.01</field>
            <field name="position">before</field>
            <field name="active" eval="False"/>
            <field name="currency_unit_label">Sterling</field>
            <field name="currency_subunit_label">Penny</field>
        </record>

        <record id="SOS" model="res.currency">
            <field name="name">SOS</field>
            <field name="full_name">Somali shilling</field>
            <field name="symbol">Sh.</field>
            <field name="rounding">0.01</field>
            <field name="active" eval="False"/>
            <field name="currency_unit_label">Shillings</field>
            <field name="currency_subunit_label">Senti</field>
        </record>

        <record id="SBD" model="res.currency">
            <field name="name">SBD</field>
            <field name="full_name">Solomon Islands dollar</field>
            <field name="symbol">SI$</field>
            <field name="rounding">0.01</field>
            <field name="active" eval="False"/>
            <field name="currency_unit_label">Dollars</field>
            <field name="currency_subunit_label">Cents</field>
        </record>

        <record id="SLL" model="res.currency">
            <field name="name">SLL</field>
            <field name="full_name">Sierra Leonean leone</field>
            <field name="symbol">Le</field>
            <field name="rounding">0.01</field>
            <field name="active" eval="False"/>
            <field name="currency_unit_label">Leone</field>
            <field name="currency_subunit_label">Cents</field>
        </record>

        <record id="SCR" model="res.currency">
            <field name="name">SCR</field>
            <field name="full_name">Seychellois rupee</field>
            <field name="symbol">SR</field>
            <field name="rounding">0.01</field>
            <field name="active" eval="False"/>
            <field name="currency_unit_label">Rupee</field>
            <field name="currency_subunit_label">Cents</field>
        </record>

        <record id="RSD" model="res.currency">
            <field name="name">RSD</field>
            <field name="full_name">Serbian dinar</field>
            <field name="symbol">din.</field>
            <field name="rounding">0.01</field>
            <field name="active" eval="False"/>
            <field name="currency_unit_label">Dinar</field>
            <field name="currency_subunit_label">Para</field>
        </record>

        <record id="SAR" model="res.currency">
            <field name="name">SAR</field>
            <field name="full_name">Saudi riyal</field>
            <field name="symbol">SR</field>
            <field name="rounding">0.01</field>
            <field name="active" eval="False"/>
            <field name="currency_unit_label">Riyal</field>
            <field name="currency_subunit_label">Halala</field>
        </record>

        <record id="STD" model="res.currency">
            <field name="name">STD</field>
            <field name="full_name">São Tomé and Príncipe dobra</field>
            <field name="symbol">Db</field>
            <field name="rounding">0.01</field>
            <field name="active" eval="False"/>
            <field name="currency_unit_label">Dobra</field>
            <field name="currency_subunit_label">Centimo</field>
        </record>

        <record id="WST" model="res.currency">
            <field name="name">WST</field>
            <field name="full_name">Samoan tālā</field>
            <field name="symbol">WS$</field>
            <field name="rounding">0.01</field>
            <field name="active" eval="False"/>
            <field name="currency_unit_label">Tala</field>
            <field name="currency_subunit_label">Sene</field>
        </record>

        <record id="SHP" model="res.currency">
            <field name="name">SHP</field>
            <field name="full_name">Saint Helena pound</field>
            <field name="symbol">£</field>
            <field name="rounding">0.01</field>
            <field name="active" eval="False"/>
            <field name="currency_unit_label">Pound</field>
            <field name="currency_subunit_label">Penny</field>
        </record>

        <record id="RWF" model="res.currency">
            <field name="name">RWF</field>
            <field name="full_name">Rwandan franc</field>
            <field name="symbol">RF</field>
            <field name="rounding">1</field>
            <field name="active" eval="False"/>
            <field name="currency_unit_label">Franc</field>
            <field name="currency_subunit_label">Santime</field>
        </record>

        <record id="QAR" model="res.currency">
            <field name="name">QAR</field>
            <field name="full_name">Qatari riyal</field>
            <field name="symbol">QR</field>
            <field name="rounding">0.01</field>
            <field name="active" eval="False"/>
            <field name="currency_unit_label">Rial</field>
            <field name="currency_subunit_label">Dirham</field>
        </record>

        <record id="PEN" model="res.currency">
            <field name="name">PEN</field>
            <field name="full_name">Peruvian sol</field>
            <field name="symbol">S/</field>
            <field name="rounding">0.01</field>
            <field name="active" eval="False"/>
            <field name="position">before</field>
            <field name="currency_unit_label">Soles</field>
            <field name="currency_subunit_label">Centimos</field>
        </record>

        <record id="PYG" model="res.currency">
            <field name="name">PYG</field>
            <field name="full_name">Paraguayan guaraní</field>
            <field name="symbol">₲</field>
            <field name="rounding">1</field>
            <field name="active" eval="False"/>
            <field name="currency_unit_label">Guarani</field>
            <field name="currency_subunit_label">Centimos</field>
        </record>

        <record id="PGK" model="res.currency">
            <field name="name">PGK</field>
            <field name="full_name">Papua New Guinean kina</field>
            <field name="symbol">K</field>
            <field name="rounding">0.01</field>
            <field name="active" eval="False"/>
            <field name="currency_unit_label">Kina</field>
            <field name="currency_subunit_label">Toea</field>
        </record>

        <record id="PKR" model="res.currency">
            <field name="name">PKR</field>
            <field name="full_name">Pakistani rupee</field>
            <field name="symbol">Rs.</field>
            <field name="rounding">0.01</field>
            <field name="active" eval="False"/>
            <field name="currency_unit_label">Rupee</field>
            <field name="currency_subunit_label">Paisa</field>
        </record>

        <record id="OMR" model="res.currency">
            <field name="name">OMR</field>
            <field name="full_name">Omani rial</field>
            <field name="symbol">ر.ع.</field>
            <field name="rounding">0.001</field>
            <field name="active" eval="False"/>
            <field name="currency_unit_label">Rial</field>
            <field name="currency_subunit_label">Baisa</field>
        </record>

        <record id="CVE" model="res.currency">
            <field name="name">CVE</field>
            <field name="full_name">Cape Verdean escudo</field>
            <field name="symbol">$</field>
            <field name="rounding">0.01</field>
            <field name="active" eval="False"/>
            <field name="currency_unit_label">Escudo</field>
            <field name="currency_subunit_label">Centavo</field>
        </record>

        <record id="COU" model="res.currency">
            <field name="name">COU</field>
            <field name="full_name">Unidad de Valor Real</field>
            <field name="symbol">$</field>
            <field name="rounding">0.01</field>
            <field name="active" eval="False"/>
            <field name="position">before</field>
            <field name="currency_unit_label">Peso</field>
            <field name="currency_subunit_label">centavo</field>
        </record>

        <record id="CLF" model="res.currency">
            <field name="name">CLF</field>
            <field name="full_name">Unidad de Fomento</field>
            <field name="symbol">$</field>
            <field name="rounding">0.0001</field>
            <field name="active" eval="False"/>
            <field name="position">before</field>
            <field name="currency_unit_label">Peso</field>
            <field name="currency_subunit_label">Centavos</field>
        </record>

        <record id="CUC" model="res.currency">
            <field name="name">CUC</field>
            <field name="full_name">Cuban convertible peso</field>
            <field name="symbol">$</field>
            <field name="rounding">0.01</field>
            <field name="active" eval="False"/>
            <field name="currency_unit_label">Cuban convertible peso</field>
        </record>

        <record id="GTQ" model="res.currency">
            <field name="name">GTQ</field>
            <field name="full_name">Guatemalan Quetzal</field>
            <field name="symbol">Q</field>
            <field name="rounding">0.01</field>
            <field name="active" eval="False"/>
            <field name="currency_unit_label">Quetzales</field>
            <field name="currency_subunit_label">Centavo</field>
        </record>

        <record id="VES" model="res.currency">
            <field name="name">VES</field>
            <field name="full_name">Venezuelan bolívar soberano</field>
            <field name="symbol">Bs</field>
            <field name="rounding">0.01</field>
            <field name="active" eval="False"/>
        </record>

        <record id="UYW" model="res.currency">
            <field name="name">UYW</field>
            <field name="full_name">Unidad previsional</field>
            <field name="symbol">$</field>
            <field name="rounding">0.0001</field>
            <field name="active" eval="False"/>
            <field name="currency_unit_label">peso</field>
            <field name="currency_subunit_label">centésimo</field>
        </record>

        <record id="UYI" model="res.currency">
            <field name="name">UYI</field>
            <field name="full_name">Uruguay Peso en Unidades Indexadas</field>
            <field name="symbol">$</field>
            <field name="rounding">1</field>
            <field name="active" eval="False"/>
            <field name="currency_unit_label">Peso</field>
            <field name="currency_subunit_label">centésimo</field>
        </record>

        <record id="STN" model="res.currency">
            <field name="name">STN</field>
            <field name="full_name">São Tomé and Príncipe dobra</field>
            <field name="symbol">Db</field>
            <field name="rounding">0.01</field>
            <field name="active" eval="False"/>
            <field name="currency_unit_label">Dobra</field>
            <field name="currency_subunit_label">cêntimo</field>
        </record>

    </data>
</odoo>
