id,name,model_id:id,group_id:id,perm_read,perm_write,perm_create,perm_unlink
access_product_product_public,product.product.public,product.model_product_product,,1,0,0,0
access_product_template_public,product.template.public,product.model_product_template,,1,0,0,0
access_product_category_public,product.category.public,product.model_product_category,,1,0,0,0
access_product_tag_public,product.tag.public,product.model_product_tag,,1,0,0,0
access_product_category_pos_manager,product.public.category manager,model_product_public_category,sales_team.group_sale_manager,1,1,1,1
access_product_public_category_public,product.category.public,model_product_public_category,,1,0,0,0
access_product_pricelist_public,product.pricelist.public,product.model_product_pricelist,,1,0,0,0
access_product_pricelist_item_public,product.pricelist.item.public,product.model_product_pricelist_item,,1,0,0,0
access_product_ribbon_public,product.ribbon.public,website_sale.model_product_ribbon,,1,0,0,0
access_product_ribbon_sale_manager,product.ribbon.sale_manager,website_sale.model_product_ribbon,sales_team.group_sale_manager,1,1,1,1
access_product_attribute_public,product.attribute public,product.model_product_attribute,,1,0,0,0
access_product_attribute_value_public,product.attribute value public,product.model_product_attribute_value,,1,0,0,0
access_product_product_attribute,product.template.attribute value public,product.model_product_template_attribute_value,,1,0,0,0
access_product_product_attribute_custom_value,product.attribute.custom value,sale.model_product_attribute_custom_value,,1,0,0,0
access_product_template_attribute_exclusion,product.template.attribute exclusion public,product.model_product_template_attribute_exclusion,,1,0,0,0
access_product_template_attribute_line_public,product.template.attribute line public,product.model_product_template_attribute_line,,1,0,0,0
access_fiscal_position_public,fiscal position public,account.model_account_fiscal_position,base.group_portal,1,0,0,0
access_payment_term,payment term public,account.model_account_payment_term,base.group_portal,1,0,0,0
access_account_tax_user,account.tax,account.model_account_tax,base.group_public,1,0,0,0
access_product_image_public,product.image public,model_product_image,,1,0,0,0
access_product_image_restricted_editor,product.image wbesite restricted_editor,model_product_image,website.group_website_restricted_editor,1,1,1,1
access_product_image_sale,product.image sale,model_product_image,sales_team.group_sale_manager,1,1,1,1
access_ecom_extra_fields_public,access_ecom_extra_field public,model_website_sale_extra_field,,1,0,0,0
access_ecom_extra_fields_restricted_editor,access_ecom_extra_field restricted_editor,model_website_sale_extra_field,website.group_website_restricted_editor,1,1,1,1
access_website_base_unit_public,website.base.unit public,model_website_base_unit,,1,0,0,0
access_website_base_unit_sale_manager,website.base.unit sale manager,model_website_base_unit,sales_team.group_sale_manager,1,1,1,1
