<?xml version="1.0" encoding="UTF-8"?>
<templates xml:space="preserve">
    <t t-inherit="mail.ThreadNeedactionPreview" t-inherit-mode="extension">
        <xpath expr="//*[hasclass('o_ThreadNeedactionPreview_messageBody')]" position="replace">
            <t t-if="threadNeedactionPreviewView.isRating">
                <span class="o_ThreadNeedactionPreview_ratingText">Rating:</span>
                <img class="o_ThreadNeedactionPreview_ratingImage ms-2" t-att-src="threadNeedactionPreviewView.thread.lastNeedactionMessageAsOriginThread.rating.ratingImageUrl" t-att-alt="threadNeedactionPreviewView.thread.lastNeedactionMessageAsOriginThread.rating.ratingText"/>
            </t>
            <t t-else="">$0</t>
        </xpath>
    </t>
</templates>
