id,name,model_id:id,group_id:id,perm_read,perm_write,perm_create,perm_unlink
access_fetchmail_server,fetchmail.server,model_fetchmail_server,base.group_system,1,1,1,1
access_mail_message_all,mail.message.all,model_mail_message,,1,0,0,0
access_mail_message_portal,mail.message.portal,model_mail_message,base.group_portal,1,1,1,1
access_mail_message_user,mail.message.user,model_mail_message,base.group_user,1,1,1,1
access_mail_message_scheduled_all,mail.message.scheduled.all,model_mail_message_schedule,,0,0,0,0
access_mail_message_scheduled_system,mail.message.scheduled.system,model_mail_message_schedule,base.group_system,1,1,1,1
access_mail_mail_all,mail.mail.all,model_mail_mail,,0,0,0,0
access_mail_mail_portal,mail.mail.portal,model_mail_mail,base.group_portal,0,0,0,0
access_mail_mail_user,mail.mail.user,model_mail_mail,base.group_user,0,0,0,0
access_mail_mail_system,mail.mail.system,model_mail_mail,base.group_system,1,1,1,1
access_mail_followers_all,mail.followers.all,model_mail_followers,,0,0,0,0
access_mail_followers_user,mail.followers.user,model_mail_followers,base.group_user,1,0,0,0
access_mail_followers_system,mail.followers.system,model_mail_followers,base.group_system,1,1,1,1
access_mail_notification_portal,mail.notification.portal,model_mail_notification,base.group_portal,1,0,0,0
access_mail_notification_user,mail.notification.user,model_mail_notification,base.group_user,1,1,1,0
access_mail_notification_system, mail.notification.system,model_mail_notification,base.group_system,1,1,1,1
access_mail_channel_all,mail.group.all,model_mail_channel,,1,0,0,0
access_mail_channel_user,mail.group.user,model_mail_channel,base.group_user,1,1,1,0
access_mail_channel_admin,mail.group.system,model_mail_channel,base.group_system,1,1,1,1
access_mail_channel_member_public,mail.channel.member.public,model_mail_channel_member,base.group_public,1,0,0,0
access_mail_channel_member_portal,mail.channel.member.portal,model_mail_channel_member,base.group_portal,1,1,1,1
access_mail_channel_member_user,mail.channel.member.user,model_mail_channel_member,base.group_user,1,1,1,1
access_mail_channel_rtc_session_all,mail.channel.rtc.session.all,model_mail_channel_rtc_session,,0,0,0,0
access_mail_channel_rtc_session_system,mail.channel.rtc.session.system,model_mail_channel_rtc_session,base.group_system,1,1,1,1
access_mail_alias_all,mail.alias.all,model_mail_alias,,1,0,0,0
access_mail_alias_user,mail.alias.user,model_mail_alias,base.group_user,1,0,0,0
access_mail_alias_system,mail.alias.system,model_mail_alias,base.group_system,1,1,1,1
access_mail_gateway_allowed_system,mail.gateway.allowed.system,model_mail_gateway_allowed,base.group_system,1,1,1,1
access_mail_message_reaction_all,mail.message.reaction.all,model_mail_message_reaction,,0,0,0,0
access_mail_message_reaction_system,mail.message.reaction.system,model_mail_message_reaction,base.group_system,1,1,1,1
access_mail_message_subtype_all,mail.message.subtype.all,model_mail_message_subtype,,1,0,0,0
access_mail_message_subtype_user,mail.message.subtype.user,model_mail_message_subtype,base.group_user,1,1,1,1
access_mail_tracking_value_all,mail.tracking.value.all,model_mail_tracking_value,,0,0,0,0
access_mail_tracking_value_portal,mail.tracking.value.portal,model_mail_tracking_value,base.group_portal,0,0,0,0
access_mail_tracking_value_user,mail.tracking.value.user,model_mail_tracking_value,base.group_user,0,0,0,0
access_mail_tracking_value_system,mail.tracking.value.system,model_mail_tracking_value,base.group_system,1,1,1,1
access_publisher_warranty_contract_all,publisher.warranty.contract.all,model_publisher_warranty_contract,,1,1,1,1
access_mail_template,mail.template,model_mail_template,base.group_user,1,1,1,1
access_mail_template_editor,mail.template_editor,model_mail_template,mail.group_mail_template_editor,1,1,1,1
access_mail_template_system,mail.template_system,model_mail_template,base.group_system,1,1,1,1
access_mail_shortcode,mail.shortcode,model_mail_shortcode,base.group_user,1,1,1,1
access_mail_shortcode_portal,mail.shortcode.portal,model_mail_shortcode,base.group_portal,1,0,0,0
access_mail_activity_all,mail.activity.all,model_mail_activity,,0,0,0,0
access_mail_activity_user,mail.activity.user,model_mail_activity,base.group_user,1,1,1,1
access_mail_activity_type_all,mail.activity.type.all,model_mail_activity_type,,0,0,0,0
access_mail_activity_type_user,mail.activity.type.user,model_mail_activity_type,base.group_user,1,0,0,0
access_mail_activity_type_system,mail.activity.type.system,model_mail_activity_type,base.group_system,1,1,1,1
access_mail_blacklist_system,access_mail_blacklist_system,model_mail_blacklist,base.group_system,1,1,1,1
access_mail_wizard_invite,access.mail.wizard.invite,model_mail_wizard_invite,base.group_user,1,1,1,0
access_mail_compose_message,access.mail.compose.message,model_mail_compose_message,base.group_user,1,1,1,0
access_mail_compose_message_portal,access.mail.compose.message.portal,model_mail_compose_message,base.group_portal,1,1,1,0
access_mail_resend_message,access.mail.resend.message,model_mail_resend_message,base.group_user,1,1,1,0
access_mail_resend_partner,access.mail.resend.partner,model_mail_resend_partner,base.group_user,1,1,1,0
access_mail_template_preview,access.mail.template.preview,model_mail_template_preview,base.group_user,1,1,1,0
access_mail_blacklist_remove_system,acesss.mail.blacklist.remove.system,model_mail_blacklist_remove,base.group_system,1,1,1,1
access_mail_guest_all,mail.guest,model_mail_guest,,0,0,0,0
access_mail_guest_user,mail.guest,model_mail_guest,base.group_user,1,0,0,0
access_mail_guest_system,mail.guest,model_mail_guest,base.group_system,1,1,1,1
access_mail_ice_server_all,mail.ice.server.all,model_mail_ice_server,,0,0,0,0
access_mail_ice_server_system,mail.ice.server.system,model_mail_ice_server,base.group_system,1,1,1,1
access_res_users_settings_all,res.users.settings,model_res_users_settings,,0,0,0,0
access_res_users_settings_user,res.users.settings,model_res_users_settings,base.group_user,1,1,1,1
access_res_users_settings_volumes_all,res.users.settings.volumes,model_res_users_settings_volumes,,0,0,0,0
access_res_users_settings_volumes_user,res.users.settings.volumes,model_res_users_settings_volumes,base.group_user,1,1,1,1
access_mail_template_reset,access.mail.template.reset,model_mail_template_reset,mail.group_mail_template_editor,1,1,1,1
ir_actions_report_access_user,ir.actions.report.access.user,base.model_ir_actions_report,base.group_user,1,0,0,0
access_mail_link_preview_admin,mail.link.preview.admin,model_mail_link_preview,base.group_erp_manager,1,1,1,1
