<?xml version="1.0" encoding="UTF-8"?>
<odoo noupdate="1">
    <record id="res_bank_siauliu" model="res.bank">
        <field name="name">AB Šiaulių bankas</field>
        <field name="bic">CBSBLT26</field>
        <field name="country" ref="base.lt"/>
        <field name="city">Šiauliai</field>
        <field name="street">Tilžės g.149</field>
        <field name="zip">LT-76348</field>
        <field name="phone">+370 4 1595607</field>
        <field name="email">info@sb.lt</field>
        <field name="active" eval="1"/>
    </record>
    <record id="res_bank_citadele" model="res.bank">
        <field name="name">AB "Citadele" bankas</field>
        <field name="bic">INDULT2X</field>
        <field name="country" ref="base.lt"/>
        <field name="city">Vilnius</field>
        <field name="street">K. Kalinausko g. 13</field>
        <field name="zip">LT-03107</field>
        <field name="phone">+370 5 2664600</field>
        <field name="email">info@citadele.lt</field>
        <field name="active" eval="1"/>
    </record>
    <record id="res_bank_danske" model="res.bank">
        <field name="name">Danske bank A/S Lietuvos filialas</field>
        <field name="bic">SMPOLT22</field>
        <field name="country" ref="base.lt"/>
        <field name="city">Vilnius</field>
        <field name="street">Saltoniškių g. 2</field>
        <field name="zip">LT-08500</field>
        <field name="phone">+370 5 215666</field>
        <field name="email">info@danskebank.lt</field>
        <field name="active" eval="1"/>
    </record>
    <record id="res_bank_luminor" model="res.bank">
        <field name="name">Luminor Bank AB</field>
        <field name="bic">AGBLLT2X</field>
        <field name="country" ref="base.lt"/>
        <field name="city">Vilnius</field>
        <field name="street">Konstitucijos pr. 21A</field>
        <field name="zip">LT-08130</field>
        <field name="phone">+370 5 2393444</field>
        <field name="email">info@luminor.lt</field>
        <field name="active" eval="1"/>
    </record>
    <record id="res_bank_paysera" model="res.bank">
        <field name="name">UAB "Paysera LT"</field>
        <field name="bic">EVIULT21</field>
        <field name="country" ref="base.lt"/>
        <field name="city">Vilnius</field>
        <field name="street">Mėnulio g. 7</field>
        <field name="zip">LT-04326</field>
        <field name="phone">+370 5 2071558</field>
        <field name="email">info@paysera.lt</field>
        <field name="active" eval="1"/>
    </record>
    <record id="res_bank_seb" model="res.bank">
        <field name="name">AB SEB bankas</field>
        <field name="bic">CBVILT2X</field>
        <field name="country" ref="base.lt"/>
        <field name="city">Vilnius</field>
        <field name="street">Gedimino pr. 12,</field>
        <field name="zip">LT-01103</field>
        <field name="phone">+370 5 2682800</field>
        <field name="email">info@seb.lt</field>
        <field name="active" eval="1"/>
    </record>
    <record id="res_bank_swedbank" model="res.bank">
        <field name="name">"Swedbank", AB</field>
        <field name="bic">HABALT22</field>
        <field name="country" ref="base.lt"/>
        <field name="city">Vilnius</field>
        <field name="street">Konstitucijos pr. 20A</field>
        <field name="zip">LT-03502</field>
        <field name="phone">+370 5 2684444</field>
        <field name="email">info@swedbak.lt</field>
        <field name="active" eval="1"/>
    </record>
    <record id="res_bank_medicinos" model="res.bank">
        <field name="name">UAB Medicinos bankas</field>
        <field name="bic">MDBALT22</field>
        <field name="country" ref="base.lt"/>
        <field name="city">Vilnius</field>
        <field name="street">Pamėnkalnio g. 40</field>
        <field name="zip">LT-01114</field>
        <field name="phone">+370 800 60700</field>
        <field name="email">info@medbank.lt</field>
    </record>
    <record id="res_bank_nordea" model="res.bank">
        <field name="name">Nordea Bank AB</field>
        <field name="bic">NDEALT2X</field>
        <field name="country" ref="base.lt"/>
        <field name="city">Vilnius</field>
        <field name="street">Didžioji g. 18</field>
        <field name="zip">LT-01128</field>
        <field name="phone">+370 5 2361361</field>
        <field name="email">info@nordea.lt</field>
        <field name="active" eval="1"/>
    </record>
</odoo>
