<?xml version="1.0" encoding="utf-8"?>
<odoo>
    <record id="partner_mx_transporte_operador" model="res.partner">
        <field name="name">Amigo Pedro</field>
        <field name="vat">VAAM130719H60</field>
        <field name="street">JESUS VALDES SANCHEZ</field>
        <field name="city">Arteaga</field>
        <field name="country_id" ref="base.mx"/>
        <field name="state_id" ref="base.state_mx_coah"/>
        <field name="zip">25350</field>
        <field name="phone">+52 223 123 4567</field>
        <field name="email">operador@company.mxexample.com</field>
        <field name="website">www.mxoperador.com</field>
        <field name="l10n_mx_edi_operator_licence">a234567890</field>
    </record>

    <record id="l10n_mx.partner_demo_company_mx" model="res.partner">
        <field name="vat">EKU9003173C9</field>
    </record>
</odoo>
