<?xml version="1.0" encoding="utf-8"?>
<!--Terms to translate for the outlook plugin -->
<ressources>
    <string>Log Email Into Lead</string>
    <string>Opportunities</string>
    <string>Opportunities (%(count)s)</string>
    <string>%(expected_revenue)s at %(probability)s%</string>
    <string>%(expected_revenue)s + %(recurring_revenue)s %(recurring_plan)s at %(probability)s%</string>
    <string>Save Contact to create new Opportunities.</string>
    <string>No opportunities found for this contact.</string>
    <string>The Contact needs to exist to create Opportunity.</string>
</ressources>
