<?xml version="1.0" encoding="utf-8"?>
<odoo>
    <data noupdate="1">
        <record id="tax_group_iva_0" model="account.tax.group">
            <field name="name">IVA 0%</field>
            <field name="country_id" ref="base.es"/>
        </record>
        <record id="tax_group_recargo_0" model="account.tax.group">
            <field name="name">Recargo de Equivalencia 0%</field>
            <field name="country_id" ref="base.es"/>
        </record>
        <record id="tax_group_recargo_0-5" model="account.tax.group">
            <field name="name">Recargo de Equivalencia 0.5%</field>
            <field name="country_id" ref="base.es"/>
        </record>
        <record id="tax_group_recargo_0-62" model="account.tax.group">
            <field name="name">Recargo de Equivalencia 0.62%</field>
            <field name="country_id" ref="base.es"/>
        </record>
        <record id="tax_group_retenciones_1" model="account.tax.group">
            <field name="name">Retenciones 1%</field>
            <field name="country_id" ref="base.es"/>
        </record>
        <record id="tax_group_recargo_1-4" model="account.tax.group">
            <field name="name">Recargo de Equivalencia 1.4%</field>
            <field name="country_id" ref="base.es"/>
        </record>
        <record id="tax_group_retenciones_2" model="account.tax.group">
            <field name="name">Retenciones 2%</field>
            <field name="country_id" ref="base.es"/>
        </record>
        <record id="tax_group_iva_4" model="account.tax.group">
            <field name="name">IVA 4%</field>
            <field name="country_id" ref="base.es"/>
        </record>
        <record id="tax_group_iva_5" model="account.tax.group">
            <field name="name">IVA 5%</field>
            <field name="country_id" ref="base.es"/>
        </record>
        <record id="tax_group_recargo_5-2" model="account.tax.group">
            <field name="name">Recargo de Equivalencia 5.2%</field>
            <field name="country_id" ref="base.es"/>
        </record>
        <record id="tax_group_retenciones_7" model="account.tax.group">
            <field name="name">Retenciones 7%</field>
            <field name="country_id" ref="base.es"/>
        </record>
        <record id="tax_group_retenciones_9" model="account.tax.group">
            <field name="name">Retenciones 9%</field>
            <field name="country_id" ref="base.es"/>
        </record>
        <record id="tax_group_iva_10" model="account.tax.group">
            <field name="name">IVA 10%</field>
            <field name="country_id" ref="base.es"/>
        </record>
        <record id="tax_group_iva_12" model="account.tax.group">
            <field name="name">IVA 12%</field>
            <field name="country_id" ref="base.es"/>
        </record>
        <record id="tax_group_retenciones_15" model="account.tax.group">
            <field name="name">Retenciones 15%</field>
            <field name="country_id" ref="base.es"/>
        </record>
        <record id="tax_group_retenciones_18" model="account.tax.group">
            <field name="name">Retenciones 18%</field>
            <field name="country_id" ref="base.es"/>
        </record>
        <record id="tax_group_retenciones_19" model="account.tax.group">
            <field name="name">Retenciones 19%</field>
            <field name="country_id" ref="base.es"/>
        </record>
        <record id="tax_group_retenciones_19-5" model="account.tax.group">
            <field name="name">Retenciones 19.5%</field>
            <field name="country_id" ref="base.es"/>
        </record>
        <record id="tax_group_retenciones_20" model="account.tax.group">
            <field name="name">Retenciones 20%</field>
            <field name="country_id" ref="base.es"/>
        </record>
        <record id="tax_group_iva_21" model="account.tax.group">
            <field name="name">IVA 21%</field>
            <field name="country_id" ref="base.es"/>
        </record>
        <record id="tax_group_retenciones_21" model="account.tax.group">
            <field name="name">Retenciones 21%</field>
            <field name="country_id" ref="base.es"/>
        </record>
        <record id="tax_group_retenciones_24" model="account.tax.group">
            <field name="name">Retenciones 24%</field>
            <field name="country_id" ref="base.es"/>
        </record>
        <record id="tax_group_iva_10-5" model="account.tax.group">
            <field name="name">IVA 10,5% REAGYP</field>
            <field name="country_id" ref="base.es"/>
        </record>
        <record id="tax_group_iva_nd" model="account.tax.group">
            <field name="name">IVA no deducible</field>
            <field name="country_id" ref="base.es"/>
        </record>
    </data>
</odoo>
