<?xml version="1.0" encoding="utf-8"?>
<odoo>
    <data>
        <record id="account_chart_template_common" model="account.chart.template">
            <field name="name">PGCE común</field>
            <field name="visible" eval="0"/>
            <field name="currency_id" ref="base.EUR"/>
            <field name="cash_account_code_prefix">570</field>
            <field name="bank_account_code_prefix">572</field>
            <field name="transfer_account_code_prefix">57299</field>
            <field name="country_id" ref="base.es"/>
        </record>

        <record id="account_chart_template_pymes" model="account.chart.template">
            <field name="name">PGCE PYMEs 2008</field>
            <field name="currency_id" ref="base.EUR"/>
            <field name="cash_account_code_prefix">570</field>
            <field name="bank_account_code_prefix">572</field>
            <field name="transfer_account_code_prefix">57299</field>
            <field name="parent_id" ref="account_chart_template_common"/>
            <field name="country_id" ref="base.es"/>
        </record>

        <record id="account_chart_template_assoc" model="account.chart.template">
        <field name="name">PGCE entidades sin ánimo de lucro 2008</field>
        <field name="currency_id" ref="base.EUR"/>
        <field name="cash_account_code_prefix">570</field>
        <field name="bank_account_code_prefix">572</field>
        <field name="transfer_account_code_prefix">57299</field>
        <field name="parent_id" ref="account_chart_template_common"/>
        <field name="country_id" ref="base.es"/>
    </record>

    <record id="account_chart_template_full" model="account.chart.template">
        <field name="name">PGCE completo 2008</field>
        <field name="currency_id" ref="base.EUR"/>
        <field name="cash_account_code_prefix">570</field>
        <field name="bank_account_code_prefix">572</field>
        <field name="transfer_account_code_prefix">57299</field>
        <field name="parent_id" ref="account_chart_template_common"/>
        <field name="country_id" ref="base.es"/>
    </record>
    </data>
</odoo>
