<?xml version="1.0" encoding="UTF-8"?>
<odoo>
    <t t-name="hr_skills.ResumeListRenderer" owl="1" t-inherit-mode="primary" t-inherit="hr_skills.SkillsListRenderer">
        <xpath expr="//table" position="attributes">
            <attribute name="t-attf-class" add="table-borderless" remove="table-striped" separator=" "/>
        </xpath>
        <xpath expr="//thead/tr" position="replace">
            <tr>
                <th style="width: 32px; min-width: 32px;"></th>
                <th class="w-100"></th>
                <th t-if="isEditable" class="o_list_actions_header" style="width: 32px; min-width: 32px"></th>
            </tr>
        </xpath>
    </t>

    <t t-name="hr_skills.ResumeListRenderer.Rows" owl="1" t-inherit-mode="primary" t-inherit="hr_skills.SkillsListRenderer.Rows">
        <xpath expr="//tr" position="attributes">
            <attribute name="class" add="o_resume_group_header" separator=" "/>
        </xpath>
        <xpath expr="//th[hasclass('o_group_name')]" position="after">
            <th></th>
        </xpath>
    </t>

    <t t-name="hr_skills.ResumeListRenderer.RecordRow" owl="1" t-inherit-mode="primary" t-inherit="web.ListRenderer.RecordRow">
        <xpath expr="//t[@t-foreach='getColumns(record)']" position="replace">
            <t t-set="data" t-value="record.data"/>
            <td class="o_resume_timeline_cell position-relative pe-lg-2">
                <div class="rounded-circle bg-info position-relative"/>
            </td>
            <td class="o_data_cell pt-0" t-on-click="(ev) => this.onCellClicked(record, null, ev)">
                <div class="o_resume_line" t-att-data-id="id">
                    <small class="o_resume_line_dates fw-bold">
                        <t t-esc="formatDate(data.date_start)"/> - <t t-if="data.date_end" t-esc="formatDate(data.date_end)"/><t t-else="">Current</t>
                    </small>
                    <h4 class="o_resume_line_title mt-2" t-esc="data.name"/>
                    <p t-if="data.description" class="o_resume_line_desc" t-esc="data.description"/>
                </div>
            </td>
        </xpath>
    </t>
</odoo>
