<?xml version="1.0" encoding="UTF-8"?>
<odoo>
    <t t-name="hr_skills.SkillsListRenderer" owl="1" t-inherit-mode="primary" t-inherit="web.ListRenderer">
        <xpath expr="//table" position="attributes">
            <attribute name="t-attf-class" add="mb-1 {{ !isEditable ? 'cursor-default' : '' }} o_skill_table" separator=" "/>
        </xpath>
        <xpath expr="//thead" position="attributes">
            <attribute name="style">visibility: collapse;</attribute>
        </xpath>
        <xpath expr="//table" position="after">
            <t t-if="!showTable">
                <button t-on-click="props.onAdd" class="btn btn-secondary ms-4 mt-3" role="button" t-if="isEditable">
                    Create a new entry
                </button>
            </t>
        </xpath>
    </t>

    <t t-name="hr_skills.SkillsListRenderer.Rows" owl="1">
        <t t-foreach="Object.entries(groupedList)" t-as="skill_group" t-key="skill_group[0]">
            <tr class="o_group_has_content o_group_header">
                <th tabindex="-1" class="o_group_name" t-att-colspan="colspan">
                    <div class="d-flex justify-content-between align-items-center">
                        <span t-esc="skill_group[1].name"/>
                        <button class="btn btn-secondary btn-sm"
                            t-if="isEditable"
                            t-on-click="() => props.onAdd({ context: { default_skill_type_id: skill_group[1].id }})"
                            role="button">ADD</button>
                    </div>
                </th>
            </tr>
            <t t-foreach="skill_group[1].list.records" t-as="record" t-key="record.id">
                <t t-set="group" t-value="skill_group[1]"/>
                <t t-call="{{ constructor.recordRowTemplate }}"/>
            </t>
        </t>
    </t>
</odoo>
