<?xml version="1.0" encoding="utf-8"?>
<templates>

<t t-name="web_studio.StudioClientAction" owl="1">
    <div class="o_studio">
        <StudioNavbar />

        <StudioHomeMenu t-if="studio.mode === studio.MODES.HOME_MENU" apps="homeMenuProps.apps" />
        <ComponentAdapter t-elif="studio.mode === studio.MODES.APP_CREATOR"
            Component="AppCreatorWrapper"
            props="{ onNewAppCreated: (result) => this.onNewAppCreated(result) }"
        />
        <Editor t-elif="studio.mode === studio.MODES.EDITOR" />
    </div>
</t>

</templates>
