<?xml version="1.0" encoding="utf-8"?>
<odoo>
    <data noupdate="1">
        <!-- Exempt taxpayer -->
        <record id="fiscal_position_hu_exempt_tax_F27" model="account.fiscal.position.tax.template">
            <field name="position_id" ref="fiscal_position_hu_exempt"/>
            <field name="tax_src_id" ref="F27"/>
            <field name="tax_dest_id" ref="FA"/>
        </record>

        <record id="fiscal_position_hu_exempt_tax_F18" model="account.fiscal.position.tax.template">
            <field name="position_id" ref="fiscal_position_hu_exempt"/>
            <field name="tax_src_id" ref="F18"/>
            <field name="tax_dest_id" ref="FA"/>
        </record>

        <record id="fiscal_position_hu_exempt_tax_F5" model="account.fiscal.position.tax.template">
            <field name="position_id" ref="fiscal_position_hu_exempt"/>
            <field name="tax_src_id" ref="F5"/>
            <field name="tax_dest_id" ref="FA"/>
        </record>

        <record id="fiscal_position_hu_exempt_tax_V27" model="account.fiscal.position.tax.template">
            <field name="position_id" ref="fiscal_position_hu_exempt"/>
            <field name="tax_src_id" ref="V27"/>
            <field name="tax_dest_id" ref="VA"/>
        </record>

        <record id="fiscal_position_hu_exempt_tax_V27TE" model="account.fiscal.position.tax.template">
            <field name="position_id" ref="fiscal_position_hu_exempt"/>
            <field name="tax_src_id" ref="V27TE"/>
            <field name="tax_dest_id" ref="VA"/>
        </record>

        <record id="fiscal_position_hu_exempt_tax_V18" model="account.fiscal.position.tax.template">
            <field name="position_id" ref="fiscal_position_hu_exempt"/>
            <field name="tax_src_id" ref="V18"/>
            <field name="tax_dest_id" ref="VA"/>
        </record>

        <record id="fiscal_position_hu_exempt_tax_V5" model="account.fiscal.position.tax.template">
            <field name="position_id" ref="fiscal_position_hu_exempt"/>
            <field name="tax_src_id" ref="V5"/>
            <field name="tax_dest_id" ref="VA"/>
        </record>
        <!-- Exempt taxpayer [END] -->

        <!-- EU partner -->
        <record id="fiscal_position_hu_eu_F27" model="account.fiscal.position.tax.template">
            <field name="position_id" ref="fiscal_position_hu_eu"/>
            <field name="tax_src_id" ref="F27"/>
            <field name="tax_dest_id" ref="FEUT"/>
        </record>

        <record id="fiscal_position_hu_eu_F18" model="account.fiscal.position.tax.template">
            <field name="position_id" ref="fiscal_position_hu_eu"/>
            <field name="tax_src_id" ref="F18"/>
            <field name="tax_dest_id" ref="FEUT"/>
        </record>

        <record id="fiscal_position_hu_eu_F5" model="account.fiscal.position.tax.template">
            <field name="position_id" ref="fiscal_position_hu_eu"/>
            <field name="tax_src_id" ref="F5"/>
            <field name="tax_dest_id" ref="FEUT"/>
        </record>

        <record id="fiscal_position_hu_eu_V27" model="account.fiscal.position.tax.template">
            <field name="position_id" ref="fiscal_position_hu_eu"/>
            <field name="tax_src_id" ref="V27"/>
            <field name="tax_dest_id" ref="VEU27T"/>
        </record>

        <record id="fiscal_position_hu_eu_V27TE" model="account.fiscal.position.tax.template">
            <field name="position_id" ref="fiscal_position_hu_eu"/>
            <field name="tax_src_id" ref="V27TE"/>
            <field name="tax_dest_id" ref="VEU27TE"/>
        </record>
        <!-- EU partner [END] -->

        <!-- Partner outside the EU -->
        <record id="fiscal_position_hu_eu_out_F27" model="account.fiscal.position.tax.template">
            <field name="position_id" ref="fiscal_position_hu_eu_out"/>
            <field name="tax_src_id" ref="F27"/>
            <field name="tax_dest_id" ref="FEXT"/>
        </record>

        <record id="fiscal_position_hu_eu_out_F18" model="account.fiscal.position.tax.template">
            <field name="position_id" ref="fiscal_position_hu_eu_out"/>
            <field name="tax_src_id" ref="F18"/>
            <field name="tax_dest_id" ref="FEUT"/>
        </record>

        <record id="fiscal_position_hu_eu_out_F5" model="account.fiscal.position.tax.template">
            <field name="position_id" ref="fiscal_position_hu_eu_out"/>
            <field name="tax_src_id" ref="F5"/>
            <field name="tax_dest_id" ref="FEXT"/>
        </record>

        <record id="fiscal_position_hu_eu_out_V27" model="account.fiscal.position.tax.template">
            <field name="position_id" ref="fiscal_position_hu_eu_out"/>
            <field name="tax_src_id" ref="V27"/>
            <field name="tax_dest_id" ref="VIMK"/>
        </record>

        <record id="fiscal_position_hu_eu_out_V27TE" model="account.fiscal.position.tax.template">
            <field name="position_id" ref="fiscal_position_hu_eu_out"/>
            <field name="tax_src_id" ref="V27TE"/>
            <field name="tax_dest_id" ref="VIMK"/>
        </record>
        <!-- Partner outside the EU [END] -->
    </data>
</odoo>
