<?xml version="1.0" encoding="utf-8"?>
<odoo>
    <data>
        <record id="tax_group_afa_27" model="account.tax.group">
            <field name="name">27% VAT</field>
            <field name="country_id" ref="base.hu"/>
        </record>

        <record id="tax_group_afa_18" model="account.tax.group">
            <field name="name">18% VAT</field>
            <field name="country_id" ref="base.hu"/>
        </record>

        <record id="tax_group_afa_5" model="account.tax.group">
            <field name="name">5% VAT</field>
            <field name="country_id" ref="base.hu"/>
        </record>

        <record id="tax_group_afa_0" model="account.tax.group">
            <field name="name">0% VAT</field>
            <field name="country_id" ref="base.hu"/>
        </record>

        <record id="tax_group_afa_komp" model="account.tax.group">
            <field name="name">Compensation surcharge</field>
            <field name="country_id" ref="base.hu"/>
        </record>
    </data>
</odoo>
