<?xml version="1.0" encoding="utf-8"?>
<odoo>
    <record id="hungarian_chart_template" model="account.chart.template">
        <field name="name">Hungary - National Chart of Accounts</field>
        <field name="property_account_receivable_id" ref="l10n_hu_311"/>
        <field name="property_account_payable_id" ref="l10n_hu_454"/>
        <field name="property_account_expense_categ_id" ref="l10n_hu_811"/>
        <field name="property_account_income_categ_id" ref="l10n_hu_911"/>
        <field name="income_currency_exchange_account_id" ref="l10n_hu_976"/>
        <field name="expense_currency_exchange_account_id" ref="l10n_hu_876"/>
    </record>
</odoo>
