<?xml version="1.0" encoding="utf-8"?>
<odoo>
    <data noupdate="1">
        <record id="l10n_ec_ifrs" model="account.chart.template">
            <field name="name">Ecuador IFRS (Conforme Superintendencia de Compañías)</field>
            <field name="currency_id" ref="base.USD"/>
            <field name="code_digits">4</field>
            <field name="cash_account_code_prefix">1101010</field>
            <field name="bank_account_code_prefix">1101020</field>
            <field name="transfer_account_code_prefix">1101030</field>
            <field name="country_id" ref="base.ec"></field>
        </record>
    </data>
</odoo>
