<?xml version="1.0" encoding="utf-8"?>
<odoo>
    <data>
        <!-- 
        VAT TAXES *IMPUESTO AL VALOR AGREGADO
        -->
        <record id="tax_vat_411" model="account.tax.template">
            <!-- IVA EN VENTAS LOCALES (EXCLUYE ACTIVOS FIJOS) -->
            <field name="name">Iva 12%</field>
            <field name="type_tax_use">sale</field>
            <field name="amount_type">percent</field>
            <field name="sequence">9</field>
            <field name="amount">12.0</field>
            <field name="description">IVA 12%</field>
            <field name="l10n_ec_code_base">411</field>
            <field name="l10n_ec_code_applied">421</field>
            <field name="chart_template_id" ref="l10n_ec.l10n_ec_ifrs"/>
            <field name="tax_group_id" ref="tax_group_vat_12"/>
            <field name="invoice_repartition_line_ids" eval="[(5, 0, 0),
                (0,0, {
                    'repartition_type': 'base',
                    'plus_report_expression_ids': [ref('tax_report_line_104_411_tag')],
                }),
                (0,0, {
                    'repartition_type': 'tax',
                    'account_id': ref('l10n_ec.ec_sale_vat'),
                    'plus_report_expression_ids': [ref('tax_report_line_104_421_tag')],
                })]"/>
            <field name="refund_repartition_line_ids" eval="[(5, 0, 0),
                (0,0, {
                    'repartition_type': 'base',
                    'minus_report_expression_ids': [ref('tax_report_line_104_411_tag')],
                }),
                (0,0, {
                    'repartition_type': 'tax',
                    'account_id': ref('l10n_ec.ec_sale_vat'),
                    'minus_report_expression_ids': [ref('tax_report_line_104_421_tag')],
                })]"/>
        </record>
        <record id="tax_vat_412" model="account.tax.template">
            <!-- IVA EN VENTAS DE ACTIVOS FIJOS -->
            <field name="name">Iva 12% (activos)</field>
            <field name="type_tax_use">sale</field>
            <field name="amount_type">percent</field>
            <field name="sequence">10</field>
            <field name="amount">12.0</field>
            <field name="description">IVA 12%</field>
            <field name="l10n_ec_code_base">412</field>
            <field name="l10n_ec_code_applied">422</field>
            <field name="chart_template_id" ref="l10n_ec.l10n_ec_ifrs"/>
            <field name="tax_group_id" ref="tax_group_vat_12"/>
            <field name="invoice_repartition_line_ids" eval="[(5, 0, 0),
                (0,0, {
                    'repartition_type': 'base',
                    'plus_report_expression_ids': [ref('tax_report_line_104_412_tag')],
                }),
                (0,0, {
                    'repartition_type': 'tax',
                    'account_id': ref('l10n_ec.ec_sale_vat'),
                    'plus_report_expression_ids': [ref('tax_report_line_104_422_tag')],
                })]"/>
            <field name="refund_repartition_line_ids" eval="[(5, 0, 0),
                (0,0, {
                    'repartition_type': 'base',
                    'minus_report_expression_ids': [ref('tax_report_line_104_411_tag')],
                }),
                (0,0, {
                    'repartition_type': 'tax',
                    'account_id': ref('l10n_ec.ec_sale_vat'),
                    'minus_report_expression_ids': [ref('tax_report_line_104_421_tag')],
                })]"/>
        </record>
        <record id="tax_vat_415" model="account.tax.template">
            <!-- IVA EN VENTAS LOCALES 0% (EXCLUYE ACTIVOS FIJOS) CON DERECHO A CREDITO TRIBUTARIO -->
            <field name="name">Iva 0%</field>
            <field name="type_tax_use">sale</field>
            <field name="amount_type">percent</field>
            <field name="sequence">19</field>
            <field name="amount">0.0</field>
            <field name="description">IVA 0%</field>
            <field name="l10n_ec_code_base">415</field>
            <field name="chart_template_id" ref="l10n_ec.l10n_ec_ifrs"/>
            <field name="tax_group_id" ref="tax_group_vat0"/>
            <field name="invoice_repartition_line_ids" eval="[(5, 0, 0),
                (0,0, {
                    'repartition_type': 'base',
                    'plus_report_expression_ids': [ref('tax_report_line_104_415_tag')],
                }),
                (0,0, {
                    'repartition_type': 'tax',
                    'account_id': ref('l10n_ec.ec_sale_vat_zero'),
                })]"/>
            <field name="refund_repartition_line_ids" eval="[(5, 0, 0),
                (0,0, {
                    'repartition_type': 'base',
                    'minus_report_expression_ids': [ref('tax_report_line_104_415_tag')],
                }),
                (0,0, {
                    'repartition_type': 'tax',
                    'account_id': ref('l10n_ec.ec_sale_vat_zero'),
                })]"/>
        </record>
        <record id="tax_vat_416" model="account.tax.template">
            <!-- IVA VENTAS DE ACTIVOS FIJOS GRAVADAS TARIFA 0% CON DERECHO A CREDITO TRIBUTARIO -->
            <field name="name">Iva 0% (activos)</field>
            <field name="type_tax_use">sale</field>
            <field name="amount_type">percent</field>
            <field name="sequence">20</field>
            <field name="amount">0.0</field>
            <field name="description">IVA 0%</field>
            <field name="l10n_ec_code_base">416</field>
            <field name="chart_template_id" ref="l10n_ec.l10n_ec_ifrs"/>
            <field name="tax_group_id" ref="tax_group_vat0"/>
            <field name="invoice_repartition_line_ids" eval="[(5, 0, 0),
                (0,0, {
                    'repartition_type': 'base',
                    'plus_report_expression_ids': [ref('tax_report_line_104_414_tag')],
                }),
                (0,0, {
                    'repartition_type': 'tax',
                    'account_id': ref('l10n_ec.ec_sale_vat_zero'),
                })]"/>
            <field name="refund_repartition_line_ids" eval="[(5, 0, 0),
                (0,0, {
                    'repartition_type': 'base',
                    'minus_report_expression_ids': [ref('tax_report_line_104_414_tag')],
                }),
                (0,0, {
                    'repartition_type': 'tax',
                    'account_id': ref('l10n_ec.ec_sale_vat_zero'),
                })]"/>
        </record>
        <record id="tax_vat_413" model="account.tax.template">
            <!-- IVA EN VENTAS LOCALES 0% (EXCLUYE ACTIVOS FIJOS) SIN DERECHO A CREDITO TRIBUTARIO -->
            <field name="name">Iva 0% (sin crédito tributario)</field>
            <field name="type_tax_use">sale</field>
            <field name="amount_type">percent</field>
            <field name="sequence">20</field>
            <field name="amount">0.0</field>
            <field name="description">IVA 0%</field>
            <field name="l10n_ec_code_base">413</field>
            <field name="chart_template_id" ref="l10n_ec.l10n_ec_ifrs"/>
            <field name="tax_group_id" ref="tax_group_vat0"/>
            <field name="invoice_repartition_line_ids" eval="[(5, 0, 0),
                (0,0, {
                    'repartition_type': 'base',
                    'plus_report_expression_ids': [ref('tax_report_line_104_413_tag')],
                }),
                (0,0, {
                    'repartition_type': 'tax',
                    'account_id': ref('l10n_ec.ec_sale_vat_zero'),
                })]"/>
            <field name="refund_repartition_line_ids" eval="[(5, 0, 0),
                (0,0, {
                    'repartition_type': 'base',
                    'minus_report_expression_ids': [ref('tax_report_line_104_413_tag')],
                }),
                (0,0, {
                    'repartition_type': 'tax',
                    'account_id': ref('l10n_ec.ec_sale_vat_zero'),
                })]"/>
        </record>
        <record id="tax_vat_414" model="account.tax.template">
            <!-- IVA EN VENTAS DE ACTIVOS FIJOS GRAVADAS 0% SIN DERECHO A CREDITO TRIBUTARIO -->
            <field name="name">Iva 0% (activos sin crédito tributario)</field>
            <field name="type_tax_use">sale</field>
            <field name="amount_type">percent</field>
            <field name="sequence">20</field>
            <field name="amount">0.0</field>
            <field name="description">IVA 0%</field>
            <field name="l10n_ec_code_base">414</field>
            <field name="chart_template_id" ref="l10n_ec.l10n_ec_ifrs"/>
            <field name="tax_group_id" ref="tax_group_vat0"/>
            <field name="invoice_repartition_line_ids" eval="[(5, 0, 0),
                (0,0, {
                    'repartition_type': 'base',
                    'plus_report_expression_ids': [ref('tax_report_line_104_414_tag')],
                }),
                (0,0, {
                    'repartition_type': 'tax',
                    'account_id': ref('l10n_ec.ec_sale_vat_zero'),
                })]"/>
            <field name="refund_repartition_line_ids" eval="[(5, 0, 0),
                (0,0, {
                    'repartition_type': 'base',
                    'minus_report_expression_ids': [ref('tax_report_line_104_414_tag')],
                }),
                (0,0, {
                    'repartition_type': 'tax',
                    'account_id': ref('l10n_ec.ec_sale_vat_zero'),
                })]"/>
        </record>
        <record id="tax_vat_417" model="account.tax.template">
            <!-- IVA 0% POR EXPORTACIONES DE BIENES -->
            <field name="name">Iva 0% (exportación bienes)</field>
            <field name="type_tax_use">sale</field>
            <field name="amount_type">percent</field>
            <field name="sequence">21</field>
            <field name="amount">0.0</field>
            <field name="description">IVA 0%</field>
            <field name="l10n_ec_code_base">417</field>
            <field name="chart_template_id" ref="l10n_ec.l10n_ec_ifrs"/>
            <field name="tax_group_id" ref="tax_group_vat0"/>
            <field name="invoice_repartition_line_ids" eval="[(5, 0, 0),
                (0,0, {
                    'repartition_type': 'base',
                    'plus_report_expression_ids': [ref('tax_report_line_104_417_tag')],
                }),
                (0,0, {
                    'repartition_type': 'tax',
                    'account_id': ref('l10n_ec.ec_sale_vat_goods_exports'),
                })]"/>
            <field name="refund_repartition_line_ids" eval="[(5, 0, 0),
                (0,0, {
                    'repartition_type': 'base',
                    'minus_report_expression_ids': [ref('tax_report_line_104_417_tag')],
                }),
                (0,0, {
                    'repartition_type': 'tax',
                    'account_id': ref('l10n_ec.ec_sale_vat_goods_exports'),
                })]"/>
        </record>
        <record id="tax_vat_418" model="account.tax.template">
            <!-- IVA POR EXPORTACIONES DE SERVICIOS -->
            <field name="name">Iva 0% (exportación servicios)</field>
            <field name="type_tax_use">sale</field>
            <field name="amount_type">percent</field>
            <field name="sequence">21</field>
            <field name="amount">0.0</field>
            <field name="description">IVA 0%</field>
            <field name="l10n_ec_code_base">418</field>
            <field name="chart_template_id" ref="l10n_ec.l10n_ec_ifrs"/>
            <field name="tax_group_id" ref="tax_group_vat0"/>
            <field name="invoice_repartition_line_ids" eval="[(5, 0, 0),
                (0,0, {
                    'repartition_type': 'base',
                    'plus_report_expression_ids': [ref('tax_report_line_104_418_tag')],
                }),
                (0,0, {
                    'repartition_type': 'tax',
                    'account_id': ref('l10n_ec.ec_sale_vat_services_exports'),
                })]"/>
            <field name="refund_repartition_line_ids" eval="[(5, 0, 0),
                (0,0, {
                    'repartition_type': 'base',
                    'minus_report_expression_ids': [ref('tax_report_line_104_418_tag')],
                }),
                (0,0, {
                    'repartition_type': 'tax',
                    'account_id': ref('l10n_ec.ec_sale_vat_services_exports'),
                })]"/>
        </record>
        <record id="tax_vat_419" model="account.tax.template">
            <!-- TRANSFERENCIAS EN VENTAS NO OBJETO O EXENTAS DE IVA -->
            <field name="name">Iva 0% (no objeto/exentas)</field>
            <field name="type_tax_use">sale</field>
            <field name="amount_type">percent</field>
            <field name="sequence">40</field>
            <field name="amount">0.0</field>
            <field name="description">IVA EXENTO</field>
            <field name="l10n_ec_code_base">419</field>
            <field name="chart_template_id" ref="l10n_ec.l10n_ec_ifrs"/>
            <field name="tax_group_id" ref="tax_group_vat_excempt"/>
            <field name="invoice_repartition_line_ids" eval="[(5, 0, 0),
                (0,0, {
                    'repartition_type': 'base',
                    'plus_report_expression_ids': [ref('tax_report_line_104_419_tag')],
                }),
                (0,0, {
                    'repartition_type': 'tax',
                    'account_id': ref('l10n_ec.ec_sale_vat_zero'),
                })]"/>
            <field name="refund_repartition_line_ids" eval="[(5, 0, 0),
                (0,0, {
                    'repartition_type': 'base',
                    'minus_report_expression_ids': [ref('tax_report_line_104_419_tag')],
                }),
                (0,0, {
                    'repartition_type': 'tax',
                    'account_id': ref('l10n_ec.ec_sale_vat_zero'),
                })]"/>
        </record>
        <record id="tax_vat_444" model="account.tax.template">
            <!-- IVA EN VENTAS POR REEMBOLSO COMO INTERMEDIARIO -->
            <field name="name">Iva 12% (reembolso)</field>
            <field name="type_tax_use">sale</field>
            <field name="amount_type">percent</field>
            <field name="sequence">10</field>
            <field name="amount">12.0</field>
            <field name="description">IVA 12%</field>
            <field name="l10n_ec_code_base">444</field>
            <field name="l10n_ec_code_applied">454</field>
            <field name="chart_template_id" ref="l10n_ec.l10n_ec_ifrs"/>
            <field name="tax_group_id" ref="tax_group_vat_12"/>
            <field name="invoice_repartition_line_ids" eval="[(5, 0, 0),
                (0,0, {
                    'repartition_type': 'base',
                    'plus_report_expression_ids': [ref('tax_report_line_104_412_tag')],
                }),
                (0,0, {
                    'repartition_type': 'tax',
                    'account_id': ref('l10n_ec.ec_other_downpayments'),
                    'plus_report_expression_ids': [ref('tax_report_line_104_422_tag')],
                })]"/>
            <field name="refund_repartition_line_ids" eval="[(5, 0, 0),
                (0,0, {
                    'repartition_type': 'base',
                    'minus_report_expression_ids': [ref('tax_report_line_104_411_tag')],
                }),
                (0,0, {
                    'repartition_type': 'tax',
                    'account_id': ref('l10n_ec.ec_other_downpayments'),
                    'minus_report_expression_ids': [ref('tax_report_line_104_421_tag')],
                })]"/>
        </record>
        <record id="tax_vat_510" model="account.tax.template">
            <!-- IVA EN COMPRAS LOCALES (EXCLUYE ACTIVOS FIJOS) CON DERECHO A CREDITO TRIBUTARIO -->
            <field name="name">Iva 12%</field>
            <field name="type_tax_use">purchase</field>
            <field name="amount_type">percent</field>
            <field name="sequence">9</field>
            <field name="amount">12.0</field>
            <field name="description">IVA 12%</field>
            <field name="l10n_ec_code_base">510</field>
            <field name="l10n_ec_code_applied">520</field>
            <field name="chart_template_id" ref="l10n_ec.l10n_ec_ifrs"/>
            <field name="tax_group_id" ref="tax_group_vat_12"/>
            <field name="invoice_repartition_line_ids" eval="[(5, 0, 0),
                (0,0, {
                    'repartition_type': 'base',
                    'plus_report_expression_ids': [ref('tax_report_line_104_510_tag')],
                }),
                (0,0, {
                    'repartition_type': 'tax',
                    'account_id': ref('l10n_ec.ec_purchase_vat'),
                    'plus_report_expression_ids': [ref('tax_report_line_104_520_tag')],
                })]"/>
            <field name="refund_repartition_line_ids" eval="[(5, 0, 0),
                (0,0, {
                    'repartition_type': 'base',
                    'minus_report_expression_ids': [ref('tax_report_line_104_510_tag')],
                }),
                (0,0, {
                    'repartition_type': 'tax',
                    'account_id': ref('l10n_ec.ec_purchase_vat'),
                    'minus_report_expression_ids': [ref('tax_report_line_104_520_tag')],
                })]"/>
        </record>
        <record id="tax_vat_511" model="account.tax.template">
            <!-- IVA EN COMPRAS LOCALES DE ACTIVOS FIJOS CON DERECHO A CREDITO TRIBUTARIO -->
            <field name="name">Iva 12% (activos)</field>
            <field name="type_tax_use">purchase</field>
            <field name="amount_type">percent</field>
            <field name="sequence">10</field>
            <field name="amount">12.0</field>
            <field name="description">IVA 12%</field>
            <field name="l10n_ec_code_base">511</field>
            <field name="l10n_ec_code_applied">521</field>
            <field name="chart_template_id" ref="l10n_ec.l10n_ec_ifrs"/>
            <field name="tax_group_id" ref="tax_group_vat_12"/>
            <field name="invoice_repartition_line_ids" eval="[(5, 0, 0),
                (0,0, {
                    'repartition_type': 'base',
                    'plus_report_expression_ids': [ref('tax_report_line_104_511_tag')],
                }),
                (0,0, {
                    'repartition_type': 'tax',
                    'account_id': ref('l10n_ec.ec_purchase_vat_assets'),
                    'plus_report_expression_ids': [ref('tax_report_line_104_521_tag')],
                })]"/>
            <field name="refund_repartition_line_ids" eval="[(5, 0, 0),
                (0,0, {
                    'repartition_type': 'base',
                    'minus_report_expression_ids': [ref('tax_report_line_104_511_tag')],
                }),
                (0,0, {
                    'repartition_type': 'tax',
                    'account_id': ref('l10n_ec.ec_purchase_vat_assets'),
                    'minus_report_expression_ids': [ref('tax_report_line_104_521_tag')],
                })]"/>
        </record>
        <record id="tax_vat_512" model="account.tax.template">
            <!-- IVA EN OTRAS ADQUISICIONES SIN DERECHO A CREDITO TRIBUTARIO -->
            <field name="name">Iva 12% (sin crédito tributario)</field>
            <field name="type_tax_use">purchase</field>
            <field name="amount_type">percent</field>
            <field name="sequence">10</field>
            <field name="amount">12.0</field>
            <field name="description">IVA 12%</field>
            <field name="l10n_ec_code_base">512</field>
            <field name="l10n_ec_code_applied">522</field>
            <field name="chart_template_id" ref="l10n_ec.l10n_ec_ifrs"/>
            <field name="tax_group_id" ref="tax_group_vat_12"/>
            <field name="invoice_repartition_line_ids" eval="[(5, 0, 0),
                (0,0, {
                    'repartition_type': 'base',
                    'plus_report_expression_ids': [ref('tax_report_line_104_512_tag')],
                }),
                (0,0, {
                    'repartition_type': 'tax',
                    'plus_report_expression_ids': [ref('tax_report_line_104_522_tag')],
                })]"/>
            <field name="refund_repartition_line_ids" eval="[(5, 0, 0),
                (0,0, {
                    'repartition_type': 'base',
                    'minus_report_expression_ids': [ref('tax_report_line_104_512_tag')],
                }),
                (0,0, {
                    'repartition_type': 'tax',
                    'minus_report_expression_ids': [ref('tax_report_line_104_522_tag')],
                })]"/>
        </record>
        <record id="tax_vat_513" model="account.tax.template">
            <!-- IVA EN IMPORTACIONES DE SERVICIOS -->
            <field name="name">Iva 12% (importación servicios)</field>
            <field name="type_tax_use">purchase</field>
            <field name="amount_type">percent</field>
            <field name="sequence">10</field>
            <field name="amount">12.0</field>
            <field name="description">IVA 12%</field>
            <field name="l10n_ec_code_base">513</field>
            <field name="l10n_ec_code_applied">523</field>
            <field name="chart_template_id" ref="l10n_ec.l10n_ec_ifrs"/>
            <field name="tax_group_id" ref="tax_group_vat_12"/>
            <field name="invoice_repartition_line_ids" eval="[(5, 0, 0),
                (0,0, {
                    'repartition_type': 'base',
                    'plus_report_expression_ids': [ref('tax_report_line_104_513_tag')],
                }),
                (0,0, {
                    'repartition_type': 'tax',
                    'account_id': ref('l10n_ec.ec_purchase_vat_service_imports'),
                    'plus_report_expression_ids': [ref('tax_report_line_104_523_tag')],
                })]"/>
            <field name="refund_repartition_line_ids" eval="[(5, 0, 0),
                (0,0, {
                    'repartition_type': 'base',
                    'minus_report_expression_ids': [ref('tax_report_line_104_513_tag')],
                }),
                (0,0, {
                    'repartition_type': 'tax',
                    'account_id': ref('l10n_ec.ec_purchase_vat_service_imports'),
                    'minus_report_expression_ids': [ref('tax_report_line_104_523_tag')],
                })]"/>
        </record>
        <record id="tax_vat_514" model="account.tax.template">
            <!-- IVA EN IMPORTACIONES DE BIENES (EXCLUYE ACTIVOS FIJOS) -->
            <field name="name">Iva 12% (importación bienes)</field>
            <field name="type_tax_use">purchase</field>
            <field name="amount_type">percent</field>
            <field name="sequence">10</field>
            <field name="amount">12.0</field>
            <field name="description">IVA 12%</field>
            <field name="l10n_ec_code_base">514</field>
            <field name="l10n_ec_code_applied">524</field>
            <field name="chart_template_id" ref="l10n_ec.l10n_ec_ifrs"/>
            <field name="tax_group_id" ref="tax_group_vat_12"/>
            <field name="invoice_repartition_line_ids" eval="[(5, 0, 0),
                (0,0, {
                    'repartition_type': 'base',
                    'plus_report_expression_ids': [ref('tax_report_line_104_514_tag')],
                }),
                (0,0, {
                    'repartition_type': 'tax',
                    'account_id': ref('l10n_ec.ec_purchase_vat_goods_imports'),
                    'plus_report_expression_ids': [ref('tax_report_line_104_524_tag')],
                })]"/>
            <field name="refund_repartition_line_ids" eval="[(5, 0, 0),
                (0,0, {
                    'repartition_type': 'base',
                    'minus_report_expression_ids': [ref('tax_report_line_104_514_tag')],
                }),
                (0,0, {
                    'repartition_type': 'tax',
                    'account_id': ref('l10n_ec.ec_purchase_vat_goods_imports'),
                    'minus_report_expression_ids': [ref('tax_report_line_104_524_tag')],
                })]"/>
        </record>
        <record id="tax_vat_515" model="account.tax.template">
            <!-- IVA EN IMPORTACIONES DE ACTIVOS FIJOS -->
            <field name="name">Iva 12% (importación activos)</field>
            <field name="type_tax_use">purchase</field>
            <field name="amount_type">percent</field>
            <field name="sequence">10</field>
            <field name="amount">12.0</field>
            <field name="description">IVA 12%</field>
            <field name="l10n_ec_code_base">515</field>
            <field name="l10n_ec_code_applied">525</field>
            <field name="chart_template_id" ref="l10n_ec.l10n_ec_ifrs"/>
            <field name="tax_group_id" ref="tax_group_vat_12"/>
            <field name="invoice_repartition_line_ids" eval="[(5, 0, 0),
                (0,0, {
                    'repartition_type': 'base',
                    'plus_report_expression_ids': [ref('tax_report_line_104_515_tag')],
                }),
                (0,0, {
                    'repartition_type': 'tax',
                    'account_id': ref('l10n_ec.ec_purchase_vat_assets_imports'),
                    'plus_report_expression_ids': [ref('tax_report_line_104_525_tag')],
                })]"/>
            <field name="refund_repartition_line_ids" eval="[(5, 0, 0),
                (0,0, {
                    'repartition_type': 'base',
                    'minus_report_expression_ids': [ref('tax_report_line_104_515_tag')],
                }),
                (0,0, {
                    'repartition_type': 'tax',
                    'account_id': ref('l10n_ec.ec_purchase_vat_assets_imports'),
                    'minus_report_expression_ids': [ref('tax_report_line_104_525_tag')],
                })]"/>
        </record>
        <record id="tax_vat_517" model="account.tax.template">
            <!-- IVA EN COMPRAS 0% (INCLUYE ACTIVOS FIJOS) -->
            <field name="name">Iva 0%</field>
            <field name="type_tax_use">purchase</field>
            <field name="amount_type">percent</field>
            <field name="sequence">20</field>
            <field name="amount">0.0</field>
            <field name="description">IVA 0%</field>
            <field name="l10n_ec_code_base">517</field>
            <field name="chart_template_id" ref="l10n_ec.l10n_ec_ifrs"/>
            <field name="tax_group_id" ref="tax_group_vat0"/>
            <field name="invoice_repartition_line_ids" eval="[(5, 0, 0),
                (0,0, {
                    'repartition_type': 'base',
                    'plus_report_expression_ids': [ref('tax_report_line_104_517_tag')],
                }),
                (0,0, {
                    'repartition_type': 'tax',
                    'account_id': ref('l10n_ec.ec_purchase_vat_zero'),
                })]"/>
            <field name="refund_repartition_line_ids" eval="[(5, 0, 0),
                (0,0, {
                    'repartition_type': 'base',
                    'minus_report_expression_ids': [ref('tax_report_line_104_517_tag')],
                }),
                (0,0, {
                    'repartition_type': 'tax',
                    'account_id': ref('l10n_ec.ec_purchase_vat_zero'),
                })]"/>
        </record>
        <record id="tax_vat_516" model="account.tax.template">
            <!-- IVA 0% EN IMPORTACIONES DE BIENES (INCLUYE ACTIVOS FIJOS) -->
            <field name="name">Iva 0% (importación bienes)</field>
            <field name="type_tax_use">purchase</field>
            <field name="amount_type">percent</field>
            <field name="sequence">20</field>
            <field name="amount">0.0</field>
            <field name="description">IVA 0%</field>
            <field name="l10n_ec_code_base">516</field>
            <field name="chart_template_id" ref="l10n_ec.l10n_ec_ifrs"/>
            <field name="tax_group_id" ref="tax_group_vat0"/>
            <field name="invoice_repartition_line_ids" eval="[(5, 0, 0),
                (0,0, {
                    'repartition_type': 'base',
                    'plus_report_expression_ids': [ref('tax_report_line_104_516_tag')],
                }),
                (0,0, {
                    'repartition_type': 'tax',
                    'account_id': ref('l10n_ec.ec_purchase_vat_zero'),
                })]"/>
            <field name="refund_repartition_line_ids" eval="[(5, 0, 0),
                (0,0, {
                    'repartition_type': 'base',
                    'minus_report_expression_ids': [ref('tax_report_line_104_516_tag')],
                }),
                (0,0, {
                    'repartition_type': 'tax',
                    'account_id': ref('l10n_ec.ec_purchase_vat_zero'),
                })]"/>
        </record>
        <record id="tax_vat_518" model="account.tax.template">
            <!-- ADQUISICIONES REALIZADAS A CONTRIBUYENTES RISE -->
            <field name="name">Iva 0% (rise)</field>
            <field name="type_tax_use">purchase</field>
            <field name="amount_type">percent</field>
            <field name="sequence">20</field>
            <field name="amount">0.0</field>
            <field name="description">IVA 0%</field>
            <field name="l10n_ec_code_base">518</field>
            <field name="chart_template_id" ref="l10n_ec.l10n_ec_ifrs"/>
            <field name="tax_group_id" ref="tax_group_vat0"/>
            <field name="invoice_repartition_line_ids" eval="[(5, 0, 0),
                (0,0, {
                    'repartition_type': 'base',
                    'plus_report_expression_ids': [ref('tax_report_line_104_518_tag')],
                }),
                (0,0, {
                    'repartition_type': 'tax',
                    'account_id': ref('l10n_ec.ec_purchase_vat_zero'),
                })]"/>
            <field name="refund_repartition_line_ids" eval="[(5, 0, 0),
                (0,0, {
                    'repartition_type': 'base',
                    'minus_report_expression_ids': [ref('tax_report_line_104_518_tag')],
                }),
                (0,0, {
                    'repartition_type': 'tax',
                    'account_id': ref('l10n_ec.ec_purchase_vat_zero'),
                })]"/>
        </record>
        <record id="tax_vat_541" model="account.tax.template">
            <!-- ADQUISICIONES NO OBJETO DE IVA -->
            <field name="name">Iva 0% (no objeto de iva)</field>
            <field name="type_tax_use">purchase</field>
            <field name="amount_type">percent</field>
            <field name="sequence">30</field>
            <field name="amount">0.0</field>
            <field name="description">NO OBJETO DE IVA</field>
            <field name="l10n_ec_code_base">541</field>
            <field name="chart_template_id" ref="l10n_ec.l10n_ec_ifrs"/>
            <field name="tax_group_id" ref="tax_group_vat_not_charged"/>
            <field name="invoice_repartition_line_ids" eval="[(5, 0, 0),
                (0,0, {
                    'repartition_type': 'base',
                    'plus_report_expression_ids': [ref('tax_report_line_104_541_tag')],
                }),
                (0,0, {
                    'repartition_type': 'tax',
                    'account_id': ref('l10n_ec.ec_purchase_vat_zero'),
                })]"/>
            <field name="refund_repartition_line_ids" eval="[(5, 0, 0),
                (0,0, {
                    'repartition_type': 'base',
                    'minus_report_expression_ids': [ref('tax_report_line_104_541_tag')],
                }),
                (0,0, {
                    'repartition_type': 'tax',
                    'account_id': ref('l10n_ec.ec_purchase_vat_zero'),
                })]"/>
        </record>
        <record id="tax_vat_542" model="account.tax.template">
            <!-- ADQUISICIONES EXENTAS DEL PAGO DE IVA -->
            <field name="name">Iva 0% (excento de iva)</field>
            <field name="type_tax_use">purchase</field>
            <field name="amount_type">percent</field>
            <field name="sequence">40</field>
            <field name="amount">0.0</field>
            <field name="description">IVA EXENTO</field>
            <field name="l10n_ec_code_base">542</field>
            <field name="chart_template_id" ref="l10n_ec.l10n_ec_ifrs"/>
            <field name="tax_group_id" ref="tax_group_vat_excempt"/>
            <field name="invoice_repartition_line_ids" eval="[(5, 0, 0),
                (0,0, {
                    'repartition_type': 'base',
                    'plus_report_expression_ids': [ref('tax_report_line_104_542_tag')],
                }),
                (0,0, {
                    'repartition_type': 'tax',
                    'account_id': ref('l10n_ec.ec_purchase_vat_zero'),
                })]"/>
            <field name="refund_repartition_line_ids" eval="[(5, 0, 0),
                (0,0, {
                    'repartition_type': 'base',
                    'minus_report_expression_ids': [ref('tax_report_line_104_542_tag')],
                }),
                (0,0, {
                    'repartition_type': 'tax',
                    'account_id': ref('l10n_ec.ec_purchase_vat_zero'),
                })]"/>
        </record>
        <record id="tax_vat_545" model="account.tax.template">
            <!-- IVA EN COMPRAS POR REEMBOLSO COMO INTERMEDIARIO -->
            <field name="name">Iva 12% (reembolso intermediario)</field>
            <field name="type_tax_use">purchase</field>
            <field name="amount_type">percent</field>
            <field name="sequence">10</field>
            <field name="amount">12.0</field>
            <field name="description">IVA 12%</field>
            <field name="l10n_ec_code_base">545</field>
            <field name="l10n_ec_code_applied">555</field>
            <field name="chart_template_id" ref="l10n_ec.l10n_ec_ifrs"/>
            <field name="tax_group_id" ref="tax_group_vat_12"/>
            <field name="invoice_repartition_line_ids" eval="[(5, 0, 0),
                (0,0, {
                    'repartition_type': 'base',
                    'plus_report_expression_ids': [ref('tax_report_line_104_545_tag')],
                }),
                (0,0, {
                    'repartition_type': 'tax',
                    'account_id': ref('l10n_ec.ec_other_downpayments'),
                    'plus_report_expression_ids': [ref('tax_report_line_104_555_tag')],
                })]"/>
            <field name="refund_repartition_line_ids" eval="[(5, 0, 0),
                (0,0, {
                    'repartition_type': 'base',
                    'minus_report_expression_ids': [ref('tax_report_line_104_545_tag')],
                }),
                (0,0, {
                    'repartition_type': 'tax',
                    'account_id': ref('l10n_ec.ec_other_downpayments'),
                    'minus_report_expression_ids': [ref('tax_report_line_104_555_tag')],
                })]"/>
        </record>
    </data>
</odoo>
