<?xml version="1.0" encoding="utf-8"?>
<odoo>
    <record id="uom.product_uom_unit" model="uom.uom">
        <field name="l10n_pe_edi_measure_unit_code">NIU</field>
    </record>
    <record id="uom.product_uom_dozen" model="uom.uom">
        <field name="l10n_pe_edi_measure_unit_code">DPC</field>
    </record>
    <record id="uom.product_uom_kgm" model="uom.uom">
        <field name="l10n_pe_edi_measure_unit_code">KGM</field>
    </record>
    <record id="uom.product_uom_gram" model="uom.uom">
        <field name="l10n_pe_edi_measure_unit_code">GRM</field>
    </record>
    <record id="uom.product_uom_day" model="uom.uom">
        <field name="l10n_pe_edi_measure_unit_code">DAY</field>
    </record>
    <record id="uom.product_uom_hour" model="uom.uom">
        <field name="l10n_pe_edi_measure_unit_code">HUR</field>
    </record>
    <record id="uom.product_uom_ton" model="uom.uom">
        <field name="l10n_pe_edi_measure_unit_code">TNE</field>
    </record>
    <record id="uom.product_uom_meter" model="uom.uom">
        <field name="l10n_pe_edi_measure_unit_code">MTR</field>
    </record>
    <record id="uom.product_uom_km" model="uom.uom">
        <field name="l10n_pe_edi_measure_unit_code">KTM</field>
    </record>
    <record id="uom.product_uom_cm" model="uom.uom">
        <field name="l10n_pe_edi_measure_unit_code">CMT</field>
    </record>
    <record id="uom.product_uom_litre" model="uom.uom">
        <field name="l10n_pe_edi_measure_unit_code">LTR</field>
    </record>
    <record id="uom.product_uom_lb" model="uom.uom">
        <field name="l10n_pe_edi_measure_unit_code">LBR</field>
    </record>
    <record id="uom.product_uom_oz" model="uom.uom">
        <field name="l10n_pe_edi_measure_unit_code">ONZ</field>
    </record>
    <record id="uom.product_uom_inch" model="uom.uom">
        <field name="l10n_pe_edi_measure_unit_code">INH</field>
    </record>
    <record id="uom.product_uom_foot" model="uom.uom">
        <field name="l10n_pe_edi_measure_unit_code">FOT</field>
    </record>
    <record id="uom.product_uom_mile" model="uom.uom">
        <field name="l10n_pe_edi_measure_unit_code">M52</field>
    </record>
    <record id="uom.product_uom_floz" model="uom.uom">
        <field name="l10n_pe_edi_measure_unit_code">OZ</field>
    </record>
    <record id="uom.product_uom_qt" model="uom.uom">
        <field name="l10n_pe_edi_measure_unit_code">QTI</field>
    </record>
    <record id="uom.product_uom_gal" model="uom.uom">
        <field name="l10n_pe_edi_measure_unit_code">GLL</field>
    </record>
</odoo>
