<?xml version="1.0" encoding="UTF-8"?>
<templates id="template" xml:space="preserve">
    <t t-name="KnowledgeCommandTemplate" owl="1">
        <div class="o_command_default d-flex align-items-center px-4 py-2">
            <span class="pe-2" t-if="props.icon_string" t-out="props.icon_string" />
            <span class="pe-2 text-ellipsis">
                <t t-slot="name" />
            </span>
            <icon t-if="props.isFavorite" class="fa fa-star o_favorite pe-2 position-static" />
            <span t-if="props.subjectName" t-out="'— '" class="text-muted small pe-2" />
            <span t-if="props.subjectName" class="o_command_name text-ellipsis text-muted small">
                <t t-foreach="props.splitSubjectName" t-as="name" t-key="name_index">
                    <span class="text-primary" t-if="name_index % 2" t-out="name" />
                    <t t-else="" t-out="name" />
                </t>
            </span>
            <span class="ms-auto flex-shrink-0">
                <t t-slot="focusMessage"/>
            </span>
        </div>
    </t>

    <t t-name="Knowledge404CommandTemplate" owl="1">
        <div class="o_command_hotkey">
            <span>
                No Article found.
                <span class="text-primary">
                    Create "<u t-out="props.articleName" />"
                </span>
            </span>
        </div>
    </t>

    <t t-name="KnowledgeExtraCommandTemplate" owl="1">
        <div class="o_command_hotkey">
            <span>
                <icon class="fa fa-arrows-alt pe-2" />
                <t t-out="props.name" />
            </span>
            <span>
                <t t-foreach="getKeysToPress(props)" t-as="key" t-key="key_index">
                    <kbd t-out="key" />
                    <span t-if="!key_last"> + </span>
                </t>
            </span>
        </div>
    </t>

</templates>
