id,name,code,account_type,chart_template_id/id,reconcile,tag_ids/id
cuenta102_02,Transferencias bancarias moneda extranjera,102.02.01,asset_current,l10n_mx.mx_coa,True,l10n_mx.tag_credit_balance_account
cuenta105_01,Clientes nacionales,105.01.01,asset_receivable,l10n_mx.mx_coa,True,l10n_mx.tag_debit_balance_account
cuenta105_02,Clientes nacionales (PoS),105.01.02,asset_receivable,l10n_mx.mx_coa,True,l10n_mx.tag_debit_balance_account
cuenta107_05_01,Mercancías Enviadas - No Facturas,107.05.01,asset_current,l10n_mx.mx_coa,True,l10n_mx.tag_debit_balance_account
cuenta108_01,Estimación de cuentas incobrables nacional,108.01.01,asset_current,l10n_mx.mx_coa,True,l10n_mx.tag_debit_balance_account
cuenta108_02,Estimación de cuentas incobrables extranjero,108.02.01,asset_current,l10n_mx.mx_coa,True,l10n_mx.tag_debit_balance_account
cuenta115_01,Inventario,115.01.01,asset_current,l10n_mx.mx_coa,False,l10n_mx.tag_debit_balance_account
cuenta115_02,Materia prima y materiales,115.02.01,asset_current,l10n_mx.mx_coa,False,l10n_mx.tag_debit_balance_account
cuenta115_03,Producción en proceso,115.03.01,asset_current,l10n_mx.mx_coa,False,l10n_mx.tag_debit_balance_account
cuenta115_04,Productos terminados,115.04.01,asset_current,l10n_mx.mx_coa,False,l10n_mx.tag_debit_balance_account
cuenta115_05,Mercancías en tránsito,115.05.01,asset_current,l10n_mx.mx_coa,True,l10n_mx.tag_debit_balance_account
cuenta115_06,Mercancías en poder de terceros,115.06.01,asset_current,l10n_mx.mx_coa,False,l10n_mx.tag_debit_balance_account
cuenta118_01,IVA acreditable pagado,118.01.01,asset_current,l10n_mx.mx_coa,False,l10n_mx.tag_debit_balance_account
cuenta119_01,IVA pendiente de pago,119.01.01,asset_current,l10n_mx.mx_coa,True,l10n_mx.tag_debit_balance_account
cuenta120_01,Anticipo a proveedores nacional,120.01.01,asset_current,l10n_mx.mx_coa,True,l10n_mx.tag_debit_balance_account
cuenta120_02,Anticipo a proveedores extranjero,120.02.01,asset_current,l10n_mx.mx_coa,True,l10n_mx.tag_debit_balance_account
cuenta201_01,Proveedores nacionales,201.01.01,liability_payable,l10n_mx.mx_coa,True,l10n_mx.tag_credit_balance_account
cuenta205_06_01,Mercancías Recibidas - No Facturas,205.06.01,liability_current,l10n_mx.mx_coa,True,l10n_mx.tag_credit_balance_account
cuenta206_01,Anticipo de cliente nacional,206.01.01,liability_current,l10n_mx.mx_coa,True,l10n_mx.tag_credit_balance_account
cuenta206_02,Anticipo de cliente extranjero,206.02.01,liability_current,l10n_mx.mx_coa,True,l10n_mx.tag_credit_balance_account
cuenta206_05_01,Otros anticipos de clientes,206.05.01,liability_current,l10n_mx.mx_coa,True,l10n_mx.tag_credit_balance_account
cuenta208_01,IVA trasladado cobrado,208.01.01,liability_current,l10n_mx.mx_coa,False,l10n_mx.tag_credit_balance_account
cuenta209_01,IVA trasladado no cobrado,209.01.01,liability_current,l10n_mx.mx_coa,True,l10n_mx.tag_credit_balance_account
cuenta216_03,Impuestos retenidos de ISR por arrendamiento,216.03.01,liability_current,l10n_mx.mx_coa,False,l10n_mx.tag_credit_balance_account
cuenta216_04,Impuestos retenidos de ISR por servicios profesionales,216.04.01,liability_current,l10n_mx.mx_coa,False,l10n_mx.tag_credit_balance_account
cuenta216_10,Impuestos retenidos de IVA,216.10.10,liability_current,l10n_mx.mx_coa,False,l10n_mx.tag_credit_balance_account
cuenta216_10_20,Impuestos retenidos de iva efectivamente pagados,216.10.20,liability_current,l10n_mx.mx_coa,False,l10n_mx.tag_credit_balance_account
cuenta302_01,Patrimonio,302.01.01,equity,l10n_mx.mx_coa,False,l10n_mx.tag_credit_balance_account
cuenta304_01,Utilidad de ejercicios anteriores,304.01.01,equity,l10n_mx.mx_coa,False,l10n_mx.tag_credit_balance_account
cuenta305_01,Utilidad del ejercicio,305.01.01,equity,l10n_mx.mx_coa,False,l10n_mx.tag_credit_balance_account
cuenta401_01,Ventas y/o servicios gravados a la tasa general,401.01.01,income,l10n_mx.mx_coa,False,l10n_mx.tag_credit_balance_account
cuenta501_01,Costo de venta,501.01.01,expense_direct_cost,l10n_mx.mx_coa,False,l10n_mx.tag_debit_balance_account
cuenta601_84,Otros gastos generales,601.84.01,expense,l10n_mx.mx_coa,False,l10n_mx.tag_debit_balance_account
cuenta701_01,Pérdida cambiaria,701.01.01,expense,l10n_mx.mx_coa,False,l10n_mx.tag_debit_balance_account
cuenta702_01,Utilidad cambiaria,702.01.01,income,l10n_mx.mx_coa,False,l10n_mx.tag_credit_balance_account
cuenta801_01,Utilidad o pérdida fiscal en venta y/o baja de activo fijo,811.01.01,expense,l10n_mx.mx_coa,False,l10n_mx.tag_debit_balance_account
cuenta801_01_99,Base Imponible de Impuestos en Base a Flujo de Efectivo,899.01.99,expense,l10n_mx.mx_coa,False,l10n_mx.tag_debit_balance_account
cuenta9993,Cash Discount Loss,9993,expense,l10n_mx.mx_coa,False,l10n_mx.tag_debit_balance_account
cuenta9994,Cash Discount Gain,9994,income_other,l10n_mx.mx_coa,False,l10n_mx.tag_credit_balance_account
