<?xml version="1.0" encoding="utf-8"?>
<odoo>
    <data>
    <!--
        CoA Base
    -->
    <record id="mx_coa" model="account.chart.template">
        <field name="name">Plan de Cuentas para Mexico</field>
        <field name="bank_account_code_prefix">102.01.0</field>
        <field name="cash_account_code_prefix">101.01.0</field>
        <field name="transfer_account_code_prefix">102.01.01</field>
        <field name="code_digits">3</field>
        <field name="currency_id" ref="base.MXN"/>
        <field name="use_anglo_saxon" eval="True"/>
        <field name="country_id" ref="base.mx"/>
    </record>
    </data>
</odoo>
