<?xml version="1.0" encoding="utf-8"?>
<odoo>
    <data>
        <!-- Account Tax Group -->

        <record id="eg_tax_vat" model="account.tax.group">
            <field name="name">VAT 14%</field>
            <field name="country_id" ref="base.eg"/>
        </record>
        
        <record id="eg_tax_group_other" model="account.tax.group">
            <field name="name">Other Taxes</field>
            <field name="country_id" ref="base.eg"/>
        </record>

        <record id="eg_tax_group_stamp" model="account.tax.group">
            <field name="name">Stamp Tax 20%</field>
            <field name="country_id" ref="base.eg"/>
        </record>

        <record id="eg_tax_group_withholding_half" model="account.tax.group">
            <field name="name">Withholding Tax -0.5%</field>
            <field name="preceding_subtotal">Subtotal W/O WHTax</field>
            <field name="country_id" ref="base.eg"/>
        </record>

        <record id="eg_tax_group_withholding_1" model="account.tax.group">
            <field name="name">Withholding Tax -1%</field>
            <field name="preceding_subtotal">Subtotal W/O WHTax</field>
            <field name="country_id" ref="base.eg"/>
        </record>

        <record id="eg_tax_group_withholding_3" model="account.tax.group">
            <field name="name">Withholding Tax -3%</field>
            <field name="preceding_subtotal">Subtotal W/O WHTax</field>
            <field name="country_id" ref="base.eg"/>
        </record>

        <record id="eg_tax_group_withholding_5" model="account.tax.group">
            <field name="name">Withholding Tax -5%</field>
            <field name="preceding_subtotal">Subtotal W/O WHTax</field>
            <field name="country_id" ref="base.eg"/>
        </record>

        <record id="eg_tax_group_schedule_half" model="account.tax.group">
            <field name="name">Schedule Tax 0.5%</field>
            <field name="country_id" ref="base.eg"/>
        </record>

        <record id="eg_tax_group_schedule_1" model="account.tax.group">
            <field name="name">Schedule Tax 1%</field>
            <field name="country_id" ref="base.eg"/>
        </record>

        <record id="eg_tax_group_schedule_5" model="account.tax.group">
            <field name="name">Schedule Tax 5%</field>
            <field name="country_id" ref="base.eg"/>
        </record>

        <record id="eg_tax_group_schedule_8" model="account.tax.group">
            <field name="name">Schedule Tax 8%</field>
            <field name="country_id" ref="base.eg"/>
        </record>

        <record id="eg_tax_group_schedule_10" model="account.tax.group">
            <field name="name">Schedule Tax 10%</field>
            <field name="country_id" ref="base.eg"/>
        </record>

        <record id="eg_tax_group_schedule_15" model="account.tax.group">
            <field name="name">Schedule Tax 15%</field>
            <field name="country_id" ref="base.eg"/>
        </record>

        <record id="eg_tax_group_schedule_30" model="account.tax.group">
            <field name="name">Schedule Tax 30%</field>
            <field name="country_id" ref="base.eg"/>
        </record>

    </data>
</odoo>
