<?xml version="1.0" encoding="utf-8"?>
<odoo>
     <record id="egypt_chart_template_standard" model="account.chart.template">
         <field name="name">Egypt Chart of Accounts - Standard</field>
         <field name="code_digits">6</field>
         <field name="bank_account_code_prefix">101</field>
         <field name="cash_account_code_prefix">105</field>
         <field name="transfer_account_code_prefix">100</field>
         <field name="currency_id" ref="base.EGP"/>
         <field name="country_id" ref="base.eg"/>
         <field name="spoken_languages" eval="'en_US;ar_001;'"/>
     </record>
</odoo>
