<?xml version="1.0" encoding="utf-8"?>
<odoo noupdate="1">
    <record id="product.product_product_1" model="product.product">
        <field name="l10n_in_hsn_code">998391</field>
        <field name="l10n_in_hsn_description">Specialty Design Services Including Interior Design, Fashion Design, Industrial Design And Other Specialty Design Services</field>
    </record>
    <record id="product.product_product_2" model="product.product">
        <field name="l10n_in_hsn_code">998391</field>
        <field name="l10n_in_hsn_description">Specialty Design Services Including Interior Design, Fashion Design, Industrial Design And Other Specialty Design Services</field>
    </record>
    <record id="product.product_product_3" model="product.product">
        <field name="l10n_in_hsn_code">9403</field>
        <field name="l10n_in_hsn_description">Other furniture and parts thereof.</field>
    </record>
    <record id="product.product_product_4" model="product.product">
        <field name="l10n_in_hsn_code">9403</field>
        <field name="l10n_in_hsn_description">Other furniture and parts thereof.</field>
    </record>
    <record id="product.product_product_4b" model="product.product">
        <field name="l10n_in_hsn_code">9403</field>
        <field name="l10n_in_hsn_description">Other furniture and parts thereof.</field>
    </record>
    <record id="product.product_product_4c" model="product.product">
        <field name="l10n_in_hsn_code">9403</field>
        <field name="l10n_in_hsn_description">Other furniture and parts thereof.</field>
    </record>
    <record id="product.product_product_5" model="product.product">
        <field name="l10n_in_hsn_code">9403</field>
        <field name="l10n_in_hsn_description">Other furniture and parts thereof.</field>
    </record>
    <record id="product.product_product_6" model="product.product">
        <field name="l10n_in_hsn_code">9403</field>
        <field name="l10n_in_hsn_description">Other furniture and parts thereof.</field>
    </record>
    <record id="product.product_product_7" model="product.product">
        <field name="l10n_in_hsn_code">48196000</field>
        <field name="l10n_in_hsn_description">Box files, letter trays, storage boxes and similar articles, of a kind used in offices, shops or the like</field>
    </record>
    <record id="product.product_product_8" model="product.product">
        <field name="l10n_in_hsn_code">9403</field>
        <field name="l10n_in_hsn_description">Other furniture and parts thereof.</field>
    </record>
    <record id="product.product_product_9" model="product.product">
        <field name="l10n_in_hsn_code">7323</field>
        <field name="l10n_in_hsn_description">Table, kitchen or other household articles and parts thereof, of iron or steel; iron or steel wool; pot scourers and scouring or polishing pads, gloves and the like, of iron or steel.</field>
    </record>
    <record id="product.product_product_10" model="product.product">
        <field name="l10n_in_hsn_code">84185000</field>
        <field name="l10n_in_hsn_description">Other furniture (chests, cabinets, display counters, show-cases and the like) for storage and display, incorporating refrigerating or freezing equipment</field>
    </record>
    <record id="product.product_product_11" model="product.product">
        <field name="l10n_in_hsn_code">94018000</field>
        <field name="l10n_in_hsn_description">Seats (other than those of heading 9402), whether or not convertible into beds, and parts thereof</field>
    </record>
    <record id="product.product_product_11b" model="product.product">
        <field name="l10n_in_hsn_code">94018000</field>
        <field name="l10n_in_hsn_description">Seats (other than those of heading 9402), whether or not convertible into beds, and parts thereof</field>
    </record>
    <record id="product.product_product_12" model="product.product">
        <field name="l10n_in_hsn_code">94018000</field>
        <field name="l10n_in_hsn_description">Seats (other than those of heading 9402), whether or not convertible into beds, and parts thereof</field>
    </record>
    <record id="product.product_product_13" model="product.product">
        <field name="l10n_in_hsn_code">9403</field>
        <field name="l10n_in_hsn_description">Other furniture and parts thereof.</field>
    </record>
    <record id="product.product_product_16" model="product.product">
        <field name="l10n_in_hsn_code">94031090</field>
        <field name="l10n_in_hsn_description">Metal furniture of a kind used in offices</field>
    </record>
    <record id="product.product_product_20" model="product.product">
        <field name="l10n_in_hsn_code">37011090</field>
        <field name="l10n_in_hsn_description">Photographic plates and film in the flat, sensitised, unexposed, of any material other than paper, paperboard or textiles; instant print film in the flat, sensitised, unexposed, whether or not in packs.</field>
    </record>
    <record id="product.product_product_22" model="product.product">
        <field name="l10n_in_hsn_code">9403</field>
        <field name="l10n_in_hsn_description">Other furniture and parts thereof.</field>
    </record>
    <record id="product.product_product_24" model="product.product">
        <field name="l10n_in_hsn_code">94031090</field>
        <field name="l10n_in_hsn_description">Metal furniture of a kind used in offices</field>
    </record>
    <record id="product.product_product_25" model="product.product">
        <field name="l10n_in_hsn_code">94031090</field>
        <field name="l10n_in_hsn_description">Metal furniture of a kind used in offices</field>
    </record>
    <record id="product.product_product_27" model="product.product">
        <field name="l10n_in_hsn_code">94031090</field>
        <field name="l10n_in_hsn_description">Metal furniture of a kind used in offices</field>
    </record>

    <!-- Expensable products -->
    <record id="product.expense_product" model="product.product">
        <field name="l10n_in_hsn_code">9963.31</field>
        <field name="l10n_in_hsn_description">Services provided by Restaurants, Cafes and similar eating facilities including takeaway services, Room services and door delivery of food.
        </field>
    </record>
    <record id="product.expense_hotel" model="product.product">
        <field name="l10n_in_hsn_code">9963.32</field>
        <field name="l10n_in_hsn_description">Services provided by Hotels, INN, Guest House, Club etc including Room services, takeaway services and door delivery of food.</field>
    </record>

    <!-- Physical Products -->
    <record id="product.product_delivery_01" model="product.product">
        <field name="l10n_in_hsn_code">94018000</field>
        <field name="l10n_in_hsn_description">Seats (other than those of heading 9402), whether or not convertible into beds, and parts thereof</field>
    </record>
    <record id="product.product_delivery_02" model="product.product">
        <field name="l10n_in_hsn_code">94051090</field>
        <field name="l10n_in_hsn_description">Lamps and lighting fittings including searchlights and spotlights and parts thereof, not elsewhere specified or included; illuminated signs, illuminated name-plates and the like, having a permanently fixed light source, and parts thereof not elsewhere specified or included</field>
    </record>
    <record id="product.product_order_01" model="product.product">
        <field name="l10n_in_hsn_code">4911.99.10</field>
        <field name="l10n_in_hsn_description">Hard copy (printed) of computer software</field>
    </record>
    <record id="product.consu_delivery_01" model="product.product">
        <field name="l10n_in_hsn_code">9401.61.00</field>
        <field name="l10n_in_hsn_description">Seats (other than those of heading 9402), whether or not convertible into beds, and parts thereof</field>
    </record>
    <record id="product.consu_delivery_02" model="product.product">
        <field name="l10n_in_hsn_code">9403.89.00</field>
        <field name="l10n_in_hsn_description">Other Furniture</field>
    </record>
    <record id="product.consu_delivery_03" model="product.product">
        <field name="l10n_in_hsn_code">9403</field>
        <field name="l10n_in_hsn_description">Other furniture and parts thereof.</field>
    </record>
</odoo>
