<?xml version="1.0" encoding="utf-8"?>
<odoo noupdate="1">
    <record id="res_partner_category_registered" model="res.partner.category">
        <field name="name">Registered</field>
        <field name="color" eval="2"/>
    </record>
    <record id="res_partner_category_unregistered" model="res.partner.category">
        <field name="name">Unregistered</field>
        <field name="color" eval="3"/>
    </record>
    <record id="res_partner_category_reseller" model="res.partner.category">
        <field name="name">Reseller</field>
        <field name="color" eval="12"/>
    </record>

    <!-- Registered Customer -->
    <record id="res_partner_registered_customer" model="res.partner">
        <field name="name">Registered Customer</field>
        <field eval="[(6, 0, [ref('l10n_in.res_partner_category_registered')])]" name="category_id"/>
        <field name="is_company">1</field>
        <field name="l10n_in_gst_treatment">regular</field>
        <field name="street">201, Second Floor, IT Tower 4</field>
        <field name="street2">InfoCity Gate - 1, Infocity</field>
        <field name="city">Gandhinagar</field>
        <field name="zip">382007</field>
        <field name="state_id" ref="base.state_in_gj"/>
        <field name="country_id" ref="base.in"/>
        <field name="vat">24AACCT6304M1ZB</field>
    </record>

    <record id="res_partner_registered_customer_intra_state" model="res.partner">
        <field name="name">Registered Customer Intra State</field>
        <field eval="[(6, 0, [ref('l10n_in.res_partner_category_registered')])]" name="category_id"/>
        <field name="is_company">1</field>
        <field name="l10n_in_gst_treatment">regular</field>
        <field name="street">floor-1, Maddikunta-Ankanpally Village</field>
        <field name="street2">Post box No 2, NH-65</field>
        <field name="city">Sangareddy</field>
        <field name="zip">500002</field>
        <field name="state_id" ref="base.state_in_ts"/>
        <field name="country_id" ref="base.in"/>
        <field name="vat">36AAACM4154G1ZO</field>
    </record>

    <!-- Unregistered Customer -->
    <record id="res_partner_unregistered_customer" model="res.partner">
        <field name="name">Unregistered Customer</field>
        <field name="l10n_in_gst_treatment">unregistered</field>
        <field eval="[(6, 0, [ref('l10n_in.res_partner_category_unregistered')])]" name="category_id"/>
        <field name="is_company">1</field>
        <field name="street">B105, yogeshwar Tower</field>
        <field name="city">Veraval</field>
        <field name="zip">362266</field>
        <field name="state_id" ref="base.state_in_gj"/>
        <field name="country_id" ref="base.in"/>
    </record>

    <!-- Unregistered Customer out of state-->
    <record id="res_partner_unregistered_customer_out_state" model="res.partner">
        <field name="name">Unregistered Customer (out state)</field>
        <field eval="[(6, 0, [ref('l10n_in.res_partner_category_unregistered')])]" name="category_id"/>
        <field name="is_company">1</field>
        <field name="street">Gulloy, Carmona Road</field>
        <field name="city">Orlim</field>
        <field name="zip">403724</field>
        <field name="state_id" ref="base.state_in_ga"/>
        <field name="country_id" ref="base.in"/>
    </record>

    <!-- Registered Customer -->
    <record id="res_partner_registered_supplier" model="res.partner">
        <field name="name">Registered Supplier</field>
        <field name="l10n_in_gst_treatment">regular</field>
        <field eval="[(6, 0, [ref('l10n_in.res_partner_category_registered')])]" name="category_id"/>
        <field name="is_company">1</field>
        <field name="street">201, Second Floor, IT Tower 4</field>
        <field name="street2">InfoCity Gate - 1, Infocity</field>
        <field name="city">Gandhinagar</field>
        <field name="zip">382007</field>
        <field name="state_id" ref="base.state_in_gj"/>
        <field name="country_id" ref="base.in"/>
        <field name="vat">24GEOPS0823BBZ1</field>
    </record>

    <!-- Unregistered Customer -->
    <record id="res_partner_unregistered_supplier" model="res.partner">
        <field name="name">Unregistered Supplier</field>
        <field eval="[(6, 0, [ref('l10n_in.res_partner_category_unregistered')])]" name="category_id"/>
        <field name="l10n_in_gst_treatment">unregistered</field>
        <field name="street">B105, yogeshwar Tower</field>
        <field name="city">Veraval</field>
        <field name="zip">362266</field>
        <field name="state_id" ref="base.state_in_gj"/>
        <field name="country_id" ref="base.in"/>
    </record>

    <!-- reseller partner -->
    <record id="res_partner_reseller" model="res.partner">
        <field name="name">Reseller(E-Commerce)</field>
        <field eval="[(6, 0, [ref('l10n_in.res_partner_category_reseller'),
            ref('l10n_in.res_partner_category_registered')])]" name="category_id"/>
        <field name="street">4/001 Ground Floor, 16th Main Rd,</field>
        <field name="l10n_in_gst_treatment">regular</field>
        <field name="city">Bengaluru</field>
        <field name="zip">560001</field>
        <field name="state_id" ref="base.state_in_ka"/>
        <field name="country_id" ref="base.in"/>
        <field name="vat">29AJIPA1572E1ZR</field>
    </record>
</odoo>
