id,name,model_id/id,group_id/id,perm_read,perm_write,perm_create,perm_unlink
access_crm_reveal_rule_manager,access_crm_reveal_rule_manager,model_crm_reveal_rule,sales_team.group_sale_manager,1,1,1,1
access_crm_reveal_rule_salesman,access_crm_reveal_rule_salesman,model_crm_reveal_rule,sales_team.group_sale_salesman,1,0,0,0
access_crm_reveal_view_manager,access_crm_reveal_view_manager,model_crm_reveal_view,sales_team.group_sale_manager,1,1,1,1
access_crm_reveal_view_salesman,access_crm_reveal_view_salesman,model_crm_reveal_view,sales_team.group_sale_salesman,1,0,0,0
