<?xml version="1.0" encoding="UTF-8"?>
<templates id="template" xml:space="preserve">

<div t-name="web_studio.NewFieldDialog" class="o_web_studio_field_dialog_form">
    <t t-if="widget.type === 'selection'">
        <t t-call="web_studio.SelectionValues"/>
    </t>
    <t t-else="">
        <t t-if="_.contains(['one2many', 'related'], widget.type)">
            <label>Select a related field:</label>
            <span class="o_many2one_field"/>
        </t>
        <t t-else="">
            <label>Relation:</label>
            <span class="o_many2one_model"/>
        </t>
    </t>
</div>

<t t-name="web_studio.SelectionValues">
    <h5>Specify all possible values</h5>
    <ul class="o_web_studio_selection_editor list-unstyled mb0" t-if="widget.selection.length">
        <li t-foreach="widget.selection" t-as="selectionValue" t-key="selectionValue_index" t-att-data-value="selectionValue[0]">
            <div class="input-group">
                <span class="input-group-text fa fa-bars" role="img" aria-label="Value of list" title="Value of list"/>
                <input class="d-none form-control o_web_studio_selection_input"/>
                <span class="form-control o_web_studio_selection_label">
                    <t t-esc="selectionValue[1]"/>
                </span>
                <button type="button" class="btn btn-primary fa fa-pencil-square-o o_web_studio_edit_selection_value" aria-label="Edit selection" title="Edit selection"/>
                <button type="button" class="btn btn-danger fa fa-trash-o o_web_studio_remove_selection_value" aria-label="Remove selection" title="Remove selection"/>
            </div>
        </li>
    </ul>
    <ul class="o_web_studio_add_selection list-unstyled">
        <li>
            <div class="input-group o_web_studio_selection_new_value">
                <span class="input-group-text fa fa-bars" role="img" aria-label="Value of list" title="Value of list"/>
                <input class="form-control o_web_studio_selection_input" placeholder="Add new value"/>
                <button type="button" class="btn btn-primary fa fa-check o_web_studio_add_selection_value" aria-label="Add selection" title="Add selection"/>
                <button type="button" class="btn btn-danger fa fa-times o_web_studio_clear_selection_value" aria-label="Clear" title="Clear"/>
            </div>
        </li>
    </ul>
</t>

<t t-name="web_studio.SelectionValues.edit">
    <div class="mb-3">
        <label class="col-form-label col-md-3" for="o_selection_label">Label</label>
        <div class="col-md-9">
            <input class="form-control" id="o_selection_label" required="required" t-att-value="element[1]"/>
        </div>
    </div>
    <div class="mb-3">
        <label class="col-form-label col-md-3" for="o_selection_value">Value</label>
        <div class="col-md-9">
            <input class="form-control" id="o_selection_value" required="required" t-att-value="element[0]"/>
        </div>
    </div>
</t>
</templates>
