<?xml version="1.0" encoding="utf-8"?>
<templates>

<t t-name="web_studio.Sidebar.web_editor_toolbar" t-extend="web_editor.toolbar" primary="True">
    <t t-jquery="div#style" t-operation="replace"/>
    <t t-jquery="div#justify" t-operation="replace"/>
    <t t-jquery="div#list" t-operation="replace"/>
    <t t-jquery="div#table" t-operation="replace"/>
    <t t-jquery="div#link" t-operation="replace"/>
    <t t-jquery="div#image-shape" t-operation="replace"/>
    <t t-jquery="div#image-padding" t-operation="replace"/>
    <t t-jquery="div#image-width" t-operation="replace"/>
    <t t-jquery="div#image-edit" t-operation="replace"/>
</t>

</templates>
