<?xml version="1.0" encoding="utf-8"?>
<odoo noupdate="1">
    <!-- Interviewer Access Rules -->
    <record id="hr_applicant_skill_interviewer_rule" model="ir.rule">
        <field name="name">Applicant Skill: Interviewer</field>
        <field name="model_id" ref="model_hr_applicant_skill"/>
        <field name="domain_force">[
            '|',
                ('applicant_id.job_id.interviewer_ids', 'in', user.id),
                ('applicant_id.interviewer_ids', 'in', user.id),
        ]</field>
        <field name="groups" eval="[(4, ref('hr_recruitment.group_hr_recruitment_interviewer'))]"/>
    </record>
</odoo>
