<?xml version="1.0" encoding="utf-8"?>
<odoo>
    <record id="tax_report" model="account.report">
        <field name="name">Tax Report</field>
        <field name="root_report_id" ref="account.generic_tax_report"/>
        <field name="country_id" ref="base.th"/>
        <field name="filter_fiscal_position" eval="True"/>
        <field name="availability_condition">country</field>
        <field name="column_ids">
            <record id="tax_report_balance" model="account.report.column">
                <field name="name">Balance</field>
                <field name="expression_label">balance</field>
            </record>
        </field>
        <field name="line_ids">
            <record id="tax_report_out_tax_title" model="account.report.line">
                <field name="name">Output Tax</field>
                <field name="aggregation_formula">OUTPUTTAX_SALEAMOUNT.balance + OUTPUTTAX_SALE_ZERO.balance + OUTPUTTAX_EXEMPTED.balance + OUTPUTTAX_TAX.balance</field>
                <field name="children_ids">
                    <record id="tax_report_out_tax_sale" model="account.report.line">
                        <field name="name">1. Sales amount</field>
                        <field name="code">OUTPUTTAX_SALEAMOUNT</field>
                        <field name="expression_ids">
                            <record id="tax_report_out_tax_sale_tag" model="account.report.expression">
                                <field name="label">balance</field>
                                <field name="engine">tax_tags</field>
                                <field name="formula">1. Sales amount</field>
                            </record>
                        </field>
                    </record>
                    <record id="tax_report_out_tax_less_sales_0_rate" model="account.report.line">
                        <field name="name">2. Less sales subject to 0% tax rate </field>
                        <field name="code">OUTPUTTAX_SALE_ZERO</field>
                        <field name="expression_ids">
                            <record id="tax_report_out_tax_less_sales_0_rate_tag" model="account.report.expression">
                                <field name="label">balance</field>
                                <field name="engine">tax_tags</field>
                                <field name="formula">2. Less sales subject to 0% tax rate </field>
                            </record>
                        </field>
                    </record>
                    <record id="tax_report_out_tax_less_exempted_sales" model="account.report.line">
                        <field name="name">3. Less exempted sales</field>
                        <field name="code">OUTPUTTAX_EXEMPTED</field>
                        <field name="expression_ids">
                            <record id="tax_report_out_tax_less_exempted_sales_tag" model="account.report.expression">
                                <field name="label">balance</field>
                                <field name="engine">tax_tags</field>
                                <field name="formula">3. Less exempted sales</field>
                            </record>
                        </field>
                    </record>
                    <record id="tax_report_out_tax_taxable_sales_amount" model="account.report.line">
                        <field name="name">4. Taxable sales amount(1. -2. -3.)</field>
                        <field name="aggregation_formula">OUTPUTTAX_SALEAMOUNT.balance-(OUTPUTTAX_SALE_ZERO.balance+OUTPUTTAX_EXEMPTED.balance)</field>
                    </record>
                    <record id="tax_report_out_tax" model="account.report.line">
                        <field name="name">5. Output tax</field>
                        <field name="code">OUTPUTTAX_TAX</field>
                        <field name="expression_ids">
                            <record id="tax_report_out_tax_tag" model="account.report.expression">
                                <field name="label">balance</field>
                                <field name="engine">tax_tags</field>
                                <field name="formula">5. Output tax</field>
                            </record>
                        </field>
                    </record>
                </field>
            </record>
            <record id="tax_report_input_tax_title" model="account.report.line">
                <field name="name">Input Tax</field>
                <field name="code">INPUTTAX</field>
                <field name="aggregation_formula">6_PURCHASE_AMOUNT_THAT_IS_ENTITLED_TO_DEDUCTION_OF_INPUT_TAX_FROM_OUTPUT_TAX_IN_TAX_COMPUTATION.balance + INPUTTAX_TAX.balance</field>
                <field name="children_ids">
                    <record id="tax_report_input_tax_purchase_from_out_tax" model="account.report.line">
                        <field name="name">6. Purchase amount that is entitled to deduction of input tax from output tax in tax computation</field>
                        <field name="code">6_PURCHASE_AMOUNT_THAT_IS_ENTITLED_TO_DEDUCTION_OF_INPUT_TAX_FROM_OUTPUT_TAX_IN_TAX_COMPUTATION</field>
                        <field name="expression_ids">
                            <record id="tax_report_input_tax_purchase_from_out_tax_tag" model="account.report.expression">
                                <field name="label">balance</field>
                                <field name="engine">tax_tags</field>
                                <field name="formula">6. Purchase amount that is entitled to deduction of input tax from output tax in tax computation</field>
                            </record>
                        </field>
                    </record>
                    <record id="tax_report_input_tax" model="account.report.line">
                        <field name="name">7. Input tax (according to invoice of purchase amount in 6.)</field>
                        <field name="code">INPUTTAX_TAX</field>
                        <field name="expression_ids">
                            <record id="tax_report_input_tax_tag" model="account.report.expression">
                                <field name="label">balance</field>
                                <field name="engine">tax_tags</field>
                                <field name="formula">7. Input tax (according to invoice of purchase amount in 6.)</field>
                            </record>
                        </field>
                    </record>
                </field>
            </record>
            <record id="tax_report_vat" model="account.report.line">
                <field name="name">Value Added Tax</field>
                <field name="aggregation_formula">10_EXCESS_TAX_PAYMENT_CARRIED_FORWARD_FROM_LAST_PERIOD.balance</field>
                <field name="children_ids">
                    <record id="tax_report_vat_payable" model="account.report.line">
                        <field name="name">8. Tax payable (5. minus 7. (if 5. is greater than 7.))</field>
                        <field name="expression_ids">
                            <record id="tax_report_vat_payable_balance" model="account.report.expression">
                                <field name="label">balance</field>
                                <field name="engine">aggregation</field>
                                <field name="formula">OUTPUTTAX_TAX.balance - INPUTTAX_TAX.balance</field>
                                <field name="subformula">if_above(THB(0))</field>
                            </record>
                        </field>
                    </record>
                    <record id="tax_report_vat_excess" model="account.report.line">
                        <field name="name">9. Excess tax payable (7. minus 5. (if 5. is less than 7.))</field>
                        <field name="expression_ids">
                            <record id="tax_report_vat_excess_balance" model="account.report.expression">
                                <field name="label">balance</field>
                                <field name="engine">aggregation</field>
                                <field name="formula">INPUTTAX_TAX.balance - OUTPUTTAX_TAX.balance</field>
                                <field name="subformula">if_above(THB(0))</field>
                            </record>
                        </field>
                    </record>
                    <record id="tax_report_vat_payment_last_period" model="account.report.line">
                        <field name="name">10. Excess tax payment carried forward from last period</field>
                        <field name="code">10_EXCESS_TAX_PAYMENT_CARRIED_FORWARD_FROM_LAST_PERIOD</field>
                        <field name="expression_ids">
                            <record id="tax_report_vat_payment_last_period_formula" model="account.report.expression">
                                <field name="label">balance</field>
                                <field name="engine">external</field>
                                <field name="formula">sum</field>
                                <field name="subformula">editable;rounding=2</field>
                            </record>
                        </field>
                    </record>
                </field>
            </record>
            <record id="tax_report_net_vat" model="account.report.line">
                <field name="name">Net Tax</field>
                <field name="aggregation_formula">11_NET_TAX_PAYABLE_IF_8_IS_GREATER_THAN_10.balance + 12_NET_EXCESS_TAX_PAYABLE_IF_10_IS_GREATER_THAN_8_OR_9_PLUS_10.balance</field>
                <field name="children_ids">
                    <record id="tax_report_net_vat_payable" model="account.report.line">
                        <field name="name">11. Net tax payable (if 8. is greater than 10.)</field>
                        <field name="code">11_NET_TAX_PAYABLE_IF_8_IS_GREATER_THAN_10</field>
                        <field name="expression_ids">
                            <record id="tax_report_net_vat_payable_tag" model="account.report.expression">
                                <field name="label">balance</field>
                                <field name="engine">tax_tags</field>
                                <field name="formula">11. Net tax payable (if 8. is greater than 10.)</field>
                            </record>
                        </field>
                    </record>
                    <record id="tax_report_net_vat_excess" model="account.report.line">
                        <field name="name">12. Net excess tax payable ((if 10. is greater than 8.) or (9. plus 10.))</field>
                        <field name="code">12_NET_EXCESS_TAX_PAYABLE_IF_10_IS_GREATER_THAN_8_OR_9_PLUS_10</field>
                        <field name="expression_ids">
                            <record id="tax_report_net_vat_excess_tag" model="account.report.expression">
                                <field name="label">balance</field>
                                <field name="engine">tax_tags</field>
                                <field name="formula">12. Net excess tax payable ((if 10. is greater than 8.) or (9. plus 10.))</field>
                            </record>
                        </field>
                    </record>
                </field>
            </record>
        </field>
    </record>
</odoo>
