<?xml version="1.0" encoding="utf-8"?>
<odoo>
    <data noupdate="1">
        <record id="tax_group_1" model="account.tax.group">
            <field name="name">TAX 1%</field>
            <field name="country_id" ref="base.th"/>
        </record>
        <record id="tax_group_2" model="account.tax.group">
            <field name="name">TAX 2%</field>
            <field name="country_id" ref="base.th"/>
        </record>
        <record id="tax_group_3" model="account.tax.group">
            <field name="name">TAX 3%</field>
            <field name="country_id" ref="base.th"/>
        </record>
        <record id="tax_group_5" model="account.tax.group">
            <field name="name">TAX 5%</field>
            <field name="country_id" ref="base.th"/>
        </record>
        <record id="tax_group_vat_7" model="account.tax.group">
            <field name="name">VAT 7%</field>
            <field name="country_id" ref="base.th"/>
        </record>

    </data>
</odoo>
