<?xml version="1.0" encoding="UTF-8"?>
<odoo>
    <!-- Chart template -->
    <record id="l10n_ie" model="account.chart.template">
        <field name="name">IE Tax and Account Chart Template</field>
        <field name="bank_account_code_prefix">1200</field>
        <field name="cash_account_code_prefix">1210</field>
        <field name="transfer_account_code_prefix">1220</field>
        <field name="code_digits">6</field>
        <field name="currency_id" ref="base.EUR"/>
        <field name="country_id" ref="base.ie"/>
    </record>

</odoo>
