<?xml version="1.0" encoding="utf-8"?>
<odoo>
    <data>
        <record id="l10n_chart_de_skr04" model="account.chart.template">
            <field name="name">Deutscher Kontenplan SKR04</field>
            <field name="cash_account_code_prefix">160</field>
            <field name="bank_account_code_prefix">180</field>
            <field name="transfer_account_code_prefix">1460</field>
            <field name="currency_id" ref="base.EUR"/>
            <field name="country_id" ref="base.de"/>
        </record>
    </data>
</odoo>
