<?xml version="1.0" encoding="utf-8"?>
<odoo>
    <data noupdate="1">
        <record id="tax_group_0" model="account.tax.group">
            <field name="name">USt 0%</field>
            <field name="country_id" ref="base.de"/>
        </record>
        <record id="tax_group_7" model="account.tax.group">
            <field name="name">USt 7%</field>
            <field name="country_id" ref="base.de"/>
        </record>
        <record id="tax_group_55" model="account.tax.group">
            <field name="name">USt 5,5%</field>
            <field name="country_id" ref="base.de"/>
        </record>
        <record id="tax_group_107" model="account.tax.group">
            <field name="name">USt 10,7%</field>
            <field name="country_id" ref="base.de"/>
        </record>
        <record id="tax_group_x" model="account.tax.group">
            <field name="name">USt x%</field>
            <field name="country_id" ref="base.de"/>
        </record>
        <record id="tax_group_19" model="account.tax.group">
            <field name="name">USt 19%</field>
            <field name="country_id" ref="base.de"/>
        </record>
    </data>
</odoo>
