<?xml version="1.0" encoding="utf-8"?>
<odoo>
    <data>
        <record id="l10n_de_chart_template" model="account.chart.template">
            <field name="name">Deutscher Kontenplan SKR03</field>
            <field name="cash_account_code_prefix">100</field>
            <field name="bank_account_code_prefix">120</field>
            <field name="transfer_account_code_prefix">1360</field>
            <field name="currency_id" ref="base.EUR"/>
            <field name="country_id" ref="base.de"/>
        </record>
    </data>
</odoo>