<?xml version="1.0" encoding="utf-8"?>
<odoo>
    <record id="l10n_es.account_tax_template_s_iva21b" model="account.tax.template">
        <field name="l10n_es_type">sujeto</field>
        <field name="tax_scope">consu</field>
    </record>
    <record id="l10n_es.account_tax_template_s_iva21s" model="account.tax.template">
        <field name="l10n_es_type">sujeto</field>
        <field name="tax_scope">service</field>
    </record>
    <record id="l10n_es.account_tax_template_s_iva21isp" model="account.tax.template">
        <field name="l10n_es_type">sujeto_isp</field>
    </record>
    <record id="l10n_es.account_tax_template_p_iva21_bc" model="account.tax.template">
        <field name="name">21% IVA soportado (bienes corrientes)</field>
        <field name="l10n_es_type">sujeto</field>
        <field name="tax_scope">consu</field>
    </record>
    <record id="l10n_es.account_tax_template_p_iva21_sc" model="account.tax.template">
        <field name="name">21% IVA soportado (servicios corrientes)</field>
        <field name="l10n_es_type">sujeto</field>
        <field name="tax_scope">service</field>
    </record>
    <record id="l10n_es.account_tax_template_p_iva21_sp_in" model="account.tax.template">
        <field name="name">IVA 21% Adquisición de servicios intracomunitarios</field>
        <field name="l10n_es_type">sujeto</field>
        <field name="tax_scope">service</field>
    </record>
    <record id="l10n_es.account_tax_template_p_iva21_ic_bc" model="account.tax.template">
        <field name="name">IVA 21% Adquisición Intracomunitaria. Bienes corrientes</field>
        <field name="l10n_es_type">sujeto</field>
        <field name="tax_scope">consu</field>
    </record>
    <record id="l10n_es.account_tax_template_p_iva21_ic_bi" model="account.tax.template">
        <field name="name">IVA 21% Adquisición Intracomunitaria. Bienes de inversión</field>
        <field name="l10n_es_type">sujeto</field>
        <field name="tax_scope">consu</field>
    </record>
    <record id="l10n_es.account_tax_template_p_iva21_ibc" model="account.tax.template">
        <field name="name">IVA 21% Importaciones bienes corrientes</field>
        <field name="l10n_es_type">sujeto</field>
        <field name="tax_scope">consu</field>
    </record>
    <record id="l10n_es.account_tax_template_p_iva21_ibi" model="account.tax.template">
        <field name="name">IVA 21% Importaciones bienes de inversión</field>
        <field name="l10n_es_type">sujeto</field>
        <field name="tax_scope">consu</field>
    </record>
    <record id="l10n_es.account_tax_template_p_irpf21td" model="account.tax.template">
        <field name="name">Retenciones IRPF (Trabajadores) dinerarios</field>
        <field name="l10n_es_type">retencion</field>
    </record>
    <record id="l10n_es.account_tax_template_p_iva4_sp_ex" model="account.tax.template">
        <field name="name">IVA 4% Adquisición de servicios extracomunitarios</field>
        <field name="l10n_es_type">sujeto_isp</field>
        <field name="tax_scope">consu</field>
    </record>
    <record id="l10n_es.account_tax_template_p_iva10_sp_ex" model="account.tax.template">
        <field name="name">IVA 10% Adquisición de servicios extracomunitarios</field>
        <field name="l10n_es_type">sujeto_isp</field>
        <field name="tax_scope">consu</field>
    </record>
    <record id="l10n_es.account_tax_template_p_iva21_sp_ex" model="account.tax.template">
        <field name="name">IVA 21% Adquisición de servicios extracomunitarios</field>
        <field name="l10n_es_type">sujeto_isp</field>
        <field name="tax_scope">service</field>
    </record>
    <record id="l10n_es.account_tax_template_p_iva4_ic_bc" model="account.tax.template">
        <field name="name">IVA 4% Adquisición Intracomunitario. Bienes corrientes</field>
        <field name="l10n_es_type">sujeto</field>
        <field name="tax_scope">consu</field>
    </record>
    <record id="l10n_es.account_tax_template_p_iva4_ic_bi" model="account.tax.template">
        <field name="name">IVA 4% Adquisición Intracomunitario. Bienes de inversión</field>
        <field name="l10n_es_type">sujeto</field>
        <field name="tax_scope">consu</field>
    </record>
    <record id="l10n_es.account_tax_template_p_iva10_ic_bc" model="account.tax.template">
        <field name="name">IVA 10% Adquisición Intracomunitario. Bienes corrientes</field>
        <field name="l10n_es_type">sujeto</field>
        <field name="tax_scope">consu</field>
    </record>
    <record id="l10n_es.account_tax_template_p_iva10_ic_bi" model="account.tax.template">
        <field name="name">IVA 10% Adquisición Intracomunitario. Bienes de inversión</field>
        <field name="l10n_es_type">sujeto</field>
        <field name="tax_scope">consu</field>
    </record>
    <record id="l10n_es.account_tax_template_s_iva0_sp_i" model="account.tax.template">
        <field name="name">IVA 0% Prestación de servicios intracomunitario</field>
        <field name="l10n_es_type">no_sujeto</field>
        <field name="tax_scope">service</field>
    </record>
    <record id="l10n_es.account_tax_template_s_iva_ns" model="account.tax.template">
        <field name="name">No sujeto Repercutido (Servicios)</field>
        <field name="l10n_es_type">no_sujeto</field>
        <field name="tax_scope">service</field>
    </record>
    <record id="l10n_es.account_tax_template_s_iva_ns_b" model="account.tax.template">
        <field name="name">No sujeto Repercutido (Bienes)</field>
        <field name="l10n_es_type">no_sujeto</field>
        <field name="tax_scope">consu</field>
    </record>
    <record id="l10n_es.account_tax_template_s_iva_e" model="account.tax.template">
        <field name="name">IVA 0% Prestación de servicios extracomunitaria</field>
        <field name="l10n_es_type">no_sujeto</field>
        <field name="tax_scope">service</field>
    </record>
    <record id="l10n_es.account_tax_template_p_iva4_ibc" model="account.tax.template">
        <field name="name">IVA 4% Importaciones bienes corrientes</field>
        <field name="l10n_es_type">sujeto</field>
        <field name="tax_scope">consu</field>
    </record>
    <record id="l10n_es.account_tax_template_p_iva4_ibi" model="account.tax.template">
        <field name="name">IVA 4% Importaciones bienes de inversión</field>
        <field name="l10n_es_type">sujeto</field>
        <field name="tax_scope">consu</field>
    </record>
    <record id="l10n_es.account_tax_template_p_iva10_ibc" model="account.tax.template">
        <field name="name">IVA 10% Importaciones bienes corrientes</field>
        <field name="l10n_es_type">sujeto</field>
        <field name="tax_scope">consu</field>
    </record>
    <record id="l10n_es.account_tax_template_p_iva10_ibi" model="account.tax.template">
        <field name="name">IVA 10% Importaciones bienes de inversión</field>
        <field name="l10n_es_type">sujeto</field>
        <field name="tax_scope">consu</field>
    </record>
    <record id="l10n_es.account_tax_template_p_iva4_bi" model="account.tax.template">
        <field name="name">4% IVA Soportado (bienes de inversión)</field>
        <field name="l10n_es_type">sujeto</field>
        <field name="tax_scope">consu</field>
        <field name="l10n_es_bien_inversion">True</field>
    </record>
    <record id="l10n_es.account_tax_template_p_iva4_sc" model="account.tax.template">
        <field name="name">4% IVA soportado (servicios corrientes)</field>
        <field name="l10n_es_type">sujeto</field>
        <field name="tax_scope">consu</field>
    </record>
    <record id="l10n_es.account_tax_template_p_iva10_bi" model="account.tax.template">
        <field name="name">10% IVA Soportado (bienes de inversión)</field>
        <field name="l10n_es_type">sujeto</field>
        <field name="tax_scope">consu</field>
        <field name="l10n_es_bien_inversion">True</field>
    </record>
    <record id="l10n_es.account_tax_template_p_iva21_bi" model="account.tax.template">
        <field name="name">21% IVA Soportado (bienes de inversión)</field>
        <field name="l10n_es_type">sujeto</field>
        <field name="tax_scope">consu</field>
        <field name="l10n_es_bien_inversion">True</field>
    </record>
    <record id="l10n_es.account_tax_template_p_iva10_bc" model="account.tax.template">
        <field name="name">10% IVA soportado (bienes corrientes)</field>
        <field name="l10n_es_type">sujeto</field>
        <field name="tax_scope">consu</field>
    </record>
    <record id="l10n_es.account_tax_template_p_iva4_bc" model="account.tax.template">
        <field name="name">4% IVA soportado (bienes corrientes)</field>
        <field name="l10n_es_type">sujeto</field>
        <field name="tax_scope">consu</field>
    </record>
    <record id="l10n_es.account_tax_template_p_iva10_sc" model="account.tax.template">
        <field name="name">10% IVA soportado (servicios corrientes)</field>
        <field name="l10n_es_type">sujeto</field>
        <field name="tax_scope">consu</field>
    </record>
    <record id="l10n_es.account_tax_template_s_iva0" model="account.tax.template">
        <field name="name">IVA Exento Repercutido Sujeto</field>
        <field name="l10n_es_type">exento</field>
        <field name="l10n_es_exempt_reason">E1</field>
    </record>
    <record id="l10n_es.account_tax_template_s_iva0_ns" model="account.tax.template">
        <field name="name">IVA Exento Repercutido No Sujeto</field>
        <field name="l10n_es_type">ignore</field>
    </record>
    <record id="l10n_es.account_tax_template_s_req05" model="account.tax.template">
        <field name="name">0.50% Recargo Equivalencia Ventas</field>
        <field name="l10n_es_type">recargo</field>
    </record>
    <record id="l10n_es.account_tax_template_s_iva4b" model="account.tax.template">
        <field name="name">IVA 4% (Bienes)</field>
        <field name="l10n_es_type">sujeto</field>
        <field name="tax_scope">consu</field>
    </record>
    <record id="l10n_es.account_tax_template_s_iva10b" model="account.tax.template">
        <field name="name">IVA 10% (Bienes)</field>
        <field name="l10n_es_type">sujeto</field>
        <field name="tax_scope">consu</field>
    </record>
    <record id="l10n_es.account_tax_template_p_iva0_nd" model="account.tax.template">
        <field name="name">21% IVA Soportado no deducible</field>
        <field name="l10n_es_type">no_deducible</field>
    </record>
    <record id="l10n_es.account_tax_template_p_iva10_nd" model="account.tax.template">
        <field name="name">10% IVA Soportado no deducible</field>
        <field name="l10n_es_type">no_deducible</field>
    </record>
    <record id="l10n_es.account_tax_template_p_iva4_nd" model="account.tax.template">
        <field name="name">4% IVA Soportado no deducible</field>
        <field name="l10n_es_type">no_deducible</field>
    </record>
    <record id="l10n_es.account_tax_template_s_iva4s" model="account.tax.template">
        <field name="name">IVA 4% (Servicios)</field>
        <field name="l10n_es_type">sujeto</field>
        <field name="tax_scope">service</field>
    </record>
    <record id="l10n_es.account_tax_template_s_iva10s" model="account.tax.template">
        <field name="name">IVA 10% (Servicios)</field>
        <field name="l10n_es_type">sujeto</field>
        <field name="tax_scope">service</field>
    </record>
    <record id="l10n_es.account_tax_template_s_req014" model="account.tax.template">
        <field name="name">1.4% Recargo Equivalencia Ventas</field>
        <field name="l10n_es_type">recargo</field>
    </record>
    <record id="l10n_es.account_tax_template_s_req52" model="account.tax.template">
        <field name="name">5.2% Recargo Equivalencia Ventas</field>
        <field name="l10n_es_type">recargo</field>
    </record>
    <record id="l10n_es.account_tax_template_p_iva0_bc" model="account.tax.template">
        <field name="name">IVA Soportado exento (operaciones corrientes)</field>
        <field name="l10n_es_type">sujeto</field>
        <field name="tax_scope">consu</field>
    </record>
    <record id="l10n_es.account_tax_template_p_iva0_ns" model="account.tax.template">
        <field name="name">IVA Soportado no sujeto (Servicios)</field>
        <field name="l10n_es_type">no_sujeto</field>
        <field name="tax_scope">service</field>
    </record>
    <record id="l10n_es.account_tax_template_p_iva0_ns_b" model="account.tax.template">
        <field name="name">IVA Soportado no sujeto (Bienes)</field>
        <field name="l10n_es_type">no_sujeto</field>
        <field name="tax_scope">consu</field>
    </record>
    <record id="l10n_es.account_tax_template_s_irpf9" model="account.tax.template">
        <field name="name">Retenciones a cuenta IRPF 9%</field>
        <field name="l10n_es_type">retencion</field>
    </record>
    <record id="l10n_es.account_tax_template_s_irpf18" model="account.tax.template">
        <field name="name">Retenciones a cuenta IRPF 18%</field>
        <field name="l10n_es_type">retencion</field>
    </record>
    <record id="l10n_es.account_tax_template_s_irpf19" model="account.tax.template">
        <field name="name">Retenciones a cuenta IRPF 19%</field>
        <field name="l10n_es_type">retencion</field>
    </record>
    <record id="l10n_es.account_tax_template_s_irpf19a" model="account.tax.template">
        <field name="name">Retenciones a cuenta 19% (Arrendamientos)</field>
        <field name="l10n_es_type">retencion</field>
    </record>
    <record id="l10n_es.account_tax_template_s_irpf195a" model="account.tax.template">
        <field name="name">Retenciones a cuenta 19,5% (Arrendamientos)</field>
        <field name="l10n_es_type">retencion</field>
    </record>
    <record id="l10n_es.account_tax_template_p_irpf19" model="account.tax.template">
        <field name="name">Retenciones IRPF 19%</field>
        <field name="l10n_es_type">retencion</field>
    </record>
    <record id="l10n_es.account_tax_template_p_irpf20a" model="account.tax.template">
        <field name="name">Retenciones 20% (Arrendamientos)</field>
        <field name="l10n_es_type">retencion</field>
    </record>
    <record id="l10n_es.account_tax_template_p_irpf18" model="account.tax.template">
        <field name="name">Retenciones IRPF 18%</field>
        <field name="l10n_es_type">retencion</field>
    </record>
    <record id="l10n_es.account_tax_template_p_irpf19a" model="account.tax.template">
        <field name="name">Retenciones 19% (Arrendamientos)</field>
        <field name="l10n_es_type">retencion</field>
    </record>
    <record id="l10n_es.account_tax_template_p_irpf195a" model="account.tax.template">
        <field name="name">Retenciones 19,5% (Arrendamientos)</field>
        <field name="l10n_es_type">retencion</field>
    </record>
    <record id="l10n_es.account_tax_template_p_irpf7" model="account.tax.template">
        <field name="name">Retenciones IRPF 7%</field>
        <field name="l10n_es_type">retencion</field>
    </record>
    <record id="l10n_es.account_tax_template_p_irpf9" model="account.tax.template">
        <field name="name">Retenciones IRPF 9%</field>
        <field name="l10n_es_type">retencion</field>
    </record>
    <record id="l10n_es.account_tax_template_p_irpf24" model="account.tax.template">
        <field name="name">Retenciones IRPF 14%</field>
        <field name="l10n_es_type">retencion</field>
    </record>
    <record id="l10n_es.account_tax_template_s_irpf20" model="account.tax.template">
        <field name="name">Retenciones a cuenta IRPF 20%</field>
        <field name="l10n_es_type">retencion</field>
    </record>
    <record id="l10n_es.account_tax_template_s_irpf20a" model="account.tax.template">
        <field name="name">Retenciones a cuenta 20% (Arrendamientos)</field>
        <field name="l10n_es_type">retencion</field>
    </record>
    <record id="l10n_es.account_tax_template_s_irpf24" model="account.tax.template">
        <field name="name">Retenciones a cuenta IRPF 24%</field>
        <field name="l10n_es_type">retencion</field>
    </record>
    <record id="l10n_es.account_tax_template_p_iva12_agr" model="account.tax.template">
        <field name="name">12% IVA Soportado régimen agricultura</field>
        <field name="l10n_es_type">sujeto_agricultura</field>
    </record>
    <record id="l10n_es.account_tax_template_p_iva105_gan" model="account.tax.template">
        <field name="name">10,5% IVA Soportado régimen ganadero o pesca</field>
        <!-- TODO: could not find anything back -->
    </record>
    <record id="l10n_es.account_tax_template_s_iva0_e" model="account.tax.template">
        <field name="name">IVA 0% Exportaciones</field>
        <field name="l10n_es_type">exento</field>
        <field name="l10n_es_exempt_reason">E2</field> <!--E2 for exportation-->
        <field name="tax_scope">consu</field>
    </record>
    <record id="l10n_es.account_tax_template_s_iva0_ic" model="account.tax.template">
        <field name="name">IVA 0% Entregas Intracomunitarias exentas</field>
        <field name="l10n_es_type">exento</field>
        <field name="l10n_es_exempt_reason">E5</field> <!--E5  for intra-community-->
        <field name="tax_scope">consu</field>
    </record>
    <record id="l10n_es.account_tax_template_p_req014" model="account.tax.template">
        <field name="name">1.4% Recargo Equivalencia Compras</field>
        <field name="l10n_es_type">recargo</field>
    </record>
    <record id="l10n_es.account_tax_template_p_req05" model="account.tax.template">
        <field name="name">0.50% Recargo Equivalencia Compras</field>
        <field name="l10n_es_type">recargo</field>
    </record>
    <record id="l10n_es.account_tax_template_p_req52" model="account.tax.template">
        <field name="name">5.2% Recargo Equivalencia Compras</field>
        <field name="l10n_es_type">recargo</field>
    </record>
    <record id="l10n_es.account_tax_template_s_irpf1" model="account.tax.template">
        <field name="name">Retenciones a cuenta IRPF 1%</field>
        <field name="l10n_es_type">retencion</field>
    </record>
    <record id="l10n_es.account_tax_template_s_irpf2" model="account.tax.template">
        <field name="name">Retenciones a cuenta IRPF 2%</field>
        <field name="l10n_es_type">retencion</field>
    </record>
    <record id="l10n_es.account_tax_template_s_irpf21" model="account.tax.template">
        <field name="name">Retenciones a cuenta IRPF 21%</field>
        <field name="l10n_es_type">retencion</field>
    </record>
    <record id="l10n_es.account_tax_template_s_irpf21a" model="account.tax.template">
        <field name="name">Retenciones a cuenta 21% (Arrendamientos)</field>
        <field name="l10n_es_type">retencion</field>
    </record>
    <record id="l10n_es.account_tax_template_s_irpf7" model="account.tax.template">
        <field name="name">Retenciones a cuenta IRPF 7%</field>
        <field name="l10n_es_type">retencion</field>
    </record>
    <record id="l10n_es.account_tax_template_s_irpf15" model="account.tax.template">
        <field name="name">Retenciones a cuenta IRPF 15%</field>
        <field name="l10n_es_type">retencion</field>
    </record>
    <record id="l10n_es.account_tax_template_p_irpf1" model="account.tax.template">
        <field name="name">Retenciones IRPF 1%</field>
        <field name="l10n_es_type">retencion</field>
    </record>
    <record id="l10n_es.account_tax_template_p_irpf15" model="account.tax.template">
        <field name="name">Retenciones IRPF 15%</field>
        <field name="l10n_es_type">retencion</field>
    </record>
    <record id="l10n_es.account_tax_template_p_irpf21t" model="account.tax.template">
        <field name="name">Retenciones IRPF (Trabajadores)</field>
        <field name="l10n_es_type">retencion</field>
    </record>
    <record id="l10n_es.account_tax_template_p_iva10_sp_in" model="account.tax.template">
        <field name="name">IVA 10% Adquisición de servicios intracomunitarios</field>
        <field name="l10n_es_type">retencion</field>
    </record>
    <record id="l10n_es.account_tax_template_p_iva4_sp_in" model="account.tax.template">
        <field name="name">IVA 4% Adquisición de servicios intracomunitarios</field>
        <field name="l10n_es_type">retencion</field>
    </record>
    <record id="l10n_es.account_tax_template_p_irpf21te" model="account.tax.template">
        <field name="name">Retenciones IRPF (Trabajadores) en especie</field>
        <field name="l10n_es_type">retencion</field>
    </record>
    <record id="l10n_es.account_tax_template_p_irpf20" model="account.tax.template">
        <field name="name">Retenciones IRPF 20%</field>
        <field name="l10n_es_type">retencion</field>
    </record>
    <record id="l10n_es.account_tax_template_p_irpf21a" model="account.tax.template">
        <field name="name">Retenciones 21% (Arrendamientos)</field>
        <field name="l10n_es_type">retencion</field>
    </record>
    <record id="l10n_es.account_tax_template_p_irpf21p" model="account.tax.template">
        <field name="name">Retenciones IRPF 21%</field>
        <field name="l10n_es_type">retencion</field>
    </record>
    <record id="l10n_es.account_tax_template_p_irpf2" model="account.tax.template">
        <field name="name">Retenciones IRPF 2%</field>
        <field name="l10n_es_type">retencion</field>
    </record>
    <record id="l10n_es.account_tax_template_s_iva0_isp" model="account.tax.template">
        <field name="name">IVA 0% Venta con Inversión del Sujeto Pasivo</field>
        <field name="l10n_es_type">sujeto_isp</field>
    </record>
    <record id="l10n_es.account_tax_template_p_iva4_isp" model="account.tax.template">
        <field name="name">IVA 4% Compra con Inversión del Sujeto Pasivo Nacional</field>
        <field name="l10n_es_type">sujeto_isp</field>
    </record>
    <record id="l10n_es.account_tax_template_p_iva10_isp" model="account.tax.template">
        <field name="name">IVA 10% Compra con Inversión del Sujeto Pasivo Nacional</field>
        <field name="l10n_es_type">sujeto_isp</field>
    </record>
    <record id="l10n_es.account_tax_template_p_iva21_isp" model="account.tax.template">
        <field name="name">IVA 21% Compra con Inversión del Sujeto Pasivo Nacional</field>
        <field name="l10n_es_type">sujeto_isp</field>
    </record>
    <record id="l10n_es.account_tax_template_p_rp19" model="account.tax.template">
        <field name="name">Retenciones 19% (préstamos)</field>
        <field name="l10n_es_type">retencion</field>
    </record>
    <record id="l10n_es.account_tax_template_p_rrD19" model="account.tax.template">
        <field name="name">Retenciones 19% (reparto de dividendos)</field>
        <field name="l10n_es_type">retencion</field>
    </record>
</odoo>
