id,name,model_id/id,group_id/id,perm_read,perm_write,perm_create,perm_unlink
access_crm_iap_lead_industry,access_crm_iap_lead_industry,model_crm_iap_lead_industry,sales_team.group_sale_manager,1,1,1,1
access_crm_iap_lead_role,access_crm_iap_lead_role,model_crm_iap_lead_role,sales_team.group_sale_manager,1,1,1,1
access_crm_iap_lead_seniority,access_crm_iap_lead_seniority,model_crm_iap_lead_seniority,sales_team.group_sale_manager,1,1,1,1
access_crm_iap_lead_mining_request,access_crm_iap_lead_mining_request,model_crm_iap_lead_mining_request,sales_team.group_sale_manager,1,1,1,1
access_crm_iap_lead_helpers,access_crm_iap_lead_helpers,model_crm_iap_lead_helpers,,0,0,0,0
