<?xml version="1.0" encoding="utf-8"?>
<odoo>
    <data noupdate="0">
        <!-- Account Tax Group -->
        <record id="ae_tax_group_5" model="account.tax.group">
            <field name="country_id" ref="base.ae"/>
            <field name="name">VAT 5%</field>
        </record>
        <record id="ae_tax_group_0" model="account.tax.group">
            <field name="country_id" ref="base.ae"/>
            <field name="name">VAT 0%</field>
        </record>
        <record id="ae_tax_group_exempted" model="account.tax.group">
            <field name="country_id" ref="base.ae"/>
            <field name="name">VAT Exempted</field>
        </record>
    </data>
</odoo>
