id,employee_id:id,skill_id:id,skill_type_id:id,skill_level_id:id
employee_skill_admin_spark,hr.employee_admin,hr_skill_spark,hr_skill_type_dev,hr_skill_level_intermediate
employee_skill_admin_flute,hr.employee_admin,hr_skill_flute,hr_skill_type_music,hr_skill_level_l2
employee_skill_admin_singing,hr.employee_admin,hr_skill_singing,hr_skill_type_music,hr_skill_level_l1
employee_skill_admin_violin,hr.employee_admin,hr_skill_violin,hr_skill_type_music,hr_skill_level_l2
employee_skill_admin_piano,hr.employee_admin,hr_skill_piano,hr_skill_type_music,hr_skill_level_l2
employee_skill_al_analytics,hr.employee_al,hr_skill_analytics,hr_skill_type_marketing,hr_skill_level_ml3
employee_skill_al_digital_ad,hr.employee_al,hr_skill_digital_ad,hr_skill_type_marketing,hr_skill_level_ml1
employee_skill_al_public,hr.employee_al,hr_skill_public,hr_skill_type_marketing,hr_skill_level_ml1
employee_skill_al_com,hr.employee_al,hr_skill_com,hr_skill_type_marketing,hr_skill_level_ml1
employee_skill_al_french,hr.employee_al,hr_skill_french,hr_skill_type_lang,hr_skill_level_c1
employee_skill_al_nosql,hr.employee_al,hr_skill_nosql,hr_skill_type_dev,hr_skill_level_beginner
employee_skill_al_django,hr.employee_al,hr_skill_django,hr_skill_type_dev,hr_skill_level_advanced
employee_skill_al_python,hr.employee_al,hr_skill_python,hr_skill_type_dev,hr_skill_level_advanced
employee_skill_mit_piano,hr.employee_mit,hr_skill_piano,hr_skill_type_music,hr_skill_level_l3
employee_skill_mit_singing,hr.employee_mit,hr_skill_singing,hr_skill_type_music,hr_skill_level_l2
employee_skill_mit_violin,hr.employee_mit,hr_skill_violin,hr_skill_type_music,hr_skill_level_l4
employee_skill_mit_flute,hr.employee_mit,hr_skill_flute,hr_skill_type_music,hr_skill_level_l2
employee_skill_mit_email,hr.employee_mit,hr_skill_email,hr_skill_type_marketing,hr_skill_level_ml2
employee_skill_mit_public,hr.employee_mit,hr_skill_public,hr_skill_type_marketing,hr_skill_level_ml3
employee_skill_mit_cms,hr.employee_mit,hr_skill_cms,hr_skill_type_marketing,hr_skill_level_ml1
employee_skill_mit_com,hr.employee_mit,hr_skill_com,hr_skill_type_marketing,hr_skill_level_ml1
employee_skill_mit_js,hr.employee_mit,hr_skill_js,hr_skill_type_dev,hr_skill_level_elementary
employee_skill_niv_email,hr.employee_niv,hr_skill_email,hr_skill_type_marketing,hr_skill_level_ml1
employee_skill_niv_public,hr.employee_niv,hr_skill_public,hr_skill_type_marketing,hr_skill_level_ml4
employee_skill_niv_c,hr.employee_niv,hr_skill_c,hr_skill_type_dev,hr_skill_level_expert
employee_skill_niv_android,hr.employee_niv,hr_skill_android,hr_skill_type_dev,hr_skill_level_intermediate
employee_skill_niv_nosql,hr.employee_niv,hr_skill_nosql,hr_skill_type_dev,hr_skill_level_beginner
employee_skill_niv_flute,hr.employee_niv,hr_skill_flute,hr_skill_type_music,hr_skill_level_l4
employee_skill_niv_singing,hr.employee_niv,hr_skill_singing,hr_skill_type_music,hr_skill_level_l4
employee_skill_stw_com,hr.employee_stw,hr_skill_com,hr_skill_type_marketing,hr_skill_level_ml4
employee_skill_stw_digital_ad,hr.employee_stw,hr_skill_digital_ad,hr_skill_type_marketing,hr_skill_level_ml2
employee_skill_chs_digital_ad,hr.employee_chs,hr_skill_digital_ad,hr_skill_type_marketing,hr_skill_level_ml3
employee_skill_chs_email,hr.employee_chs,hr_skill_email,hr_skill_type_marketing,hr_skill_level_ml3
employee_skill_chs_arabic,hr.employee_chs,hr_skill_arabic,hr_skill_type_lang,hr_skill_level_c1
employee_skill_chs_piano,hr.employee_chs,hr_skill_piano,hr_skill_type_music,hr_skill_level_l4
employee_skill_qdp_com,hr.employee_qdp,hr_skill_com,hr_skill_type_marketing,hr_skill_level_ml4
employee_skill_qdp_email,hr.employee_qdp,hr_skill_email,hr_skill_type_marketing,hr_skill_level_ml4
employee_skill_qdp_analytics,hr.employee_qdp,hr_skill_analytics,hr_skill_type_marketing,hr_skill_level_ml2
employee_skill_qdp_nosql,hr.employee_qdp,hr_skill_nosql,hr_skill_type_dev,hr_skill_level_advanced
employee_skill_qdp_js,hr.employee_qdp,hr_skill_js,hr_skill_type_dev,hr_skill_level_expert
employee_skill_qdp_flute,hr.employee_qdp,hr_skill_flute,hr_skill_type_music,hr_skill_level_l1
employee_skill_qdp_violin,hr.employee_qdp,hr_skill_violin,hr_skill_type_music,hr_skill_level_l4
employee_skill_qdp_singing,hr.employee_qdp,hr_skill_singing,hr_skill_type_music,hr_skill_level_l4
employee_skill_qdp_bengali,hr.employee_qdp,hr_skill_bengali,hr_skill_type_lang,hr_skill_level_b2
employee_skill_qdp_english,hr.employee_qdp,hr_skill_english,hr_skill_type_lang,hr_skill_level_b1
employee_skill_fme_spark,hr.employee_fme,hr_skill_spark,hr_skill_type_dev,hr_skill_level_beginner
employee_skill_fme_com,hr.employee_fme,hr_skill_com,hr_skill_type_marketing,hr_skill_level_ml2
employee_skill_fpi_django,hr.employee_fpi,hr_skill_django,hr_skill_type_dev,hr_skill_level_expert
employee_skill_fpi_violin,hr.employee_fpi,hr_skill_violin,hr_skill_type_music,hr_skill_level_l1
employee_skill_fpi_piano,hr.employee_fpi,hr_skill_piano,hr_skill_type_music,hr_skill_level_l1
employee_skill_fpi_singing,hr.employee_fpi,hr_skill_singing,hr_skill_type_music,hr_skill_level_l4
employee_skill_fpi_flute,hr.employee_fpi,hr_skill_flute,hr_skill_type_music,hr_skill_level_l2
employee_skill_fpi_cms,hr.employee_fpi,hr_skill_cms,hr_skill_type_marketing,hr_skill_level_ml1
employee_skill_jth_hadoop,hr.employee_jth,hr_skill_hadoop,hr_skill_type_dev,hr_skill_level_expert
employee_skill_jth_nosql,hr.employee_jth,hr_skill_nosql,hr_skill_type_dev,hr_skill_level_elementary
employee_skill_jth_c,hr.employee_jth,hr_skill_c,hr_skill_type_dev,hr_skill_level_intermediate
employee_skill_ngh_violin,hr.employee_ngh,hr_skill_violin,hr_skill_type_music,hr_skill_level_l4
employee_skill_ngh_piano,hr.employee_ngh,hr_skill_piano,hr_skill_type_music,hr_skill_level_l1
employee_skill_ngh_flute,hr.employee_ngh,hr_skill_flute,hr_skill_type_music,hr_skill_level_l4
employee_skill_vad_sql,hr.employee_vad,hr_skill_sql,hr_skill_type_dev,hr_skill_level_intermediate
employee_skill_vad_js,hr.employee_vad,hr_skill_js,hr_skill_type_dev,hr_skill_level_elementary
employee_skill_vad_spark,hr.employee_vad,hr_skill_spark,hr_skill_type_dev,hr_skill_level_expert
employee_skill_vad_python,hr.employee_vad,hr_skill_python,hr_skill_type_dev,hr_skill_level_expert
employee_skill_vad_french,hr.employee_vad,hr_skill_french,hr_skill_type_lang,hr_skill_level_a2
employee_skill_vad_singing,hr.employee_vad,hr_skill_singing,hr_skill_type_music,hr_skill_level_l2
employee_skill_vad_public,hr.employee_vad,hr_skill_public,hr_skill_type_marketing,hr_skill_level_ml1
employee_skill_vad_cms,hr.employee_vad,hr_skill_cms,hr_skill_type_marketing,hr_skill_level_ml3
employee_skill_vad_analytics,hr.employee_vad,hr_skill_analytics,hr_skill_type_marketing,hr_skill_level_ml1
employee_skill_vad_digital_ad,hr.employee_vad,hr_skill_digital_ad,hr_skill_type_marketing,hr_skill_level_ml3
employee_skill_han_bengali,hr.employee_han,hr_skill_bengali,hr_skill_type_lang,hr_skill_level_b2
employee_skill_han_python,hr.employee_han,hr_skill_python,hr_skill_type_dev,hr_skill_level_advanced
employee_skill_han_react,hr.employee_han,hr_skill_react,hr_skill_type_dev,hr_skill_level_advanced
employee_skill_han_analytics,hr.employee_han,hr_skill_analytics,hr_skill_type_marketing,hr_skill_level_ml1
employee_skill_han_digital_ad,hr.employee_han,hr_skill_digital_ad,hr_skill_type_marketing,hr_skill_level_ml4
employee_skill_han_violin,hr.employee_han,hr_skill_violin,hr_skill_type_music,hr_skill_level_l1
employee_skill_han_flute,hr.employee_han,hr_skill_flute,hr_skill_type_music,hr_skill_level_l1
employee_skill_han_piano,hr.employee_han,hr_skill_piano,hr_skill_type_music,hr_skill_level_l3
employee_skill_jve_cms,hr.employee_jve,hr_skill_cms,hr_skill_type_marketing,hr_skill_level_ml1
employee_skill_jve_email,hr.employee_jve,hr_skill_email,hr_skill_type_marketing,hr_skill_level_ml1
employee_skill_jve_digital_ad,hr.employee_jve,hr_skill_digital_ad,hr_skill_type_marketing,hr_skill_level_ml1
employee_skill_jve_com,hr.employee_jve,hr_skill_com,hr_skill_type_marketing,hr_skill_level_ml4
employee_skill_jve_violin,hr.employee_jve,hr_skill_violin,hr_skill_type_music,hr_skill_level_l2
employee_skill_jve_singing,hr.employee_jve,hr_skill_singing,hr_skill_type_music,hr_skill_level_l3
employee_skill_jve_flute,hr.employee_jve,hr_skill_flute,hr_skill_type_music,hr_skill_level_l4
employee_skill_jve_piano,hr.employee_jve,hr_skill_piano,hr_skill_type_music,hr_skill_level_l3
employee_skill_jve_french,hr.employee_jve,hr_skill_french,hr_skill_type_lang,hr_skill_level_b1
employee_skill_jve_spark,hr.employee_jve,hr_skill_spark,hr_skill_type_dev,hr_skill_level_expert
employee_skill_jve_c,hr.employee_jve,hr_skill_c,hr_skill_type_dev,hr_skill_level_elementary
employee_skill_jve_js,hr.employee_jve,hr_skill_js,hr_skill_type_dev,hr_skill_level_expert
employee_skill_jve_hadoop,hr.employee_jve,hr_skill_hadoop,hr_skill_type_dev,hr_skill_level_advanced
employee_skill_jep_piano,hr.employee_jep,hr_skill_piano,hr_skill_type_music,hr_skill_level_l1
employee_skill_jep_flute,hr.employee_jep,hr_skill_flute,hr_skill_type_music,hr_skill_level_l4
employee_skill_jep_singing,hr.employee_jep,hr_skill_singing,hr_skill_type_music,hr_skill_level_l4
employee_skill_jep_violin,hr.employee_jep,hr_skill_violin,hr_skill_type_music,hr_skill_level_l4
employee_skill_jod_singing,hr.employee_jod,hr_skill_singing,hr_skill_type_music,hr_skill_level_l4
employee_skill_jod_violin,hr.employee_jod,hr_skill_violin,hr_skill_type_music,hr_skill_level_l4
employee_skill_jod_filipino,hr.employee_jod,hr_skill_filipino,hr_skill_type_lang,hr_skill_level_c1
employee_skill_jod_spark,hr.employee_jod,hr_skill_spark,hr_skill_type_dev,hr_skill_level_advanced
employee_skill_jod_sql,hr.employee_jod,hr_skill_sql,hr_skill_type_dev,hr_skill_level_expert
employee_skill_jod_analytics,hr.employee_jod,hr_skill_analytics,hr_skill_type_marketing,hr_skill_level_ml1
employee_skill_jod_public,hr.employee_jod,hr_skill_public,hr_skill_type_marketing,hr_skill_level_ml2
employee_skill_jog_violin,hr.employee_jog,hr_skill_violin,hr_skill_type_music,hr_skill_level_l4
employee_skill_jog_singing,hr.employee_jog,hr_skill_singing,hr_skill_type_music,hr_skill_level_l1
employee_skill_jog_public,hr.employee_jog,hr_skill_public,hr_skill_type_marketing,hr_skill_level_ml1
employee_skill_jog_cms,hr.employee_jog,hr_skill_cms,hr_skill_type_marketing,hr_skill_level_ml1
employee_skill_jog_filipino,hr.employee_jog,hr_skill_filipino,hr_skill_type_lang,hr_skill_level_c1
employee_skill_jog_german,hr.employee_jog,hr_skill_german,hr_skill_type_lang,hr_skill_level_c1
employee_skill_jog_bengali,hr.employee_jog,hr_skill_bengali,hr_skill_type_lang,hr_skill_level_a1
employee_skill_jog_django,hr.employee_jog,hr_skill_django,hr_skill_type_dev,hr_skill_level_elementary
employee_skill_jog_react,hr.employee_jog,hr_skill_react,hr_skill_type_dev,hr_skill_level_beginner
employee_skill_jgo_digital_ad,hr.employee_jgo,hr_skill_digital_ad,hr_skill_type_marketing,hr_skill_level_ml3
employee_skill_jgo_public,hr.employee_jgo,hr_skill_public,hr_skill_type_marketing,hr_skill_level_ml2
employee_skill_jgo_analytics,hr.employee_jgo,hr_skill_analytics,hr_skill_type_marketing,hr_skill_level_ml1
employee_skill_jgo_com,hr.employee_jgo,hr_skill_com,hr_skill_type_marketing,hr_skill_level_ml1
employee_skill_lur_english,hr.employee_lur,hr_skill_english,hr_skill_type_lang,hr_skill_level_c2
employee_skill_lur_french,hr.employee_lur,hr_skill_french,hr_skill_type_lang,hr_skill_level_a1
employee_skill_lur_singing,hr.employee_lur,hr_skill_singing,hr_skill_type_music,hr_skill_level_l3
employee_skill_hne_spanish,hr.employee_hne,hr_skill_spanish,hr_skill_type_lang,hr_skill_level_c1
employee_skill_hne_cms,hr.employee_hne,hr_skill_cms,hr_skill_type_marketing,hr_skill_level_ml4
employee_skill_hne_public,hr.employee_hne,hr_skill_public,hr_skill_type_marketing,hr_skill_level_ml3
employee_skill_hne_com,hr.employee_hne,hr_skill_com,hr_skill_type_marketing,hr_skill_level_ml4
employee_skill_hne_digital_ad,hr.employee_hne,hr_skill_digital_ad,hr_skill_type_marketing,hr_skill_level_ml3
employee_skill_hne_singing,hr.employee_hne,hr_skill_singing,hr_skill_type_music,hr_skill_level_l2
employee_skill_hne_flute,hr.employee_hne,hr_skill_flute,hr_skill_type_music,hr_skill_level_l3
employee_skill_hne_piano,hr.employee_hne,hr_skill_piano,hr_skill_type_music,hr_skill_level_l4
employee_skill_hne_sql,hr.employee_hne,hr_skill_sql,hr_skill_type_dev,hr_skill_level_expert
