<?xml version="1.0" encoding="utf-8"?>
<odoo>
    <!-- Account Chart Template -->
    <record id="fi_chart_template" model="account.chart.template">
        <field name="name">Finnish Chart of Accounts</field>
        <field name="cash_account_code_prefix">1910</field>
        <field name="bank_account_code_prefix">1921</field>
        <field name="transfer_account_code_prefix">1950</field>
        <field name="code_digits">4</field>
        <field name="currency_id" ref="base.EUR"/>
        <field name="country_id" ref="base.fi"/>
    </record>
</odoo>
