<?xml version="1.0" encoding="utf-8"?>
<odoo>
    <data noupdate="1">
        <record id="tax_group_24" model="account.tax.group">
            <field name="name">VAT 24%</field>
            <field name="country_id" ref="base.fi"/>
        </record>
        <record id="tax_group_14" model="account.tax.group">
            <field name="name">VAT 14%</field>
            <field name="country_id" ref="base.fi"/>
        </record>
        <record id="tax_group_10" model="account.tax.group">
            <field name="name">VAT 10%</field>
            <field name="country_id" ref="base.fi"/>
        </record>
        <record id="tax_group_0" model="account.tax.group">
            <field name="name">VAT 0%</field>
            <field name="country_id" ref="base.fi"/>
        </record>
    </data>
</odoo>
