<?xml version="1.0" encoding="utf-8"?>
<odoo noupdate="1">
    <!-- Tags for accounts -->
    <record id="account_tag_development_costs" model="account.account.tag">
        <field name="name">Tase: Kehittämismenot</field>
        <field name="applicability">accounts</field>
    </record>
    <record id="account_tag_immaterial_rights" model="account.account.tag">
        <field name="name">Tase: Aineettomat oikeudet</field>
        <field name="applicability">accounts</field>
    </record>
    <record id="account_tag_goodwill" model="account.account.tag">
        <field name="name">Tase: Liikearvo</field>
        <field name="applicability">accounts</field>
    </record>
    <record id="account_tag_other_long_term_expenses" model="account.account.tag">
        <field name="name">Tase: Muut pitkävaikutteiset menot</field>
        <field name="applicability">accounts</field>
    </record>
    <record id="account_tag_advance_payments_intangible" model="account.account.tag">
        <field name="name">Tase: Ennakkomaksut aineettomat</field>
        <field name="applicability">accounts</field>
    </record>
    <record id="account_tag_land_and_water_areas_owned" model="account.account.tag">
        <field name="name">Tase: Maa- ja vesialueet omistetut</field>
        <field name="applicability">accounts</field>
    </record>
    <record id="account_tag_land_and_water_rights_lease" model="account.account.tag">
        <field name="name">Tase: Maa- ja vesialueet vuokraoikeudet</field>
        <field name="applicability">accounts</field>
    </record>
    <record id="account_tag_buildings_owned" model="account.account.tag">
        <field name="name">Tase: Rakennukset omistetut</field>
        <field name="applicability">accounts</field>
    </record>
    <record id="account_tag_building_leases" model="account.account.tag">
        <field name="name">Tase: Rakennukset vuokraoikeudet</field>
        <field name="applicability">accounts</field>
    </record>
    <record id="account_tag_machines_and_hardware" model="account.account.tag">
        <field name="name">Tase: Koneet ja kalusto</field>
        <field name="applicability">accounts</field>
    </record>
    <record id="account_tag_other_tangible_assets" model="account.account.tag">
        <field name="name">Tase: Muut aineelliset hyödykkeet</field>
        <field name="applicability">accounts</field>
    </record>
    <record id="account_tag_payments_on_account_tangible" model="account.account.tag">
        <field name="name">Tase: Ennakkomaksut aineelliset</field>
        <field name="applicability">accounts</field>
    </record>
    <record id="account_tag_shares_in_group_companies" model="account.account.tag">
        <field name="name">Tase: Osuudet saman konsernin yrityksissä</field>
        <field name="applicability">accounts</field>
    </record>
    <record id="account_tag_receivables_from_associated_companies_investments" model="account.account.tag">
        <field name="name">Tase: Saamiset saman konsernin yrityksiltä sijoitukset</field>
        <field name="applicability">accounts</field>
    </record>
    <record id="account_tag_shares_in_associated_companies" model="account.account.tag">
        <field name="name">Tase: Osuudet omistusyhteysyrityksissä</field>
        <field name="applicability">accounts</field>
    </record>
    <record id="account_tag_receivables_from_associated_companies_investments" model="account.account.tag">
        <field name="name">Tase: Saamiset omistusyhteysyrityksiltä sijoitukset</field>
        <field name="applicability">accounts</field>
    </record>
    <record id="account_tag_other_shares_and_participations" model="account.account.tag">
        <field name="name">Tase: Muut osakkeet ja osuudet</field>
        <field name="applicability">accounts</field>
    </record>
    <record id="account_tag_other_receivables_investments" model="account.account.tag">
        <field name="name">Tase: Muut saamiset sijoitukset</field>
        <field name="applicability">accounts</field>
    </record>
    <record id="account_tag_materials_and_supplies_inventories" model="account.account.tag">
        <field name="name">Tase: Aineet ja tarvikkeet vaihto-omaisuus</field>
        <field name="applicability">accounts</field>
    </record>
    <record id="account_tag_work_in_progress" model="account.account.tag">
        <field name="name">Tase: Keskeneräiset tuotteet</field>
        <field name="applicability">accounts</field>
    </record>
    <record id="account_tag_finished_goods_inventories" model="account.account.tag">
        <field name="name">Tase: Valmiit tuotteet ja tavarat vaihto-omaisuus</field>
        <field name="applicability">accounts</field>
    </record>
    <record id="account_tag_goods_in_transit" model="account.account.tag">
        <field name="name">Tase: Matkalla olevat tavarat</field>
        <field name="applicability">accounts</field>
    </record>
    <record id="account_tag_other_current_assets" model="account.account.tag">
        <field name="name">Tase: Muu vaihto-omaisuus</field>
        <field name="applicability">accounts</field>
    </record>
    <record id="account_tag_advance_payments_for_property" model="account.account.tag">
        <field name="name">Tase: Ennakkomaksut vaihto-omaisuus</field>
        <field name="applicability">accounts</field>
    </record>
    <record id="account_tag_trade_receivables_long-term" model="account.account.tag">
        <field name="name">Tase: Myyntisaamiset pitkäaikaiset</field>
        <field name="applicability">accounts</field>
    </record>
    <record id="account_tag_receivables_from_group_long-term" model="account.account.tag">
        <field name="name">Tase: Saamiset konserni pitkäaikaiset</field>
        <field name="applicability">accounts</field>
    </record>
    <record id="account_tag_receivables_from_associated_companies_non-current" model="account.account.tag">
        <field name="name">Tase: Saamiset omistusyhteysyritykset pitkäaikaiset</field>
        <field name="applicability">accounts</field>
    </record>
    <record id="account_tag_loan_receivables_long-term" model="account.account.tag">
        <field name="name">Tase: Lainasaamiset pitkäaikaiset</field>
        <field name="applicability">accounts</field>
    </record>
    <record id="account_tag_deferred_tax_assets_are_long-term" model="account.account.tag">
        <field name="name">Tase: Laskennalliset verosaamiset pitkäaikaiset</field>
        <field name="applicability">accounts</field>
    </record>
    <record id="account_tag_other_long-term_receivables" model="account.account.tag">
        <field name="name">Tase: Muut saamiset pitkäaikaiset</field>
        <field name="applicability">accounts</field>
    </record>
    <record id="account_tag_unpaid_shares_of_long-term" model="account.account.tag">
        <field name="name">Tase: Maksamattomat osuudet pitkäaikaiset</field>
        <field name="applicability">accounts</field>
    </record>
    <record id="account_tag_prepaid_expenses_and_long-term" model="account.account.tag">
        <field name="name">Tase: Siirtosaamiset pitkäaikaiset</field>
        <field name="applicability">accounts</field>
    </record>
    <record id="account_tag_accounts_receivable" model="account.account.tag">
        <field name="name">Tase: Myyntisaamiset</field>
        <field name="applicability">accounts</field>
    </record>
    <record id="account_tag_trade_group" model="account.account.tag">
        <field name="name">Tase: Myyntisaamiset konserni</field>
        <field name="applicability">accounts</field>
    </record>
    <record id="account_tag_receivables_from_group" model="account.account.tag">
        <field name="name">Tase: Saamiset konserni</field>
        <field name="applicability">accounts</field>
    </record>
    <record id="account_tag_accounts_receivable_from_associated_companies" model="account.account.tag">
        <field name="name">Tase: Myyntisaamiset omistusyhteysyritykset</field>
        <field name="applicability">accounts</field>
    </record>
    <record id="account_tag_receivables_from_associated_companies" model="account.account.tag">
        <field name="name">Tase: Saamiset omistusyhteysyritykset</field>
        <field name="applicability">accounts</field>
    </record>
    <record id="account_tag_loans" model="account.account.tag">
        <field name="name">Tase: Lainasaamiset</field>
        <field name="applicability">accounts</field>
    </record>
    <record id="account_tag_deferred_tax_assets" model="account.account.tag">
        <field name="name">Tase: Laskennalliset verosaamiset</field>
        <field name="applicability">accounts</field>
    </record>
    <record id="account_tag_other_receivables" model="account.account.tag">
        <field name="name">Tase: Muut saamiset</field>
        <field name="applicability">accounts</field>
    </record>
    <record id="account_tag_unpaid_contributions" model="account.account.tag">
        <field name="name">Tase: Maksamattomat osuudet</field>
        <field name="applicability">accounts</field>
    </record>
    <record id="account_tag_prepayments_and_accrued_income" model="account.account.tag">
        <field name="name">Tase: Siirtosaamiset</field>
        <field name="applicability">accounts</field>
    </record>
    <record id="account_tag_shares_in_the_consolidated_financial_securities" model="account.account.tag">
        <field name="name">Tase: Osuudet konserni rahoitusarvopaperit</field>
        <field name="applicability">accounts</field>
    </record>
    <record id="account_tag_other_shares_and_marketable_securities" model="account.account.tag">
        <field name="name">Tase: Muut osakkeet ja osuudet rahoitusarvopaperit</field>
        <field name="applicability">accounts</field>
    </record>
    <record id="account_tag_other_financial_assets" model="account.account.tag">
        <field name="name">Tase: Muut rahoitusarvopaperit</field>
        <field name="applicability">accounts</field>
    </record>
    <record id="account_tag_liquidity" model="account.account.tag">
        <field name="name">Tase: Rahat ja pankkisaamiset</field>
        <field name="applicability">accounts</field>
    </record>
    <record id="account_tag_stock_capital" model="account.account.tag">
        <field name="name">Tase: Osake-, osuus- tai muu vastaava pääoma</field>
        <field name="applicability">accounts</field>
    </record>
    <record id="account_tag_share_premium_account" model="account.account.tag">
        <field name="name">Tase: Ylikurssirahasto</field>
        <field name="applicability">accounts</field>
    </record>
    <record id="account_tag_revaluation_reserve" model="account.account.tag">
        <field name="name">Tase: Arvonkorotusrahasto</field>
        <field name="applicability">accounts</field>
    </record>
    <record id="account_tag_the_invested_unrestricted_equity_fund" model="account.account.tag">
        <field name="name">Tase: Sijoitetun vapaan oman pääoman rahasto</field>
        <field name="applicability">accounts</field>
    </record>
    <record id="account_tag_reserve" model="account.account.tag">
        <field name="name">Tase: Vararahasto</field>
        <field name="applicability">accounts</field>
    </record>
    <record id="account_tag_the_articles_of_association_or_fund_under_the_rules" model="account.account.tag">
        <field name="name">Tase: Yhtiöjärjestyksen tai sääntöjen mukainen rahasto</field>
        <field name="applicability">accounts</field>
    </record>
    <record id="account_tag_the_fair_value_reserve" model="account.account.tag">
        <field name="name">Tase: Käyvän arvon rahasto</field>
        <field name="applicability">accounts</field>
    </record>
    <record id="account_tag_other_reserves" model="account.account.tag">
        <field name="name">Tase: Muut rahastot</field>
        <field name="applicability">accounts</field>
    </record>
    <record id="account_tag_retained_earnings" model="account.account.tag">
        <field name="name">Tase: Edellisten tilikausien tulos</field>
        <field name="applicability">accounts</field>
    </record>
    <record id="account_tag_profit_for_the_period" model="account.account.tag">
        <field name="name">Tase: Tilikauden tulos</field>
        <field name="applicability">accounts</field>
    </record>
    <record id="account_tag_depreciation_difference" model="account.account.tag">
        <field name="name">Tase: Poistoero</field>
        <field name="applicability">accounts</field>
    </record>
    <record id="account_tag_tax_based_reservations" model="account.account.tag">
        <field name="name">Tase: Verotusperäiset varaukset</field>
        <field name="applicability">accounts</field>
    </record>
    <record id="account_tag_provisions_for_pensions" model="account.account.tag">
        <field name="name">Tase: Eläkevaraukset</field>
        <field name="applicability">accounts</field>
    </record>
    <record id="account_tag_tax_provisions" model="account.account.tag">
        <field name="name">Tase: Verovaraukset</field>
        <field name="applicability">accounts</field>
    </record>
    <record id="account_tag_other_provisions" model="account.account.tag">
        <field name="name">Tase: Muut pakolliset varaukset</field>
        <field name="applicability">accounts</field>
    </record>
    <record id="account_tag_subordinated_loans_long-term" model="account.account.tag">
        <field name="name">Tase: Pääomalainat pitkäaikaiset</field>
        <field name="applicability">accounts</field>
    </record>
    <record id="account_tag_bonds_are_long-term" model="account.account.tag">
        <field name="name">Tase: Joukkovelkakirjalainat pitkäaikaiset</field>
        <field name="applicability">accounts</field>
    </record>
    <record id="account_tag_convertible_bonds_long-term" model="account.account.tag">
        <field name="name">Tase: Vaihtovelkakirjalainat pitkäaikaiset</field>
        <field name="applicability">accounts</field>
    </record>
    <record id="account_tag_loans_from_financial_institutions_long-term" model="account.account.tag">
        <field name="name">Tase: Lainat rahoituslaitoksilta pitkäaikaiset</field>
        <field name="applicability">accounts</field>
    </record>
    <record id="account_tag_pension_loans_long-term" model="account.account.tag">
        <field name="name">Tase: Eläkelainat pitkäaikaiset</field>
        <field name="applicability">accounts</field>
    </record>
    <record id="account_tag_advances_received_long-term" model="account.account.tag">
        <field name="name">Tase: Saadut ennakot pitkäaikaiset</field>
        <field name="applicability">accounts</field>
    </record>
    <record id="account_tag_accounts_payable-current" model="account.account.tag">
        <field name="name">Tase: Ostovelat pitkäaikaiset</field>
        <field name="applicability">accounts</field>
    </record>
    <record id="account_tag_bills_of_long-term" model="account.account.tag">
        <field name="name">Tase: Rahoitusvekselit pitkäaikaiset</field>
        <field name="applicability">accounts</field>
    </record>
    <record id="account_tag_consolidated_long-term_liabilities" model="account.account.tag">
        <field name="name">Tase: Velat konserni pitkäaikaiset</field>
        <field name="applicability">accounts</field>
    </record>
    <record id="account_tag_payables_to_associated_companies_non-current" model="account.account.tag">
        <field name="name">Tase: Velat omistusyhteysyritykset pitkäaikaiset</field>
        <field name="applicability">accounts</field>
    </record>
    <record id="account_tag_deferred_tax_liabilities_are_long-term" model="account.account.tag">
        <field name="name">Tase: Laskennalliset verovelat pitkäaikaiset</field>
        <field name="applicability">accounts</field>
    </record>
    <record id="account_tag_other_long-term_liabilities" model="account.account.tag">
        <field name="name">Tase: Muut velat pitkäaikaiset</field>
        <field name="applicability">accounts</field>
    </record>
    <record id="account_tag_accrued_long-term" model="account.account.tag">
        <field name="name">Tase: Siirtovelat pitkäaikaiset</field>
        <field name="applicability">accounts</field>
    </record>
    <record id="account_tag_capital_loans_are_short-term" model="account.account.tag">
        <field name="name">Tase: Pääomalainat lyhytaikaiset</field>
        <field name="applicability">accounts</field>
    </record>
    <record id="account_tag_bonds_short-term" model="account.account.tag">
        <field name="name">Tase: Joukkovelkakirjalainat lyhytaikaiset</field>
        <field name="applicability">accounts</field>
    </record>
    <record id="account_tag_convertible_bonds_short-term" model="account.account.tag">
        <field name="name">Tase: Vaihtovelkakirjalainat lyhytaikaiset</field>
        <field name="applicability">accounts</field>
    </record>
    <record id="account_tag_loans_from_financial_institutions_short-term" model="account.account.tag">
        <field name="name">Tase: Lainat rahoituslaitoksilta lyhytaikaiset</field>
        <field name="applicability">accounts</field>
    </record>
    <record id="account_tag_pension_loans_short-term" model="account.account.tag">
        <field name="name">Tase: Eläkelainat lyhytaikaiset</field>
        <field name="applicability">accounts</field>
    </record>
    <record id="account_tag_advances_received_short-term" model="account.account.tag">
        <field name="name">Tase: Saadut ennakot lyhytaikaiset</field>
        <field name="applicability">accounts</field>
    </record>
    <record id="account_tag_accounts_payable" model="account.account.tag">
        <field name="name">Tase: Ostovelat</field>
        <field name="applicability">accounts</field>
    </record>
    <record id="account_tag_bills_of_short-term" model="account.account.tag">
        <field name="name">Tase: Rahoitusvekselit lyhytaikaiset</field>
        <field name="applicability">accounts</field>
    </record>
    <record id="account_tag_trade_payables_to_group" model="account.account.tag">
        <field name="name">Tase: Ostovelat konserni</field>
        <field name="applicability">accounts</field>
    </record>
    <record id="account_tag_group_short-term_liabilities" model="account.account.tag">
        <field name="name">Tase: Velat konserni lyhytaikaiset</field>
        <field name="applicability">accounts</field>
    </record>
    <record id="account_tag_trade_payables_to_associated_companies" model="account.account.tag">
        <field name="name">Tase: Ostovelat omistusyhteysyritykset</field>
        <field name="applicability">accounts</field>
    </record>
    <record id="account_tag_payables_to_associated_companies" model="account.account.tag">
        <field name="name">Tase: Velat omistusyhteysyritykset</field>
        <field name="applicability">accounts</field>
    </record>
    <record id="account_tag_deferred_tax_liabilities_are_short-term" model="account.account.tag">
        <field name="name">Tase: Laskennalliset verovelat lyhytaikaiset</field>
        <field name="applicability">accounts</field>
    </record>
    <record id="account_tag_other_short-term_liabilities" model="account.account.tag">
        <field name="name">Tase: Muut velat lyhytaikaiset</field>
        <field name="applicability">accounts</field>
    </record>
    <record id="account_tag_accrued_liabilities_short-term" model="account.account.tag">
        <field name="name">Tase: Siirtovelat lyhytaikaiset</field>
        <field name="applicability">accounts</field>
    </record>
    <record id="account_tag_sales" model="account.account.tag">
        <field name="name">Tulos: Myynti</field>
        <field name="applicability">accounts</field>
    </record>
    <record id="account_tag_sales_adjustment_items" model="account.account.tag">
        <field name="name">Tulos: Myynnin oikaisuerät</field>
        <field name="applicability">accounts</field>
    </record>
    <record id="account_tag_manufacturing_warehouse_change" model="account.account.tag">
        <field name="name">Tulos: Valmiiden ja keskeneräisten tuotteiden varastojen muutos</field>
        <field name="applicability">accounts</field>
    </record>
    <record id="account_tag_manufacturing_own_use" model="account.account.tag">
        <field name="name">Tulos: Valmistus omaan käyttöön</field>
        <field name="applicability">accounts</field>
    </record>
    <record id="account_tag_income_other" model="account.account.tag">
        <field name="name">Tulos: Liiketoiminnan muut tuotot</field>
        <field name="applicability">accounts</field>
    </record>
    <record id="account_tag_purchases" model="account.account.tag">
        <field name="name">Tulos: Ostot</field>
        <field name="applicability">accounts</field>
    </record>
    <record id="account_tag_purchases_adjustment_items" model="account.account.tag">
        <field name="name">Tulos: Ostojen oikaisuerät</field>
        <field name="applicability">accounts</field>
    </record>
    <record id="account_tag_change_in_inventories" model="account.account.tag">
        <field name="name">Tulos: Varastojen muutos</field>
        <field name="applicability">accounts</field>
    </record>
    <record id="account_tag_external_services" model="account.account.tag">
        <field name="name">Tulos: Ulkopuoliset palvelut</field>
        <field name="applicability">accounts</field>
    </record>
    <record id="account_tag_wages_and_salaries_in_production" model="account.account.tag">
        <field name="name">Tulos: Palkat ja palkkiot tuotanto</field>
        <field name="applicability">accounts</field>
    </record>
    <record id="account_tag_wages_and_salaries_other" model="account.account.tag">
        <field name="name">Tulos: Palkat ja palkkiot muut</field>
        <field name="applicability">accounts</field>
    </record>
    <record id="account_tag_pension_costs_of_production" model="account.account.tag">
        <field name="name">Tulos: Eläkekulut tuotanto</field>
        <field name="applicability">accounts</field>
    </record>
    <record id="account_tag_pension_costs_other" model="account.account.tag">
        <field name="name">Tulos: Eläkekulut muut</field>
        <field name="applicability">accounts</field>
    </record>
    <record id="account_tag_other_additional_expenses_production" model="account.account.tag">
        <field name="name">Tulos: Muut sivukulut tuotanto</field>
        <field name="applicability">accounts</field>
    </record>
    <record id="account_tag_other_additional_expenses_other" model="account.account.tag">
        <field name="name">Tulos: Muut sivukulut muut</field>
        <field name="applicability">accounts</field>
    </record>
    <record id="account_tag_depreciation_according_to_plan" model="account.account.tag">
        <field name="name">Tulos: Suunnitelman mukaiset poistot</field>
        <field name="applicability">accounts</field>
    </record>
    <record id="account_tag_impairment_of_fixed_assets" model="account.account.tag">
        <field name="name">Tulos: Arvonalentumiset pysyvät vastaavat</field>
        <field name="applicability">accounts</field>
    </record>
    <record id="account_tag_impairment_losses_financial_assets_current_assets" model="account.account.tag">
        <field name="name">Tulos: Arvonalentumiset vaihtuvat vastaavat</field>
        <field name="applicability">accounts</field>
    </record>
    <record id="account_tag_personnel_other" model="account.account.tag">
        <field name="name">Tulos: Henkilöstö muut</field>
        <field name="applicability">accounts</field>
    </record>
    <record id="account_tag_premises_costs" model="account.account.tag">
        <field name="name">Tulos: Toimitilakulut</field>
        <field name="applicability">accounts</field>
    </record>
    <record id="account_tag_vehicle_expenses" model="account.account.tag">
        <field name="name">Tulos: Ajoneuvokulut</field>
        <field name="applicability">accounts</field>
    </record>
    <record id="account_tag_it_expenses" model="account.account.tag">
        <field name="name">Tulos: IT-kulut</field>
        <field name="applicability">accounts</field>
    </record>
    <record id="account_tag_in_machinery_and_equipment_expenses" model="account.account.tag">
        <field name="name">Tulos: Kone- ja kalustokulut</field>
        <field name="applicability">accounts</field>
    </record>
    <record id="account_tag_travelling" model="account.account.tag">
        <field name="name">Tulos: Matkat</field>
        <field name="applicability">accounts</field>
    </record>
    <record id="account_tag_representation" model="account.account.tag">
        <field name="name">Tulos: Edustus</field>
        <field name="applicability">accounts</field>
    </record>
    <record id="account_tag_selling_expenses" model="account.account.tag">
        <field name="name">Tulos: Myyntikulut</field>
        <field name="applicability">accounts</field>
    </record>
    <record id="account_tag_marketing_expenses" model="account.account.tag">
        <field name="name">Tulos: Markkinointikulut</field>
        <field name="applicability">accounts</field>
    </record>
    <record id="account_tag_research_and_development" model="account.account.tag">
        <field name="name">Tulos: Tutkimus ja kehitys</field>
        <field name="applicability">accounts</field>
    </record>
    <record id="account_tag_administrative_services" model="account.account.tag">
        <field name="name">Tulos: Hallintopalvelut</field>
        <field name="applicability">accounts</field>
    </record>
    <record id="account_tag_other_administrative_expenses" model="account.account.tag">
        <field name="name">Tulos: Muut hallintokulut</field>
        <field name="applicability">accounts</field>
    </record>
    <record id="account_tag_other_fixed_costs" model="account.account.tag">
        <field name="name">Tulos: Muut kiinteät kulut</field>
        <field name="applicability">accounts</field>
    </record>
    <record id="account_tag_income_from_shares_in_group" model="account.account.tag">
        <field name="name">Tulos: Tuotot osuuksista konserni</field>
        <field name="applicability">accounts</field>
    </record>
    <record id="account_tag_income_from_associated_company" model="account.account.tag">
        <field name="name">Tulos: Tuotot osuuksista omistusyhteysyritys</field>
        <field name="applicability">accounts</field>
    </record>
    <record id="account_tag_investment_income_other_current_assets_group" model="account.account.tag">
        <field name="name">Tulos: Sijoitustuotot muut pysyvät vastaavat konserni</field>
        <field name="applicability">accounts</field>
    </record>
    <record id="account_tag_other_investment_income_from_fixed_assets" model="account.account.tag">
        <field name="name">Tulos: Muut sijoitustuotot pysyvät vastaavat</field>
        <field name="applicability">accounts</field>
    </record>
    <record id="account_tag_interest_and_financial_income_from_group" model="account.account.tag">
        <field name="name">Tulos: Korko ja rahoitustuotot konserni</field>
        <field name="applicability">accounts</field>
    </record>
    <record id="account_tag_other_interest_and_financial_income" model="account.account.tag">
        <field name="name">Tulos: Muut korko ja rahoitustuotot</field>
        <field name="applicability">accounts</field>
    </record>
    <record id="account_tag_impairment_losses_on_investments_in_fixed_assets" model="account.account.tag">
        <field name="name">Tulos: Arvonalentumiset sijoitukset pysyvät vastaavat</field>
        <field name="applicability">accounts</field>
    </record>
    <record id="account_tag_impairment_losses_financial_assets_current_assets" model="account.account.tag">
        <field name="name">Tulos: Arvonalentumiset rahoitusarvopaperit vaihtuvat vastaavat</field>
        <field name="applicability">accounts</field>
    </record>
    <record id="account_tag_financial_expenses_group" model="account.account.tag">
        <field name="name">Tulos: Rahoituskulut konserni</field>
        <field name="applicability">accounts</field>
    </record>
    <record id="account_tag_other_financial_expenses" model="account.account.tag">
        <field name="name">Tulos: Rahoituskulut muut</field>
        <field name="applicability">accounts</field>
    </record>
    <record id="account_tag_change_in_depreciation_difference" model="account.account.tag">
        <field name="name">Tulos: Poistoeron muutos</field>
        <field name="applicability">accounts</field>
    </record>
    <record id="account_tag_change_in_provisions" model="account.account.tag">
        <field name="name">Tulos: Varausten muutos</field>
        <field name="applicability">accounts</field>
    </record>
    <record id="account_tag_group_contribution" model="account.account.tag">
        <field name="name">Tulos: Konserniavustus</field>
        <field name="applicability">accounts</field>
    </record>
    <record id="account_tag_taxes_for_the_period" model="account.account.tag">
        <field name="name">Tulos: Tilikauden verot</field>
        <field name="applicability">accounts</field>
    </record>
    <record id="account_tag_deferred_taxes" model="account.account.tag">
        <field name="name">Tulos: Laskennalliset verot</field>
        <field name="applicability">accounts</field>
    </record>
    <record id="account_tag_other_tax" model="account.account.tag">
        <field name="name">Tulos: Muut välittömät verot</field>
        <field name="applicability">accounts</field>
    </record>
</odoo>
