<?xml version="1.0" encoding="utf-8"?>
<odoo>

    <!-- Chart Template -->
    <record id="syscohada_chart_template" model="account.chart.template">
        <field name="name">SYSCOHADA Révisé</field>
        <field name="bank_account_code_prefix">521</field>
        <field name="cash_account_code_prefix">571</field>
        <field name="transfer_account_code_prefix">585</field>
        <field name="code_digits">6</field>
        <field name="currency_id" ref="base.XOF"/>
    </record>

</odoo>
