<?xml version="1.0" encoding="utf-8"?>
<odoo>
    <data noupdate="1">
        <record id="l10n_be_contract_type_pfi" model="hr.contract.type">
            <field name="name">PFI</field>
        </record>
        <record id="l10n_be_contract_type_cdi" model="hr.contract.type">
            <field name="name">CDI</field>
        </record>
        <record id="l10n_be_contract_type_cdd" model="hr.contract.type">
            <field name="name">CDD</field>
        </record>
        <record id="l10n_be_contract_type_cip" model="hr.contract.type">
            <field name="name">CIP</field>
        </record>
        <record id="l10n_be_contract_type_replacement" model="hr.contract.type">
            <field name="name">Replacement</field>
        </record>
        <record id="l10n_be_contract_type_clearly_defined_work" model="hr.contract.type">
            <field name="name">for clearly defined work</field>
        </record>
    </data>
</odoo>
