{
    "version": 12,
    "sheets": [
        {
            "id": "sheet1",
            "name": "Dashboard",
            "colNumber": 7,
            "rowNumber": 57,
            "rows": {
                "6": {
                    "size": 40
                },
                "18": {
                    "size": 40
                },
                "19": {
                    "size": 40
                },
                "31": {
                    "size": 40
                },
                "32": {
                    "size": 40
                },
                "44": {
                    "size": 40
                },
                "45": {
                    "size": 40
                }
            },
            "cols": {
                "0": {
                    "size": 200
                },
                "1": {
                    "size": 125
                },
                "2": {
                    "size": 125
                },
                "3": {
                    "size": 100
                },
                "4": {
                    "size": 200
                },
                "5": {
                    "size": 125
                },
                "6": {
                    "size": 125
                }
            },
            "merges": [],
            "cells": {
                "A7": {
                    "style": 1,
                    "content": "[Orders by Month](odoo://view/{\"viewType\":\"graph\",\"action\":{\"domain\":[],\"context\":{\"group_by\":[\"date:month\"],\"graph_measure\":\"__count\",\"graph_mode\":\"line\",\"graph_groupbys\":[\"date:month\"]},\"modelName\":\"report.pos.order\",\"views\":[[false,\"graph\"],[false,\"pivot\"],[false,\"search\"]]},\"threshold\":0,\"name\":\"Orders Analysis\"})",
                    "border": 1
                },
                "A19": {
                    "style": 1,
                    "content": "[Top Orders](odoo://view/{\"viewType\":\"list\",\"action\":{\"domain\":[],\"context\":{\"group_by\":[]},\"modelName\":\"pos.order\",\"views\":[[false,\"list\"],[false,\"form\"],[false,\"kanban\"],[false,\"pivot\"],[false,\"search\"]]},\"threshold\":0,\"name\":\"Orders\"})",
                    "border": 1
                },
                "A20": {
                    "style": 2,
                    "content": "=_t(\"Order\")",
                    "border": 2
                },
                "A21": {
                    "style": 3,
                    "content": "=ODOO.LIST(1,1,\"name\")"
                },
                "A22": {
                    "style": 4,
                    "content": "=ODOO.LIST(1,2,\"name\")"
                },
                "A23": {
                    "style": 3,
                    "content": "=ODOO.LIST(1,3,\"name\")"
                },
                "A24": {
                    "style": 4,
                    "content": "=ODOO.LIST(1,4,\"name\")"
                },
                "A25": {
                    "style": 3,
                    "content": "=ODOO.LIST(1,5,\"name\")"
                },
                "A26": {
                    "style": 4,
                    "content": "=ODOO.LIST(1,6,\"name\")"
                },
                "A27": {
                    "style": 3,
                    "content": "=ODOO.LIST(1,7,\"name\")"
                },
                "A28": {
                    "style": 4,
                    "content": "=ODOO.LIST(1,8,\"name\")"
                },
                "A29": {
                    "style": 3,
                    "content": "=ODOO.LIST(1,9,\"name\")"
                },
                "A30": {
                    "style": 4,
                    "content": "=ODOO.LIST(1,10,\"name\")"
                },
                "A32": {
                    "style": 1,
                    "content": "[Top Sessions](odoo://view/{\"viewType\":\"pivot\",\"action\":{\"domain\":[],\"context\":{\"group_by\":[\"session_id\"],\"pivot_measures\":[\"order_id\",\"price_total\"],\"pivot_column_groupby\":[],\"pivot_row_groupby\":[\"session_id\"]},\"modelName\":\"report.pos.order\",\"views\":[[false,\"graph\"],[false,\"pivot\"],[false,\"search\"]]},\"threshold\":0,\"name\":\"Orders Analysis\"})",
                    "border": 1
                },
                "A33": {
                    "style": 2,
                    "content": "=_t(\"Session\")",
                    "border": 2
                },
                "A34": {
                    "style": 5,
                    "content": "=ODOO.PIVOT.HEADER(1,\"#session_id\",1)"
                },
                "A35": {
                    "style": 6,
                    "content": "=ODOO.PIVOT.HEADER(1,\"#session_id\",2)"
                },
                "A36": {
                    "style": 5,
                    "content": "=ODOO.PIVOT.HEADER(1,\"#session_id\",3)"
                },
                "A37": {
                    "style": 6,
                    "content": "=ODOO.PIVOT.HEADER(1,\"#session_id\",4)"
                },
                "A38": {
                    "style": 5,
                    "content": "=ODOO.PIVOT.HEADER(1,\"#session_id\",5)"
                },
                "A39": {
                    "style": 6,
                    "content": "=ODOO.PIVOT.HEADER(1,\"#session_id\",6)"
                },
                "A40": {
                    "style": 5,
                    "content": "=ODOO.PIVOT.HEADER(1,\"#session_id\",7)"
                },
                "A41": {
                    "style": 6,
                    "content": "=ODOO.PIVOT.HEADER(1,\"#session_id\",8)"
                },
                "A42": {
                    "style": 5,
                    "content": "=ODOO.PIVOT.HEADER(1,\"#session_id\",9)"
                },
                "A43": {
                    "style": 6,
                    "content": "=ODOO.PIVOT.HEADER(1,\"#session_id\",10)"
                },
                "A45": {
                    "style": 1,
                    "content": "[Top Responsibles](odoo://view/{\"viewType\":\"pivot\",\"action\":{\"domain\":[[\"user_id\",\"!=\",false]],\"context\":{\"group_by\":[\"user_id\"],\"pivot_measures\":[\"order_id\",\"price_total\"],\"pivot_column_groupby\":[],\"pivot_row_groupby\":[\"user_id\"]},\"modelName\":\"report.pos.order\",\"views\":[[false,\"graph\"],[false,\"pivot\"],[false,\"search\"]]},\"threshold\":0,\"name\":\"Orders Analysis\"})",
                    "border": 1
                },
                "A46": {
                    "style": 2,
                    "content": "=_t(\"Responsible\")",
                    "border": 2
                },
                "A47": {
                    "style": 5,
                    "content": "=ODOO.PIVOT.HEADER(3,\"#user_id\",1)"
                },
                "A48": {
                    "style": 6,
                    "content": "=ODOO.PIVOT.HEADER(3,\"#user_id\",2)"
                },
                "A49": {
                    "style": 5,
                    "content": "=ODOO.PIVOT.HEADER(3,\"#user_id\",3)"
                },
                "A50": {
                    "style": 6,
                    "content": "=ODOO.PIVOT.HEADER(3,\"#user_id\",4)"
                },
                "A51": {
                    "style": 5,
                    "content": "=ODOO.PIVOT.HEADER(3,\"#user_id\",5)"
                },
                "A52": {
                    "style": 6,
                    "content": "=ODOO.PIVOT.HEADER(3,\"#user_id\",6)"
                },
                "A53": {
                    "style": 5,
                    "content": "=ODOO.PIVOT.HEADER(3,\"#user_id\",7)"
                },
                "A54": {
                    "style": 6,
                    "content": "=ODOO.PIVOT.HEADER(3,\"#user_id\",8)"
                },
                "A55": {
                    "style": 5,
                    "content": "=ODOO.PIVOT.HEADER(3,\"#user_id\",9)"
                },
                "A56": {
                    "style": 6,
                    "content": "=ODOO.PIVOT.HEADER(3,\"#user_id\",10)"
                },
                "B20": {
                    "style": 2,
                    "content": "=_t(\"Sessions\")",
                    "border": 2
                },
                "B21": {
                    "style": 7,
                    "content": "=ODOO.LIST(1,1,\"session_id\")"
                },
                "B22": {
                    "content": "=ODOO.LIST(1,2,\"session_id\")"
                },
                "B23": {
                    "style": 7,
                    "content": "=ODOO.LIST(1,3,\"session_id\")"
                },
                "B24": {
                    "content": "=ODOO.LIST(1,4,\"session_id\")"
                },
                "B25": {
                    "style": 7,
                    "content": "=ODOO.LIST(1,5,\"session_id\")"
                },
                "B26": {
                    "content": "=ODOO.LIST(1,6,\"session_id\")"
                },
                "B27": {
                    "style": 7,
                    "content": "=ODOO.LIST(1,7,\"session_id\")"
                },
                "B28": {
                    "content": "=ODOO.LIST(1,8,\"session_id\")"
                },
                "B29": {
                    "style": 7,
                    "content": "=ODOO.LIST(1,9,\"session_id\")"
                },
                "B30": {
                    "content": "=ODOO.LIST(1,10,\"session_id\")"
                },
                "B32": {
                    "style": 8,
                    "border": 1
                },
                "B33": {
                    "style": 9,
                    "content": "=_t(\"Orders\")",
                    "border": 2
                },
                "B34": {
                    "style": 7,
                    "content": "=ODOO.PIVOT(1,\"order_id\",\"#session_id\",1)"
                },
                "B35": {
                    "content": "=ODOO.PIVOT(1,\"order_id\",\"#session_id\",2)"
                },
                "B36": {
                    "style": 7,
                    "content": "=ODOO.PIVOT(1,\"order_id\",\"#session_id\",3)"
                },
                "B37": {
                    "content": "=ODOO.PIVOT(1,\"order_id\",\"#session_id\",4)"
                },
                "B38": {
                    "style": 7,
                    "content": "=ODOO.PIVOT(1,\"order_id\",\"#session_id\",5)"
                },
                "B39": {
                    "content": "=ODOO.PIVOT(1,\"order_id\",\"#session_id\",6)"
                },
                "B40": {
                    "style": 7,
                    "content": "=ODOO.PIVOT(1,\"order_id\",\"#session_id\",7)"
                },
                "B41": {
                    "content": "=ODOO.PIVOT(1,\"order_id\",\"#session_id\",8)"
                },
                "B42": {
                    "style": 7,
                    "content": "=ODOO.PIVOT(1,\"order_id\",\"#session_id\",9)"
                },
                "B43": {
                    "content": "=ODOO.PIVOT(1,\"order_id\",\"#session_id\",10)"
                },
                "B45": {
                    "style": 8,
                    "border": 1
                },
                "B46": {
                    "style": 9,
                    "content": "=_t(\"Orders\")",
                    "border": 2
                },
                "B47": {
                    "style": 7,
                    "content": "=ODOO.PIVOT(3,\"order_id\",\"#user_id\",1)"
                },
                "B48": {
                    "content": "=ODOO.PIVOT(3,\"order_id\",\"#user_id\",2)"
                },
                "B49": {
                    "style": 7,
                    "content": "=ODOO.PIVOT(3,\"order_id\",\"#user_id\",3)"
                },
                "B50": {
                    "content": "=ODOO.PIVOT(3,\"order_id\",\"#user_id\",4)"
                },
                "B51": {
                    "style": 7,
                    "content": "=ODOO.PIVOT(3,\"order_id\",\"#user_id\",5)"
                },
                "B52": {
                    "content": "=ODOO.PIVOT(3,\"order_id\",\"#user_id\",6)"
                },
                "B53": {
                    "style": 7,
                    "content": "=ODOO.PIVOT(3,\"order_id\",\"#user_id\",7)"
                },
                "B54": {
                    "content": "=ODOO.PIVOT(3,\"order_id\",\"#user_id\",8)"
                },
                "B55": {
                    "style": 7,
                    "content": "=ODOO.PIVOT(3,\"order_id\",\"#user_id\",9)"
                },
                "B56": {
                    "content": "=ODOO.PIVOT(3,\"order_id\",\"#user_id\",10)"
                },
                "C20": {
                    "style": 2,
                    "content": "=_t(\"Point of Sale\")",
                    "border": 2
                },
                "C21": {
                    "style": 7,
                    "format": 1,
                    "content": "=ODOO.LIST(1,1,\"config_id\")"
                },
                "C22": {
                    "content": "=ODOO.LIST(1,2,\"config_id\")"
                },
                "C23": {
                    "style": 7,
                    "content": "=ODOO.LIST(1,3,\"config_id\")"
                },
                "C24": {
                    "content": "=ODOO.LIST(1,4,\"config_id\")"
                },
                "C25": {
                    "style": 7,
                    "content": "=ODOO.LIST(1,5,\"config_id\")"
                },
                "C26": {
                    "content": "=ODOO.LIST(1,6,\"config_id\")"
                },
                "C27": {
                    "style": 7,
                    "content": "=ODOO.LIST(1,7,\"config_id\")"
                },
                "C28": {
                    "content": "=ODOO.LIST(1,8,\"config_id\")"
                },
                "C29": {
                    "style": 7,
                    "content": "=ODOO.LIST(1,9,\"config_id\")"
                },
                "C30": {
                    "content": "=ODOO.LIST(1,10,\"config_id\")"
                },
                "C32": {
                    "style": 8,
                    "border": 1
                },
                "C33": {
                    "style": 9,
                    "content": "=_t(\"Revenue\")",
                    "border": 2
                },
                "C34": {
                    "style": 7,
                    "format": 2,
                    "content": "=ODOO.PIVOT(1,\"price_total\",\"#session_id\",1)"
                },
                "C35": {
                    "format": 2,
                    "content": "=ODOO.PIVOT(1,\"price_total\",\"#session_id\",2)"
                },
                "C36": {
                    "style": 7,
                    "format": 2,
                    "content": "=ODOO.PIVOT(1,\"price_total\",\"#session_id\",3)"
                },
                "C37": {
                    "format": 2,
                    "content": "=ODOO.PIVOT(1,\"price_total\",\"#session_id\",4)"
                },
                "C38": {
                    "style": 7,
                    "format": 2,
                    "content": "=ODOO.PIVOT(1,\"price_total\",\"#session_id\",5)"
                },
                "C39": {
                    "format": 2,
                    "content": "=ODOO.PIVOT(1,\"price_total\",\"#session_id\",6)"
                },
                "C40": {
                    "style": 7,
                    "format": 2,
                    "content": "=ODOO.PIVOT(1,\"price_total\",\"#session_id\",7)"
                },
                "C41": {
                    "format": 2,
                    "content": "=ODOO.PIVOT(1,\"price_total\",\"#session_id\",8)"
                },
                "C42": {
                    "style": 7,
                    "format": 2,
                    "content": "=ODOO.PIVOT(1,\"price_total\",\"#session_id\",9)"
                },
                "C43": {
                    "format": 2,
                    "content": "=ODOO.PIVOT(1,\"price_total\",\"#session_id\",10)"
                },
                "C45": {
                    "style": 8,
                    "border": 1
                },
                "C46": {
                    "style": 9,
                    "content": "=_t(\"Revenue\")",
                    "border": 2
                },
                "C47": {
                    "style": 7,
                    "format": 2,
                    "content": "=ODOO.PIVOT(3,\"price_total\",\"#user_id\",1)"
                },
                "C48": {
                    "format": 2,
                    "content": "=ODOO.PIVOT(3,\"price_total\",\"#user_id\",2)"
                },
                "C49": {
                    "style": 7,
                    "format": 2,
                    "content": "=ODOO.PIVOT(3,\"price_total\",\"#user_id\",3)"
                },
                "C50": {
                    "format": 2,
                    "content": "=ODOO.PIVOT(3,\"price_total\",\"#user_id\",4)"
                },
                "C51": {
                    "style": 7,
                    "format": 2,
                    "content": "=ODOO.PIVOT(3,\"price_total\",\"#user_id\",5)"
                },
                "C52": {
                    "format": 2,
                    "content": "=ODOO.PIVOT(3,\"price_total\",\"#user_id\",6)"
                },
                "C53": {
                    "style": 7,
                    "format": 2,
                    "content": "=ODOO.PIVOT(3,\"price_total\",\"#user_id\",7)"
                },
                "C54": {
                    "format": 2,
                    "content": "=ODOO.PIVOT(3,\"price_total\",\"#user_id\",8)"
                },
                "C55": {
                    "style": 7,
                    "format": 2,
                    "content": "=ODOO.PIVOT(3,\"price_total\",\"#user_id\",9)"
                },
                "C56": {
                    "format": 2,
                    "content": "=ODOO.PIVOT(3,\"price_total\",\"#user_id\",10)"
                },
                "D20": {
                    "style": 10,
                    "content": "=_t(\"Date\")",
                    "border": 2
                },
                "D21": {
                    "style": 11,
                    "format": 1,
                    "content": "=ODOO.LIST(1,1,\"date_order\")"
                },
                "D22": {
                    "style": 12,
                    "format": 1,
                    "content": "=ODOO.LIST(1,2,\"date_order\")"
                },
                "D23": {
                    "style": 11,
                    "format": 1,
                    "content": "=ODOO.LIST(1,3,\"date_order\")"
                },
                "D24": {
                    "style": 12,
                    "format": 1,
                    "content": "=ODOO.LIST(1,4,\"date_order\")"
                },
                "D25": {
                    "style": 11,
                    "format": 1,
                    "content": "=ODOO.LIST(1,5,\"date_order\")"
                },
                "D26": {
                    "style": 12,
                    "format": 1,
                    "content": "=ODOO.LIST(1,6,\"date_order\")"
                },
                "D27": {
                    "style": 11,
                    "format": 1,
                    "content": "=ODOO.LIST(1,7,\"date_order\")"
                },
                "D28": {
                    "style": 12,
                    "format": 1,
                    "content": "=ODOO.LIST(1,8,\"date_order\")"
                },
                "D29": {
                    "style": 11,
                    "format": 1,
                    "content": "=ODOO.LIST(1,9,\"date_order\")"
                },
                "D30": {
                    "style": 12,
                    "format": 1,
                    "content": "=ODOO.LIST(1,10,\"date_order\")"
                },
                "E20": {
                    "style": 2,
                    "content": "=_t(\"Customer\")",
                    "border": 2
                },
                "E21": {
                    "style": 7,
                    "content": "=ODOO.LIST(1,1,\"partner_id\")"
                },
                "E22": {
                    "content": "=ODOO.LIST(1,2,\"partner_id\")"
                },
                "E23": {
                    "style": 7,
                    "content": "=ODOO.LIST(1,3,\"partner_id\")"
                },
                "E24": {
                    "content": "=ODOO.LIST(1,4,\"partner_id\")"
                },
                "E25": {
                    "style": 7,
                    "content": "=ODOO.LIST(1,5,\"partner_id\")"
                },
                "E26": {
                    "content": "=ODOO.LIST(1,6,\"partner_id\")"
                },
                "E27": {
                    "style": 7,
                    "content": "=ODOO.LIST(1,7,\"partner_id\")"
                },
                "E28": {
                    "content": "=ODOO.LIST(1,8,\"partner_id\")"
                },
                "E29": {
                    "style": 7,
                    "content": "=ODOO.LIST(1,9,\"partner_id\")"
                },
                "E30": {
                    "content": "=ODOO.LIST(1,10,\"partner_id\")"
                },
                "E32": {
                    "style": 1,
                    "content": "[Top Points of Sale](odoo://view/{\"viewType\":\"pivot\",\"action\":{\"domain\":[],\"context\":{\"group_by\":[\"config_id\"],\"pivot_measures\":[\"order_id\",\"price_total\"],\"pivot_column_groupby\":[],\"pivot_row_groupby\":[\"config_id\"]},\"modelName\":\"report.pos.order\",\"views\":[[false,\"graph\"],[false,\"pivot\"],[false,\"search\"]]},\"threshold\":0,\"name\":\"Orders Analysis\"})",
                    "border": 1
                },
                "E33": {
                    "style": 2,
                    "content": "=_t(\"Point of Sale\")",
                    "border": 2
                },
                "E34": {
                    "style": 5,
                    "content": "=ODOO.PIVOT.HEADER(2,\"#config_id\",1)"
                },
                "E35": {
                    "style": 6,
                    "content": "=ODOO.PIVOT.HEADER(2,\"#config_id\",2)"
                },
                "E36": {
                    "style": 5,
                    "content": "=ODOO.PIVOT.HEADER(2,\"#config_id\",3)"
                },
                "E37": {
                    "style": 6,
                    "content": "=ODOO.PIVOT.HEADER(2,\"#config_id\",4)"
                },
                "E38": {
                    "style": 5,
                    "content": "=ODOO.PIVOT.HEADER(2,\"#config_id\",5)"
                },
                "E39": {
                    "style": 6,
                    "content": "=ODOO.PIVOT.HEADER(2,\"#config_id\",6)"
                },
                "E40": {
                    "style": 5,
                    "content": "=ODOO.PIVOT.HEADER(2,\"#config_id\",7)"
                },
                "E41": {
                    "style": 6,
                    "content": "=ODOO.PIVOT.HEADER(2,\"#config_id\",8)"
                },
                "E42": {
                    "style": 5,
                    "content": "=ODOO.PIVOT.HEADER(2,\"#config_id\",9)"
                },
                "E43": {
                    "style": 6,
                    "content": "=ODOO.PIVOT.HEADER(2,\"#config_id\",10)"
                },
                "E45": {
                    "style": 1,
                    "content": "[Top Products](odoo://view/{\"viewType\":\"pivot\",\"action\":{\"domain\":[[\"product_id\",\"!=\",false]],\"context\":{\"group_by\":[\"product_id\"],\"pivot_measures\":[\"order_id\",\"price_total\"],\"pivot_column_groupby\":[],\"pivot_row_groupby\":[\"product_id\"]},\"modelName\":\"report.pos.order\",\"views\":[[false,\"graph\"],[false,\"pivot\"],[false,\"search\"]]},\"threshold\":0,\"name\":\"Orders Analysis\"})",
                    "border": 1
                },
                "E46": {
                    "style": 2,
                    "content": "=_t(\"Product\")",
                    "border": 2
                },
                "E47": {
                    "style": 5,
                    "content": "=ODOO.PIVOT.HEADER(4,\"#product_id\",1)"
                },
                "E48": {
                    "style": 6,
                    "content": "=ODOO.PIVOT.HEADER(4,\"#product_id\",2)"
                },
                "E49": {
                    "style": 5,
                    "content": "=ODOO.PIVOT.HEADER(4,\"#product_id\",3)"
                },
                "E50": {
                    "style": 6,
                    "content": "=ODOO.PIVOT.HEADER(4,\"#product_id\",4)"
                },
                "E51": {
                    "style": 5,
                    "content": "=ODOO.PIVOT.HEADER(4,\"#product_id\",5)"
                },
                "E52": {
                    "style": 6,
                    "content": "=ODOO.PIVOT.HEADER(4,\"#product_id\",6)"
                },
                "E53": {
                    "style": 5,
                    "content": "=ODOO.PIVOT.HEADER(4,\"#product_id\",7)"
                },
                "E54": {
                    "style": 6,
                    "content": "=ODOO.PIVOT.HEADER(4,\"#product_id\",8)"
                },
                "E55": {
                    "style": 5,
                    "content": "=ODOO.PIVOT.HEADER(4,\"#product_id\",9)"
                },
                "E56": {
                    "style": 6,
                    "content": "=ODOO.PIVOT.HEADER(4,\"#product_id\",10)"
                },
                "F20": {
                    "style": 2,
                    "content": "=_t(\"Employee\")",
                    "border": 2
                },
                "F21": {
                    "style": 7,
                    "content": "=ODOO.LIST(1,1,\"employee_id\")"
                },
                "F22": {
                    "content": "=ODOO.LIST(1,2,\"employee_id\")"
                },
                "F23": {
                    "style": 7,
                    "content": "=ODOO.LIST(1,3,\"employee_id\")"
                },
                "F24": {
                    "content": "=ODOO.LIST(1,4,\"employee_id\")"
                },
                "F25": {
                    "style": 7,
                    "content": "=ODOO.LIST(1,5,\"employee_id\")"
                },
                "F26": {
                    "content": "=ODOO.LIST(1,6,\"employee_id\")"
                },
                "F27": {
                    "style": 7,
                    "content": "=ODOO.LIST(1,7,\"employee_id\")"
                },
                "F28": {
                    "content": "=ODOO.LIST(1,8,\"employee_id\")"
                },
                "F29": {
                    "style": 7,
                    "content": "=ODOO.LIST(1,9,\"employee_id\")"
                },
                "F30": {
                    "content": "=ODOO.LIST(1,10,\"employee_id\")"
                },
                "F32": {
                    "style": 8,
                    "border": 1
                },
                "F33": {
                    "style": 9,
                    "content": "=_t(\"Orders\")",
                    "border": 2
                },
                "F34": {
                    "style": 7,
                    "content": "=ODOO.PIVOT(2,\"order_id\",\"#config_id\",1)"
                },
                "F35": {
                    "content": "=ODOO.PIVOT(2,\"order_id\",\"#config_id\",2)"
                },
                "F36": {
                    "style": 7,
                    "content": "=ODOO.PIVOT(2,\"order_id\",\"#config_id\",3)"
                },
                "F37": {
                    "content": "=ODOO.PIVOT(2,\"order_id\",\"#config_id\",4)"
                },
                "F38": {
                    "style": 7,
                    "content": "=ODOO.PIVOT(2,\"order_id\",\"#config_id\",5)"
                },
                "F39": {
                    "content": "=ODOO.PIVOT(2,\"order_id\",\"#config_id\",6)"
                },
                "F40": {
                    "style": 7,
                    "content": "=ODOO.PIVOT(2,\"order_id\",\"#config_id\",7)"
                },
                "F41": {
                    "content": "=ODOO.PIVOT(2,\"order_id\",\"#config_id\",8)"
                },
                "F42": {
                    "style": 7,
                    "content": "=ODOO.PIVOT(2,\"order_id\",\"#config_id\",9)"
                },
                "F43": {
                    "content": "=ODOO.PIVOT(2,\"order_id\",\"#config_id\",10)"
                },
                "F45": {
                    "style": 8,
                    "border": 1
                },
                "F46": {
                    "style": 9,
                    "content": "=_t(\"Orders\")",
                    "border": 2
                },
                "F47": {
                    "style": 7,
                    "content": "=ODOO.PIVOT(4,\"order_id\",\"#product_id\",1)"
                },
                "F48": {
                    "content": "=ODOO.PIVOT(4,\"order_id\",\"#product_id\",2)"
                },
                "F49": {
                    "style": 7,
                    "content": "=ODOO.PIVOT(4,\"order_id\",\"#product_id\",3)"
                },
                "F50": {
                    "content": "=ODOO.PIVOT(4,\"order_id\",\"#product_id\",4)"
                },
                "F51": {
                    "style": 7,
                    "content": "=ODOO.PIVOT(4,\"order_id\",\"#product_id\",5)"
                },
                "F52": {
                    "content": "=ODOO.PIVOT(4,\"order_id\",\"#product_id\",6)"
                },
                "F53": {
                    "style": 7,
                    "content": "=ODOO.PIVOT(4,\"order_id\",\"#product_id\",7)"
                },
                "F54": {
                    "content": "=ODOO.PIVOT(4,\"order_id\",\"#product_id\",8)"
                },
                "F55": {
                    "style": 7,
                    "content": "=ODOO.PIVOT(4,\"order_id\",\"#product_id\",9)"
                },
                "F56": {
                    "content": "=ODOO.PIVOT(4,\"order_id\",\"#product_id\",10)"
                },
                "G20": {
                    "style": 9,
                    "content": "=_t(\"Total\")",
                    "border": 2
                },
                "G21": {
                    "style": 7,
                    "content": "=ODOO.LIST(1,1,\"amount_total\")"
                },
                "G22": {
                    "content": "=ODOO.LIST(1,2,\"amount_total\")"
                },
                "G23": {
                    "style": 7,
                    "content": "=ODOO.LIST(1,3,\"amount_total\")"
                },
                "G24": {
                    "content": "=ODOO.LIST(1,4,\"amount_total\")"
                },
                "G25": {
                    "style": 7,
                    "content": "=ODOO.LIST(1,5,\"amount_total\")"
                },
                "G26": {
                    "content": "=ODOO.LIST(1,6,\"amount_total\")"
                },
                "G27": {
                    "style": 7,
                    "content": "=ODOO.LIST(1,7,\"amount_total\")"
                },
                "G28": {
                    "content": "=ODOO.LIST(1,8,\"amount_total\")"
                },
                "G29": {
                    "style": 7,
                    "content": "=ODOO.LIST(1,9,\"amount_total\")"
                },
                "G30": {
                    "content": "=ODOO.LIST(1,10,\"amount_total\")"
                },
                "G32": {
                    "style": 8,
                    "border": 1
                },
                "G33": {
                    "style": 9,
                    "content": "=_t(\"Revenue\")",
                    "border": 2
                },
                "G34": {
                    "style": 7,
                    "format": 2,
                    "content": "=ODOO.PIVOT(2,\"price_total\",\"#config_id\",1)"
                },
                "G35": {
                    "format": 2,
                    "content": "=ODOO.PIVOT(2,\"price_total\",\"#config_id\",2)"
                },
                "G36": {
                    "style": 7,
                    "format": 2,
                    "content": "=ODOO.PIVOT(2,\"price_total\",\"#config_id\",3)"
                },
                "G37": {
                    "format": 2,
                    "content": "=ODOO.PIVOT(2,\"price_total\",\"#config_id\",4)"
                },
                "G38": {
                    "style": 7,
                    "format": 2,
                    "content": "=ODOO.PIVOT(2,\"price_total\",\"#config_id\",5)"
                },
                "G39": {
                    "format": 2,
                    "content": "=ODOO.PIVOT(2,\"price_total\",\"#config_id\",6)"
                },
                "G40": {
                    "style": 7,
                    "format": 2,
                    "content": "=ODOO.PIVOT(2,\"price_total\",\"#config_id\",7)"
                },
                "G41": {
                    "format": 2,
                    "content": "=ODOO.PIVOT(2,\"price_total\",\"#config_id\",8)"
                },
                "G42": {
                    "style": 7,
                    "format": 2,
                    "content": "=ODOO.PIVOT(2,\"price_total\",\"#config_id\",9)"
                },
                "G43": {
                    "format": 2,
                    "content": "=ODOO.PIVOT(2,\"price_total\",\"#config_id\",10)"
                },
                "G45": {
                    "style": 8,
                    "border": 1
                },
                "G46": {
                    "style": 9,
                    "content": "=_t(\"Revenue\")",
                    "border": 2
                },
                "G47": {
                    "style": 7,
                    "format": 2,
                    "content": "=ODOO.PIVOT(4,\"price_total\",\"#product_id\",1)"
                },
                "G48": {
                    "format": 2,
                    "content": "=ODOO.PIVOT(4,\"price_total\",\"#product_id\",2)"
                },
                "G49": {
                    "style": 7,
                    "format": 2,
                    "content": "=ODOO.PIVOT(4,\"price_total\",\"#product_id\",3)"
                },
                "G50": {
                    "format": 2,
                    "content": "=ODOO.PIVOT(4,\"price_total\",\"#product_id\",4)"
                },
                "G51": {
                    "style": 7,
                    "format": 2,
                    "content": "=ODOO.PIVOT(4,\"price_total\",\"#product_id\",5)"
                },
                "G52": {
                    "format": 2,
                    "content": "=ODOO.PIVOT(4,\"price_total\",\"#product_id\",6)"
                },
                "G53": {
                    "style": 7,
                    "format": 2,
                    "content": "=ODOO.PIVOT(4,\"price_total\",\"#product_id\",7)"
                },
                "G54": {
                    "format": 2,
                    "content": "=ODOO.PIVOT(4,\"price_total\",\"#product_id\",8)"
                },
                "G55": {
                    "style": 7,
                    "format": 2,
                    "content": "=ODOO.PIVOT(4,\"price_total\",\"#product_id\",9)"
                },
                "G56": {
                    "format": 2,
                    "content": "=ODOO.PIVOT(4,\"price_total\",\"#product_id\",10)"
                },
                "A8": {
                    "border": 2
                },
                "B7": {
                    "border": 1
                },
                "B8": {
                    "border": 2
                },
                "B19": {
                    "border": 1
                },
                "C7": {
                    "border": 1
                },
                "C8": {
                    "border": 2
                },
                "C19": {
                    "border": 1
                },
                "D7": {
                    "border": 1
                },
                "D8": {
                    "border": 2
                },
                "D19": {
                    "border": 1
                },
                "E7": {
                    "border": 1
                },
                "E8": {
                    "border": 2
                },
                "E19": {
                    "border": 1
                },
                "F7": {
                    "border": 1
                },
                "F8": {
                    "border": 2
                },
                "F19": {
                    "border": 1
                },
                "G7": {
                    "border": 1
                },
                "G8": {
                    "border": 2
                },
                "G19": {
                    "border": 1
                }
            },
            "conditionalFormats": [],
            "figures": [
                {
                    "id": "cfee1ef1-ac54-4e9f-bdde-0162652de2cf",
                    "x": 0,
                    "y": 0,
                    "width": 200,
                    "height": 120,
                    "tag": "chart",
                    "data": {
                        "baselineColorDown": "#DC6965",
                        "baselineColorUp": "#00A04A",
                        "baselineMode": "percentage",
                        "title": "Orders",
                        "type": "scorecard",
                        "background": "",
                        "baseline": "Data!E2",
                        "baselineDescr": "since last period",
                        "keyValue": "Data!D2"
                    }
                },
                {
                    "id": "d141cc35-0b60-4e91-b736-5c1453fea925",
                    "x": 210,
                    "y": 0,
                    "width": 200,
                    "height": 120,
                    "tag": "chart",
                    "data": {
                        "baselineColorDown": "#DC6965",
                        "baselineColorUp": "#00A04A",
                        "baselineMode": "percentage",
                        "title": "Revenue",
                        "type": "scorecard",
                        "background": "",
                        "baseline": "Data!E3",
                        "baselineDescr": "since last period",
                        "keyValue": "Data!D3"
                    }
                },
                {
                    "id": "615fb94e-8098-456e-9f71-7799b82f04c4",
                    "x": 420,
                    "y": 0,
                    "width": 200,
                    "height": 120,
                    "tag": "chart",
                    "data": {
                        "baselineColorDown": "#DC6965",
                        "baselineColorUp": "#00A04A",
                        "baselineMode": "percentage",
                        "title": "Average order",
                        "type": "scorecard",
                        "background": "",
                        "baseline": "Data!E4",
                        "baselineDescr": "since last period",
                        "keyValue": "Data!D4"
                    }
                },
                {
                    "id": "e012bf45-55dc-4c46-b069-bc090a467d73",
                    "x": 0,
                    "y": 178,
                    "width": 1000,
                    "height": 230,
                    "tag": "chart",
                    "data": {
                        "title": "",
                        "background": "#FFFFFF",
                        "legendPosition": "none",
                        "metaData": {
                            "groupBy": [
                                "date:month"
                            ],
                            "measure": "__count",
                            "order": null,
                            "resModel": "report.pos.order"
                        },
                        "searchParams": {
                            "comparison": null,
                            "context": {
                                "group_by_no_leaf": 1,
                                "group_by": []
                            },
                            "domain": [["state", "in", ["paid", "done", "invoiced"]]],
                            "groupBy": [
                                "date:month"
                            ],
                            "orderBy": []
                        },
                        "type": "odoo_line",
                        "verticalAxisPosition": "left"
                    }
                }
            ],
            "areGridLinesVisible": true,
            "isVisible": true
        },
        {
            "id": "1497ba8c-9e7d-4aa4-8394-741da8110207",
            "name": "Data",
            "colNumber": 26,
            "rowNumber": 101,
            "rows": {},
            "cols": {},
            "merges": [],
            "cells": {
                "A1": {
                    "style": 13,
                    "content": "=_t(\"KPI\")"
                },
                "A2": {
                    "style": 7,
                    "content": "=_t(\"Orders\")"
                },
                "A3": {
                    "style": 7,
                    "content": "=_t(\"Revenue\")"
                },
                "A4": {
                    "style": 7,
                    "content": "=_t(\"Average order\")"
                },
                "B1": {
                    "style": 13,
                    "content": "=_t(\"Current\")"
                },
                "B2": {
                    "style": 7,
                    "content": "=ODOO.PIVOT(5,\"order_id\")"
                },
                "B3": {
                    "style": 7,
                    "content": "=ODOO.PIVOT(5,\"price_total\")"
                },
                "B4": {
                    "style": 7,
                    "content": "=IFERROR(B3/B2)"
                },
                "C1": {
                    "style": 13,
                    "content": "=_t(\"Previous\")"
                },
                "C2": {
                    "style": 7,
                    "content": "=ODOO.PIVOT(6,\"order_id\")"
                },
                "C3": {
                    "style": 7,
                    "content": "=ODOO.PIVOT(6,\"price_total\")"
                },
                "C4": {
                    "style": 7,
                    "content": "=IFERROR(C3/C2)"
                },
                "D1": {
                    "style": 13,
                    "content": "=_t(\"Current\")"
                },
                "D2": {
                    "style": 7,
                    "content": "=FORMAT.LARGE.NUMBER(B2)"
                },
                "D3": {
                    "style": 7,
                    "content": "=FORMAT.LARGE.NUMBER(B3)"
                },
                "D4": {
                    "style": 7,
                    "content": "=FORMAT.LARGE.NUMBER(B4)"
                },
                "E1": {
                    "style": 13,
                    "content": "=_t(\"Previous\")"
                },
                "E2": {
                    "style": 7,
                    "content": "=FORMAT.LARGE.NUMBER(C2)"
                },
                "E3": {
                    "style": 7,
                    "content": "=FORMAT.LARGE.NUMBER(C3)"
                },
                "E4": {
                    "style": 7,
                    "content": "=FORMAT.LARGE.NUMBER(C4)"
                }
            },
            "conditionalFormats": [],
            "figures": [],
            "areGridLinesVisible": true,
            "isVisible": true
        }
    ],
    "entities": {},
    "styles": {
        "1": {
            "textColor": "#01666b",
            "fontSize": 16,
            "bold": true
        },
        "2": {
            "bold": true
        },
        "3": {
            "fillColor": "#f2f2f2",
            "textColor": "#01666b"
        },
        "4": {
            "textColor": "#01666b"
        },
        "5": {
            "fillColor": "#f2f2f2",
            "textColor": "#741b47"
        },
        "6": {
            "textColor": "#741b47"
        },
        "7": {
            "fillColor": "#f2f2f2"
        },
        "8": {
            "bold": true,
            "fontSize": 16
        },
        "9": {
            "bold": true,
            "align": "right"
        },
        "10": {
            "bold": true,
            "align": "left"
        },
        "11": {
            "fillColor": "#f2f2f2",
            "align": "left"
        },
        "12": {
            "align": "left"
        },
        "13": {
            "bold": true,
            "fillColor": "#f2f2f2"
        }
    },
    "formats": {
        "1": "m/d/yyyy",
        "2": "#,##0"
    },
    "borders": {
        "1": {
            "bottom": [
                "thin",
                "#000"
            ]
        },
        "2": {
            "top": [
                "thin",
                "#000"
            ]
        }
    },
    "revisionId": "START_REVISION",
    "chartOdooMenusReferences": {
        "e012bf45-55dc-4c46-b069-bc090a467d73": "point_of_sale.menu_point_root",
        "cfee1ef1-ac54-4e9f-bdde-0162652de2cf": "point_of_sale.menu_point_ofsale",
        "d141cc35-0b60-4e91-b736-5c1453fea925": "point_of_sale.menu_report_pos_order_all",
        "615fb94e-8098-456e-9f71-7799b82f04c4": "point_of_sale.menu_report_pos_order_all"
    },
    "odooVersion": 4,
    "lists": {
        "1": {
            "columns": [
                "name",
                "session_id",
                "date_order",
                "pos_reference",
                "partner_id",
                "employee_id",
                "amount_total",
                "state"
            ],
            "domain": [["state", "in", ["paid", "done", "invoiced"]]],
            "model": "pos.order",
            "context": {},
            "orderBy": [
                {
                    "name": "amount_total",
                    "desc": true
                }
            ],
            "id": "1",
            "name": "Orders by Total"
        }
    },
    "listNextId": 2,
    "pivots": {
        "1": {
            "colGroupBys": [],
            "context": {
                "group_by_no_leaf": 1,
                "group_by": []
            },
            "domain": [["state", "in", ["paid", "done", "invoiced"]]],
            "id": "1",
            "measures": [
                {
                    "field": "order_id"
                },
                {
                    "field": "price_total"
                }
            ],
            "model": "report.pos.order",
            "rowGroupBys": [
                "session_id"
            ],
            "name": "Point of Sale Analysis by Session",
            "sortedColumn": {
                "groupId": [
                    [],
                    []
                ],
                "measure": "price_total",
                "order": "desc"
            }
        },
        "2": {
            "colGroupBys": [],
            "context": {
                "group_by_no_leaf": 1,
                "group_by": []
            },
            "domain": [["state", "in", ["paid", "done", "invoiced"]]],
            "id": "2",
            "measures": [
                {
                    "field": "order_id"
                },
                {
                    "field": "price_total"
                }
            ],
            "model": "report.pos.order",
            "rowGroupBys": [
                "config_id"
            ],
            "name": "Point of Sale Analysis by Point of Sale",
            "sortedColumn": {
                "groupId": [
                    [],
                    []
                ],
                "measure": "price_total",
                "order": "desc"
            }
        },
        "3": {
            "colGroupBys": [],
            "context": {
                "group_by_no_leaf": 1,
                "group_by": []
            },
            "domain": [
                ["state", "in", ["paid", "done", "invoiced"]],
                [
                    "user_id",
                    "!=",
                    false
                ]
            ],
            "id": "3",
            "measures": [
                {
                    "field": "order_id"
                },
                {
                    "field": "price_total"
                }
            ],
            "model": "report.pos.order",
            "rowGroupBys": [
                "user_id"
            ],
            "name": "Point of Sale Analysis by User",
            "sortedColumn": {
                "groupId": [
                    [],
                    []
                ],
                "measure": "price_total",
                "order": "desc"
            }
        },
        "4": {
            "colGroupBys": [],
            "context": {
                "group_by_no_leaf": 1,
                "group_by": []
            },
            "domain": [
                ["state", "in", ["paid", "done", "invoiced"]],
                [
                    "product_id",
                    "!=",
                    false
                ]
            ],
            "id": "4",
            "measures": [
                {
                    "field": "order_id"
                },
                {
                    "field": "price_total"
                }
            ],
            "model": "report.pos.order",
            "rowGroupBys": [
                "product_id"
            ],
            "name": "Point of Sale Analysis by Product",
            "sortedColumn": {
                "groupId": [
                    [],
                    []
                ],
                "measure": "price_total",
                "order": "desc"
            }
        },
        "5": {
            "colGroupBys": [],
            "context": {
                "group_by_no_leaf": 1,
                "group_by": []
            },
            "domain": [["state", "in", ["paid", "done", "invoiced"]]],
            "id": "5",
            "measures": [
                {
                    "field": "order_id"
                },
                {
                    "field": "price_total"
                }
            ],
            "model": "report.pos.order",
            "rowGroupBys": [],
            "name": "stats - current",
            "sortedColumn": null
        },
        "6": {
            "colGroupBys": [],
            "context": {
                "group_by_no_leaf": 1,
                "group_by": []
            },
            "domain": [["state", "in", ["paid", "done", "invoiced"]]],
            "id": "6",
            "measures": [
                {
                    "field": "order_id"
                },
                {
                    "field": "price_total"
                }
            ],
            "model": "report.pos.order",
            "rowGroupBys": [],
            "name": "stats - previous",
            "sortedColumn": null
        }
    },
    "pivotNextId": 7,
    "globalFilters": [
        {
            "id": "ff0e1a26-3d4c-48b6-85a6-2777b522bb52",
            "type": "date",
            "label": "Period",
            "defaultValue": "last_three_months",
            "rangeType": "relative",
            "defaultsToCurrentPeriod": false,
            "pivotFields": {
                "1": {
                    "field": "date",
                    "type": "datetime",
                    "offset": 0
                },
                "2": {
                    "field": "date",
                    "type": "datetime",
                    "offset": 0
                },
                "3": {
                    "field": "date",
                    "type": "datetime",
                    "offset": 0
                },
                "4": {
                    "field": "date",
                    "type": "datetime",
                    "offset": 0
                },
                "5": {
                    "field": "date",
                    "type": "datetime",
                    "offset": 0
                },
                "6": {
                    "field": "date",
                    "type": "datetime",
                    "offset": -1
                }
            },
            "listFields": {
                "1": {
                    "field": "date_order",
                    "type": "datetime",
                    "offset": 0
                }
            },
            "graphFields": {
                "e012bf45-55dc-4c46-b069-bc090a467d73": {
                    "field": "date",
                    "type": "datetime",
                    "offset": 0
                }
            }
        },
        {
            "id": "b2ea6617-2767-4a88-bb69-ca205c8d8ff8",
            "type": "relation",
            "label": "Session",
            "modelName": "pos.session",
            "defaultValue": [],
            "defaultValueDisplayNames": [],
            "rangeType": "year",
            "defaultsToCurrentPeriod": false,
            "pivotFields": {
                "1": {
                    "field": "session_id",
                    "type": "many2one"
                },
                "2": {
                    "field": "session_id",
                    "type": "many2one"
                },
                "3": {
                    "field": "session_id",
                    "type": "many2one"
                },
                "4": {
                    "field": "session_id",
                    "type": "many2one"
                },
                "5": {
                    "field": "session_id",
                    "type": "many2one"
                },
                "6": {
                    "field": "session_id",
                    "type": "many2one"
                }
            },
            "listFields": {
                "1": {
                    "field": "session_id",
                    "type": "many2one"
                }
            },
            "graphFields": {
                "e012bf45-55dc-4c46-b069-bc090a467d73": {
                    "field": "session_id",
                    "type": "many2one"
                }
            }
        },
        {
            "id": "c63f2c18-e213-4d37-bbee-f72eed4f6a81",
            "type": "relation",
            "label": "Point of Sale",
            "modelName": "pos.config",
            "defaultValue": [],
            "defaultValueDisplayNames": [],
            "rangeType": "year",
            "defaultsToCurrentPeriod": false,
            "pivotFields": {
                "1": {
                    "field": "config_id",
                    "type": "many2one"
                },
                "2": {
                    "field": "config_id",
                    "type": "many2one"
                },
                "3": {
                    "field": "config_id",
                    "type": "many2one"
                },
                "4": {
                    "field": "config_id",
                    "type": "many2one"
                },
                "5": {
                    "field": "config_id",
                    "type": "many2one"
                },
                "6": {
                    "field": "config_id",
                    "type": "many2one"
                }
            },
            "listFields": {
                "1": {
                    "field": "config_id",
                    "type": "many2one"
                }
            },
            "graphFields": {
                "e012bf45-55dc-4c46-b069-bc090a467d73": {
                    "field": "config_id",
                    "type": "many2one"
                }
            }
        },
        {
            "id": "67147662-1091-4723-a818-6ce393d39ef8",
            "type": "relation",
            "label": "Responsible",
            "modelName": "res.users",
            "defaultValue": [],
            "defaultValueDisplayNames": [],
            "rangeType": "year",
            "defaultsToCurrentPeriod": false,
            "pivotFields": {
                "1": {
                    "field": "user_id",
                    "type": "many2one"
                },
                "2": {
                    "field": "user_id",
                    "type": "many2one"
                },
                "3": {
                    "field": "user_id",
                    "type": "many2one"
                },
                "4": {
                    "field": "user_id",
                    "type": "many2one"
                },
                "5": {
                    "field": "user_id",
                    "type": "many2one"
                },
                "6": {
                    "field": "user_id",
                    "type": "many2one"
                }
            },
            "listFields": {
                "1": {
                    "field": "user_id",
                    "type": "many2one"
                }
            },
            "graphFields": {
                "e012bf45-55dc-4c46-b069-bc090a467d73": {
                    "field": "user_id",
                    "type": "many2one"
                }
            }
        },
        {
            "id": "9508017b-f441-4787-8339-40bdc1af3b46",
            "type": "relation",
            "label": "Product",
            "modelName": "product.template",
            "defaultValue": [],
            "defaultValueDisplayNames": [],
            "rangeType": "year",
            "defaultsToCurrentPeriod": false,
            "pivotFields": {
                "1": {
                    "field": "product_tmpl_id",
                    "type": "many2one"
                },
                "2": {
                    "field": "product_tmpl_id",
                    "type": "many2one"
                },
                "3": {
                    "field": "product_tmpl_id",
                    "type": "many2one"
                },
                "4": {
                    "field": "product_tmpl_id",
                    "type": "many2one"
                },
                "5": {
                    "field": "product_tmpl_id",
                    "type": "many2one"
                },
                "6": {
                    "field": "product_tmpl_id",
                    "type": "many2one"
                }
            },
            "listFields": {
                "1": {
                    "field": "lines.product_id",
                    "type": "many2one"
                }
            },
            "graphFields": {
                "e012bf45-55dc-4c46-b069-bc090a467d73": {
                    "field": "product_tmpl_id",
                    "type": "many2one"
                }
            }
        }
    ]
}