<?xml version="1.0" encoding="utf-8"?>
<odoo>

    <!-- ADHOC - Supplier/Customer -->

    <record id="res_partner_adhoc" model="res.partner">
        <field name="name">ADHOC SA</field>
        <field eval="[(6, 0, [ref('base.res_partner_category_8'), ref('base.res_partner_category_11')])]" name="category_id"/>
        <field name="is_company">1</field>
        <field name="city">Rosario</field>
        <field name="zip">2000</field>
        <field name="state_id" ref="base.state_ar_s"/>
        <field name="country_id" ref="base.ar"/>
        <field name="street">Ovidio Lagos 41 bis</field>
        <field name="email">info@adhoc.com.ar</field>
        <field name="phone">(+54) (341) 208 0203</field>
        <field name="website">http://www.adhoc.com.ar</field>
        <field name='l10n_latam_identification_type_id' ref="l10n_ar.it_cuit"/>
        <field name='vat'>30714295698</field>
        <field name="image_1920" type="base64" file="l10n_ar/demo/adhoc_logo.png"/>
        <field name='l10n_ar_afip_responsibility_type_id' ref="l10n_ar.res_IVARI"/>
    </record>

    <!-- Gritti Agrimensura -->
    <record id="res_partner_gritti_agrimensura" model="res.partner">
        <field name="name">Gritti Agrimensura</field>
        <field eval="[(6, 0, [ref('base.res_partner_category_8'), ref('base.res_partner_category_11')])]" name="category_id"/>
        <field name="is_company">1</field>
        <field name="city">Rosario</field>
        <field name="zip">2000</field>
        <field name="state_id" ref="base.state_ar_s"/>
        <field name="country_id" ref="base.ar"/>
        <field name="street">Calle Falsa 123</field>
        <field name="email">info@example.com.ar</field>
        <field name="phone">(+54) (341) 111 2222</field>
        <field name="website">http://www.grittiagrimensura.com</field>
        <field name='l10n_latam_identification_type_id' ref="l10n_ar.it_cuit"/>
        <field name='vat'>27320732811</field>
        <field name="image_1920" type="base64" file="l10n_ar/demo/gritti_logo.png"/>
        <field name='l10n_ar_afip_responsibility_type_id' ref="l10n_ar.res_RM"/>
    </record>

    <!-- Consejo Municipal Rosario -->
    <record id="res_partner_cmr" model="res.partner">
        <field name="name">Concejo Municipal de Rosario</field>
        <field name="is_company">1</field>
        <field name="city">Rosario</field>
        <field name="zip">2000</field>
        <field name="state_id" ref="base.state_ar_s"/>
        <field name="country_id" ref="base.ar"/>
        <field name="street">Cordoba 501</field>
        <field name="email">info@example.com.ar</field>
        <field name="phone">(+54) (341) 222 3333</field>
        <field name="website">http://www.concejorosario.gov.ar/</field>
        <field name='l10n_latam_identification_type_id' ref="l10n_ar.it_cuit"/>
        <field name='vat'>30684679372</field>
        <field name="image_1920" type="base64" file="l10n_ar/demo/cmr_logo.jpg"/>
        <field name='l10n_ar_afip_responsibility_type_id' ref="l10n_ar.res_IVAE"/>
    </record>

    <!-- Odoo -->
    <record id="res_partner_odoo" model="res.partner">
        <field name="name">Odoo Inc</field>
        <field name="is_company">1</field>
        <field name="city">San Francisco</field>
        <field name="zip">CA 94107</field>
        <field name="country_id" ref="base.us"/>
        <field name="street">51 Federal Street, Suite 401</field>
        <field name="email">info@odoo.com</field>
        <field name="phone">(+00) (11) 222 3333</field>
        <field name="website">https://www.odoo.com/</field>
        <field name='l10n_latam_identification_type_id' ref="l10n_latam_base.it_fid"/>
        <field name='vat'>111222333444</field>
        <field name="image_1920" type="base64" file="l10n_ar/demo/odoo_logo.jpg"/>
        <field name='l10n_ar_afip_responsibility_type_id' ref="l10n_ar.res_EXT"/>
    </record>

    <!-- Telecom -->
    <record id="res_partner_telecom" model="res.partner">
        <field name="name">TELECOM</field>
        <field name="is_company">1</field>
        <field name='l10n_latam_identification_type_id' ref="l10n_ar.it_cuit"/>
        <field name='vat'>30639453738</field>
        <field name='l10n_ar_afip_responsibility_type_id' ref="l10n_ar.res_IVARI"/>
    </record>

    <!-- Odoo -->
    <record id="res_partner_expresso" model="res.partner">
        <field name="name">Expresso</field>
        <field name="is_company">1</field>
        <field name="city">Barcelona</field>
        <field name="zip">11002</field>
        <field name="country_id" ref="base.es"/>
        <field name="street">La gran avenida 123</field>
        <field name="email">info@expresso.com</field>
        <field name="phone">(+00) (11) 222 3333</field>
        <field name="website">http://www.expresso.com/</field>
        <field name='l10n_latam_identification_type_id' ref="l10n_latam_base.it_fid"/>
        <field name='vat'>2222333344445555</field>
        <field name="image_1920" type="base64" file="l10n_ar/demo/expresso_logo.png"/>
        <field name='l10n_ar_afip_responsibility_type_id' ref="l10n_ar.res_EXT"/>
    </record>

    <!-- Paseo del Fuego -->
    <record id="res_partner_cerrocastor" model="res.partner">
        <field name="name">Cerro Castor</field>
        <field name="is_company">1</field>
        <field name="city">Ushuaia</field>
        <field name="state_id" ref="base.state_ar_v"/>
        <field name="country_id" ref="base.ar"/>
        <field name="street">Ruta 3 km 26</field>
        <field name="email">info@cerrocastor.com</field>
        <field name="phone">(+00) (11) 4444 5556</field>
        <field name="website">http://www.cerrocastor.com/</field>
        <field name='l10n_latam_identification_type_id' ref="l10n_ar.it_cuit"/>
        <field name='vat'>27333333339</field>
        <field name="image_1920" type="base64" file="l10n_ar/demo/cerrocastor_logo.png"/>
        <field name='l10n_ar_afip_responsibility_type_id' ref="l10n_ar.res_IVA_LIB"/>
    </record>

    <!-- Foreign Partner -->
    <record id="res_partner_foreign" model="res.partner">
        <field name="name">Foreign Inc</field>
        <field eval="[(6, 0, [ref('base.res_partner_category_14'), ref('base.res_partner_category_12')])]" name="category_id"/>
        <field name="is_company">1</field>
        <field name="street">7841 Red Road</field>
        <field name="city">San Francisco</field>
        <field name="state_id" ref='base.state_us_5'/>
        <field name="zip">95380</field>
        <field name="country_id" ref="base.us"/>
        <field name="email">foreing@example.com</field>
        <field name="phone">(123)-456-7890</field>
        <field name="website">http://www.foreign-inc.com</field>
        <field name='l10n_latam_identification_type_id' ref="l10n_ar.it_cuit"/>
        <field name='vat'>30222222229</field>
        <field name='l10n_ar_afip_responsibility_type_id' ref="l10n_ar.res_EXT"/>
    </record>

    <!-- "MiPyme" IVA Inscripto -->
    <record id="res_partner_mipyme" model="res.partner">
        <field name="name">Belgrano Cargas Y Logistica S (Mipyme)</field>
        <field eval="[(6, 0, [ref('base.res_partner_category_14'), ref('base.res_partner_category_12')])]" name="category_id"/>
        <field name="is_company">1</field>
        <field name="street">Av. Santa Fe 4636</field>
        <field name="city">Buenos Aires</field>
        <field name="state_id" ref='base.state_ar_c'/>
        <field name="zip">1425</field>
        <field name="country_id" ref="base.ar"/>
        <field name="email">mipyme@example.com</field>
        <field name="phone">(123)-456-7890</field>
        <field name="website">http://www.mypime-inc.com</field>
        <field name='l10n_latam_identification_type_id' ref="l10n_ar.it_cuit"/>
        <field name='vat'>30714101443</field>
        <field name='l10n_ar_afip_responsibility_type_id' ref="l10n_ar.res_IVARI"/>
    </record>

</odoo>
