<?xml version="1.0" encoding="utf-8"?>
<odoo>
    <record id="dk_chart_template" model="account.chart.template">
        <field name="name">Denmark - Chart of Accounts</field>
        <field name="code_digits">4</field>
        <field name="currency_id" ref="base.DKK"/>
        <field name="use_anglo_saxon" eval="True"/>
        <field name="cash_account_code_prefix">681</field>
        <field name="bank_account_code_prefix">682</field>
        <field name="transfer_account_code_prefix">683</field>
        <field name="country_id" ref="base.dk"/>
    </record>
</odoo>
