<odoo>
    <data>
        <record id="partner_demo_company_eg" model="res.partner">
            <field name="name">EG Company</field>
            <field name="country_id" ref="base.eg"/>
            <field name="state_id" ref="base.state_eg_c"/>
            <field name="street">112 26th July St.</field>
            <field name="city">Zamalek</field>
            <field name="vat">123456789</field>
            <field name="phone">+20 27 370 423</field>
            <field name="email">info@company.egexample.com</field>
            <field name="website">www.egexample.com</field>
        </record>

        <record id="demo_company_eg" model="res.company">
            <field name="name">EG Company</field>
            <field name="partner_id" ref="partner_demo_company_eg"/>
        </record>

        <function model="res.company" name="_onchange_country_id">
            <value eval="[ref('demo_company_eg')]"/>
        </function>

        <function model="res.users" name="write">
            <value eval="[ref('base.user_root'), ref('base.user_admin'), ref('base.user_demo')]"/>
            <value eval="{'company_ids': [Command.link(ref('demo_company_eg'))]}"/>
        </function>

        <function model="account.chart.template" name="try_loading">
            <value eval="[ref('l10n_eg.egypt_chart_template_standard')]"/>
            <value model="res.company" eval="obj().env.ref('l10n_eg.demo_company_eg')"/>
        </function>
    </data>
</odoo>
