<?xml version="1.0" encoding="utf-8"?>
<odoo>
    <record id="l10n_my_chart_template" model="account.chart.template">
        <field name="name">Malaysia - Chart of Accounts</field>
        <field name="bank_account_code_prefix">1200</field>
        <field name="cash_account_code_prefix">1210</field>
        <field name="transfer_account_code_prefix">111220</field>
        <field name="code_digits">6</field>
        <field name="currency_id" ref="base.MYR" />
        <field name="spoken_languages" eval="'ms_MY'"/>
        <field name="country_id" ref="base.my"/>
    </record>
</odoo>
