<?xml version="1.0" encoding="utf-8"?>
<odoo>
    <data noupdate="1">
        <record id="tax_group_vat_21" model="account.tax.group">
            <field name="name">DPH 21%</field>
            <field name="country_id" ref="base.cz"/>
        </record>
        <record id="tax_group_vat_15" model="account.tax.group">
            <field name="name">DPH 15%</field>
            <field name="country_id" ref="base.cz"/>
        </record>
        <record id="tax_group_vat_0" model="account.tax.group">
            <field name="name">DPH 0%</field>
            <field name="country_id" ref="base.cz"/>
        </record>
    </data>
</odoo>
