id,name,model_id:id,group_id:id,perm_read,perm_write,perm_create,perm_unlink
access_event_question,event.question,model_event_question,,1,0,0,0
access_event_question_user,event.question.user,model_event_question,event.group_event_user,1,1,1,1
access_event_question_answer,event.question.answer,model_event_question_answer,,1,0,0,0
access_event_question_answer_registration,event.question.answer.registration,model_event_question_answer,event.group_event_registration_desk,1,1,0,0
access_event_question_answer_user,event.question.answer.user,model_event_question_answer,event.group_event_user,1,1,1,1
access_event_registration_answer_registration,event.registration.answer.registration,model_event_registration_answer,event.group_event_registration_desk,1,1,1,1
