<?xml version="1.0" encoding="utf-8"?>
<odoo>
    <data noupdate="1">
        <record id="tax_group_0" model="account.tax.group">
            <field name="name">VAT 0%</field>
            <field name="country_id" ref="base.vn"/>
        </record>
        <record id="tax_group_5" model="account.tax.group">
            <field name="name">VAT 5%</field>
            <field name="country_id" ref="base.vn"/>
        </record>
        <record id="tax_group_10" model="account.tax.group">
            <field name="name">VAT 10%</field>
            <field name="country_id" ref="base.vn"/>
        </record>
    </data>
</odoo>
