<?xml version="1.0" encoding="utf-8"?>
<odoo>
    <record id="vn_template" model="account.chart.template">
        <field name="property_account_receivable_id" ref="chart131"/>
        <field name="property_account_payable_id" ref="chart331"/>
        <field name="property_account_expense_categ_id" ref="chart1561"/>
        <field name="property_account_income_categ_id" ref="chart5111"/>
        <field name="income_currency_exchange_account_id" ref="chart515"/>
        <field name="expense_currency_exchange_account_id" ref="chart635"/>
        <field name="default_pos_receivable_account_id" ref="chart132"/>
        <field name="account_journal_early_pay_discount_loss_account_id" ref="chart9993"/>
        <field name="account_journal_early_pay_discount_gain_account_id" ref="chart9994"/>
    </record>
</odoo>
