id,name,model_id:id,group_id:id,perm_read,perm_write,perm_create,perm_unlink
access_survey_slides_officer,access.survey.slides.officer,survey.model_survey_survey,website_slides.group_website_slides_officer,1,0,0,0
access_survey_question_slides_officer,access.survey.question.slides.officer,survey.model_survey_question,website_slides.group_website_slides_officer,1,0,0,0
access_survey_question_answer_slides_officer,survey.question.answer.slides.officer,survey.model_survey_question_answer,website_slides.group_website_slides_officer,1,0,0,0
access_survey_user_input_slides_officer,access.survey.user.input.slides.officer,survey.model_survey_user_input,website_slides.group_website_slides_officer,1,0,0,0
access_survey_user_input_line_slides_officer,access.survey.user.input.line.slides.officer,survey.model_survey_user_input_line,website_slides.group_website_slides_officer,1,0,0,0
