<?xml version="1.0" encoding="utf-8"?>
<odoo noupdate="1">

    <record id="product_template_public" model="ir.rule">
        <field name="name">Public product template</field>
        <field name="model_id" ref="product.model_product_template"/>
        <field name="domain_force">[('website_published', '=', True), ("rent_ok", "=", True)]</field>
        <field name="groups" eval="[(4, ref('base.group_public')), (4, ref('base.group_portal'))]"/>
        <field name="perm_read" eval="True"/>
        <field name="perm_write" eval="False"/>
        <field name="perm_create" eval="False"/>
        <field name="perm_unlink" eval="False"/>
    </record>

</odoo>
