<?xml version="1.0" encoding="utf-8"?>
<odoo>
    <data>
        <!--
    Resource: res.partner.title
    Update partner titles
    -->
        <record id="res_partner_title_dra" model="res.partner.title">
            <field name="name">Doctora</field>
            <field name="shortcut">Dra.</field>
        </record>
        <record id="res_partner_title_msc" model="res.partner.title">
            <field name="name">Msc.</field>
            <field name="shortcut">Msc.</field>
        </record>
        <record id="res_partner_title_mba" model="res.partner.title">
            <field name="name">MBA</field>
            <field name="shortcut">MBA</field>
        </record>
        <record id="res_partner_title_lic" model="res.partner.title">
            <field name="name">Licenciado</field>
            <field name="shortcut">Lic.</field>
        </record>
        <record id="res_partner_title_licda" model="res.partner.title">
            <field name="name">Licenciada</field>
            <field name="shortcut">Licda.</field>
        </record>
        <record id="res_partner_title_ing" model="res.partner.title">
            <field name="name">Ingeniero/a</field>
            <field name="shortcut">Ing.</field>
        </record>
    </data>
</odoo>
