{
    "version": 12,
    "sheets": [
        {
            "id": "sheet1",
            "name": "Dashboard",
            "colNumber": 9,
            "rowNumber": 31,
            "rows": {
                "6": {
                    "size": 40
                },
                "18": {
                    "size": 40
                },
                "19": {
                    "size": 40
                }
            },
            "cols": {
                "0": {
                    "size": 175
                },
                "1": {
                    "size": 100
                },
                "2": {
                    "size": 100
                },
                "3": {
                    "size": 100
                },
                "4": {
                    "size": 50
                },
                "5": {
                    "size": 175
                },
                "6": {
                    "size": 100
                },
                "7": {
                    "size": 100
                },
                "8": {
                    "size": 100
                }
            },
            "merges": [],
            "cells": {
                "A7": {
                    "style": 1,
                    "content": "[Daily Sessions](odoo://view/{\"viewType\":\"graph\",\"action\":{\"domain\":[],\"context\":{\"group_by\":[\"start_date:day\"],\"graph_measure\":\"__count\",\"graph_mode\":\"bar\",\"graph_groupbys\":[\"start_date:day\"]},\"modelName\":\"im_livechat.report.channel\",\"views\":[[false,\"graph\"],[false,\"pivot\"],[false,\"search\"]]},\"threshold\":0,\"name\":\"Session per Day\"})",
                    "border": 1
                },
                "A19": {
                    "style": 1,
                    "content": "[Top Operators](odoo://view/{\"viewType\":\"pivot\",\"action\":{\"domain\":[],\"context\":{\"group_by\":[],\"pivot_measures\":[\"nbr_channel\",\"time_to_answer\",\"duration\"],\"pivot_column_groupby\":[],\"pivot_row_groupby\":[\"partner_id\"]},\"modelName\":\"im_livechat.report.operator\",\"views\":[[false,\"graph\"],[false,\"pivot\"],[false,\"search\"]]},\"threshold\":0,\"name\":\"Operator Analysis\"})",
                    "border": 1
                },
                "A20": {
                    "style": 2,
                    "content": "=_t(\"Operator\")",
                    "border": 2
                },
                "A21": {
                    "style": 3,
                    "content": "=ODOO.PIVOT.HEADER(3,\"#partner_id\",1)"
                },
                "A22": {
                    "style": 4,
                    "content": "=ODOO.PIVOT.HEADER(3,\"#partner_id\",2)"
                },
                "A23": {
                    "style": 3,
                    "content": "=ODOO.PIVOT.HEADER(3,\"#partner_id\",3)"
                },
                "A24": {
                    "style": 4,
                    "content": "=ODOO.PIVOT.HEADER(3,\"#partner_id\",4)"
                },
                "A25": {
                    "style": 3,
                    "content": "=ODOO.PIVOT.HEADER(3,\"#partner_id\",5)"
                },
                "A26": {
                    "style": 4,
                    "content": "=ODOO.PIVOT.HEADER(3,\"#partner_id\",6)"
                },
                "A27": {
                    "style": 3,
                    "content": "=ODOO.PIVOT.HEADER(3,\"#partner_id\",7)"
                },
                "A28": {
                    "style": 4,
                    "content": "=ODOO.PIVOT.HEADER(3,\"#partner_id\",8)"
                },
                "A29": {
                    "style": 3,
                    "content": "=ODOO.PIVOT.HEADER(3,\"#partner_id\",9)"
                },
                "A30": {
                    "style": 4,
                    "content": "=ODOO.PIVOT.HEADER(3,\"#partner_id\",10)"
                },
                "B7": {
                    "style": 5,
                    "border": 1
                },
                "B20": {
                    "style": 6,
                    "border": 2
                },
                "B21": {
                    "style": 7,
                    "format": 1
                },
                "B22": {
                    "format": 1
                },
                "B23": {
                    "style": 7,
                    "format": 1
                },
                "B24": {
                    "format": 1
                },
                "B25": {
                    "style": 7,
                    "format": 1
                },
                "B26": {
                    "format": 1
                },
                "B27": {
                    "style": 7,
                    "format": 1
                },
                "B28": {
                    "format": 1
                },
                "B29": {
                    "style": 7,
                    "format": 1
                },
                "B30": {
                    "format": 1
                },
                "C7": {
                    "style": 5,
                    "border": 1
                },
                "C20": {
                    "style": 6,
                    "border": 2
                },
                "C21": {
                    "style": 7,
                    "format": 1
                },
                "C22": {
                    "format": 1
                },
                "C23": {
                    "style": 7,
                    "format": 1
                },
                "C24": {
                    "format": 1
                },
                "C25": {
                    "style": 7,
                    "format": 1
                },
                "C26": {
                    "format": 1
                },
                "C27": {
                    "style": 7,
                    "format": 1
                },
                "C28": {
                    "format": 1
                },
                "C29": {
                    "style": 7,
                    "format": 1
                },
                "C30": {
                    "format": 1
                },
                "D20": {
                    "style": 6,
                    "content": "=_t(\"Sessions\")",
                    "border": 2
                },
                "D21": {
                    "style": 7,
                    "content": "=ODOO.PIVOT(3,\"nbr_channel\",\"#partner_id\",1)"
                },
                "D22": {
                    "content": "=ODOO.PIVOT(3,\"nbr_channel\",\"#partner_id\",2)"
                },
                "D23": {
                    "style": 7,
                    "content": "=ODOO.PIVOT(3,\"nbr_channel\",\"#partner_id\",3)"
                },
                "D24": {
                    "content": "=ODOO.PIVOT(3,\"nbr_channel\",\"#partner_id\",4)"
                },
                "D25": {
                    "style": 7,
                    "content": "=ODOO.PIVOT(3,\"nbr_channel\",\"#partner_id\",5)"
                },
                "D26": {
                    "content": "=ODOO.PIVOT(3,\"nbr_channel\",\"#partner_id\",6)"
                },
                "D27": {
                    "style": 7,
                    "content": "=ODOO.PIVOT(3,\"nbr_channel\",\"#partner_id\",7)"
                },
                "D28": {
                    "content": "=ODOO.PIVOT(3,\"nbr_channel\",\"#partner_id\",8)"
                },
                "D29": {
                    "style": 7,
                    "content": "=ODOO.PIVOT(3,\"nbr_channel\",\"#partner_id\",9)"
                },
                "D30": {
                    "content": "=ODOO.PIVOT(3,\"nbr_channel\",\"#partner_id\",10)"
                },
                "E20": {
                    "style": 6,
                    "border": 2
                },
                "E21": {
                    "style": 7,
                    "format": 1
                },
                "E22": {
                    "format": 1
                },
                "E23": {
                    "style": 7,
                    "format": 1
                },
                "E24": {
                    "format": 1
                },
                "E25": {
                    "style": 7,
                    "format": 1
                },
                "E26": {
                    "format": 1
                },
                "E27": {
                    "style": 7,
                    "format": 1
                },
                "E28": {
                    "format": 1
                },
                "E29": {
                    "style": 7,
                    "format": 1
                },
                "E30": {
                    "format": 1
                },
                "F7": {
                    "style": 1,
                    "content": "[Sessions by Operator](odoo://view/{\"viewType\":\"graph\",\"action\":{\"domain\":[],\"context\":{\"group_by\":[\"partner_id\"],\"graph_measure\":\"nbr_channel\",\"graph_mode\":\"bar\",\"graph_groupbys\":[\"partner_id\"]},\"modelName\":\"im_livechat.report.operator\",\"views\":[[false,\"graph\"],[false,\"pivot\"],[false,\"search\"]]},\"threshold\":0,\"name\":\"Operator Analysis\"})",
                    "border": 1
                },
                "F20": {
                    "style": 6,
                    "content": "Time to answer (seconds)",
                    "border": 2
                },
                "F21": {
                    "style": 7,
                    "format": 2,
                    "content": "=ODOO.PIVOT(3,\"time_to_answer\",\"#partner_id\",1)"
                },
                "F22": {
                    "format": 2,
                    "content": "=ODOO.PIVOT(3,\"time_to_answer\",\"#partner_id\",2)"
                },
                "F23": {
                    "style": 7,
                    "format": 2,
                    "content": "=ODOO.PIVOT(3,\"time_to_answer\",\"#partner_id\",3)"
                },
                "F24": {
                    "format": 2,
                    "content": "=ODOO.PIVOT(3,\"time_to_answer\",\"#partner_id\",4)"
                },
                "F25": {
                    "style": 7,
                    "format": 2,
                    "content": "=ODOO.PIVOT(3,\"time_to_answer\",\"#partner_id\",5)"
                },
                "F26": {
                    "format": 2,
                    "content": "=ODOO.PIVOT(3,\"time_to_answer\",\"#partner_id\",6)"
                },
                "F27": {
                    "style": 7,
                    "format": 2,
                    "content": "=ODOO.PIVOT(3,\"time_to_answer\",\"#partner_id\",7)"
                },
                "F28": {
                    "format": 2,
                    "content": "=ODOO.PIVOT(3,\"time_to_answer\",\"#partner_id\",8)"
                },
                "F29": {
                    "style": 7,
                    "format": 2,
                    "content": "=ODOO.PIVOT(3,\"time_to_answer\",\"#partner_id\",9)"
                },
                "F30": {
                    "format": 2,
                    "content": "=ODOO.PIVOT(3,\"time_to_answer\",\"#partner_id\",10)"
                },
                "G7": {
                    "style": 5,
                    "border": 1
                },
                "G20": {
                    "style": 6,
                    "border": 2
                },
                "G21": {
                    "style": 7,
                    "format": 1
                },
                "G22": {
                    "format": 1
                },
                "G23": {
                    "style": 7,
                    "format": 1
                },
                "G24": {
                    "format": 1
                },
                "G25": {
                    "style": 7,
                    "format": 1
                },
                "G26": {
                    "format": 1
                },
                "G27": {
                    "style": 7,
                    "format": 1
                },
                "G28": {
                    "format": 1
                },
                "G29": {
                    "style": 7,
                    "format": 1
                },
                "G30": {
                    "format": 1
                },
                "H7": {
                    "style": 5,
                    "border": 1
                },
                "H20": {
                    "style": 6,
                    "border": 2
                },
                "H21": {
                    "style": 7,
                    "format": 1
                },
                "H22": {
                    "format": 1
                },
                "H23": {
                    "style": 7,
                    "format": 1
                },
                "H24": {
                    "format": 1
                },
                "H25": {
                    "style": 7,
                    "format": 1
                },
                "H26": {
                    "format": 1
                },
                "H27": {
                    "style": 7,
                    "format": 1
                },
                "H28": {
                    "format": 1
                },
                "H29": {
                    "style": 7,
                    "format": 1
                },
                "H30": {
                    "format": 1
                },
                "I20": {
                    "style": 6,
                    "content": "Average session (seconds)",
                    "border": 2
                },
                "I21": {
                    "style": 7,
                    "format": 2,
                    "content": "=ODOO.PIVOT(3,\"duration\",\"#partner_id\",1)"
                },
                "I22": {
                    "format": 2,
                    "content": "=ODOO.PIVOT(3,\"duration\",\"#partner_id\",2)"
                },
                "I23": {
                    "style": 7,
                    "format": 2,
                    "content": "=ODOO.PIVOT(3,\"duration\",\"#partner_id\",3)"
                },
                "I24": {
                    "format": 2,
                    "content": "=ODOO.PIVOT(3,\"duration\",\"#partner_id\",4)"
                },
                "I25": {
                    "style": 7,
                    "format": 2,
                    "content": "=ODOO.PIVOT(3,\"duration\",\"#partner_id\",5)"
                },
                "I26": {
                    "format": 2,
                    "content": "=ODOO.PIVOT(3,\"duration\",\"#partner_id\",6)"
                },
                "I27": {
                    "style": 7,
                    "format": 2,
                    "content": "=ODOO.PIVOT(3,\"duration\",\"#partner_id\",7)"
                },
                "I28": {
                    "format": 2,
                    "content": "=ODOO.PIVOT(3,\"duration\",\"#partner_id\",8)"
                },
                "I29": {
                    "style": 7,
                    "format": 2,
                    "content": "=ODOO.PIVOT(3,\"duration\",\"#partner_id\",9)"
                },
                "I30": {
                    "format": 2,
                    "content": "=ODOO.PIVOT(3,\"duration\",\"#partner_id\",10)"
                },
                "A8": {
                    "border": 2
                },
                "B8": {
                    "border": 2
                },
                "B19": {
                    "border": 1
                },
                "C8": {
                    "border": 2
                },
                "C19": {
                    "border": 1
                },
                "D19": {
                    "border": 1
                },
                "E19": {
                    "border": 1
                },
                "F8": {
                    "border": 2
                },
                "F19": {
                    "border": 1
                },
                "G8": {
                    "border": 2
                },
                "G19": {
                    "border": 1
                },
                "H8": {
                    "border": 2
                },
                "H19": {
                    "border": 1
                },
                "I19": {
                    "border": 1
                }
            },
            "conditionalFormats": [],
            "figures": [
                {
                    "id": "082454d7-d797-48a6-8db5-9182050a8c55",
                    "x": 0,
                    "y": 0,
                    "width": 200,
                    "height": 120,
                    "tag": "chart",
                    "data": {
                        "baselineColorDown": "#DC6965",
                        "baselineColorUp": "#00A04A",
                        "baselineMode": "percentage",
                        "title": "Sessions",
                        "type": "scorecard",
                        "background": "",
                        "baseline": "Data!E2",
                        "baselineDescr": "since last period",
                        "keyValue": "Data!D2"
                    }
                },
                {
                    "id": "57b7bb2f-2b24-435a-83de-d56a0452ac10",
                    "x": 0,
                    "y": 178,
                    "width": 475,
                    "height": 230,
                    "tag": "chart",
                    "data": {
                        "title": "",
                        "id": "57b7bb2f-2b24-435a-83de-d56a0452ac10",
                        "background": "#FFFFFF",
                        "legendPosition": "none",
                        "metaData": {
                            "groupBy": [
                                "start_date:day"
                            ],
                            "measure": "__count",
                            "order": null,
                            "resModel": "im_livechat.report.channel"
                        },
                        "searchParams": {
                            "comparison": null,
                            "context": {},
                            "domain": [],
                            "groupBy": [
                                "start_date:day"
                            ],
                            "orderBy": []
                        },
                        "type": "odoo_bar",
                        "verticalAxisPosition": "left",
                        "stacked": true
                    }
                },
                {
                    "id": "876d7cf5-21ea-441e-b4fd-08556365cb8a",
                    "x": 525,
                    "y": 178,
                    "width": 475,
                    "height": 230,
                    "tag": "chart",
                    "data": {
                        "title": "",
                        "id": "876d7cf5-21ea-441e-b4fd-08556365cb8a",
                        "background": "#FFFFFF",
                        "legendPosition": "none",
                        "metaData": {
                            "groupBy": [
                                "partner_id"
                            ],
                            "measure": "nbr_channel",
                            "order": "DESC",
                            "resModel": "im_livechat.report.operator"
                        },
                        "searchParams": {
                            "comparison": null,
                            "context": {},
                            "domain": [],
                            "groupBy": [
                                "partner_id"
                            ],
                            "orderBy": []
                        },
                        "type": "odoo_bar",
                        "verticalAxisPosition": "left",
                        "stacked": true
                    }
                },
                {
                    "id": "ced6ca85-c9d2-4804-9100-e1ca5fd290d1",
                    "x": 210,
                    "y": 0,
                    "width": 200,
                    "height": 120,
                    "tag": "chart",
                    "data": {
                        "baselineColorDown": "#DC6965",
                        "baselineColorUp": "#00A04A",
                        "baselineMode": "percentage",
                        "title": "Avg. Time to Answer",
                        "type": "scorecard",
                        "background": "",
                        "baseline": "Data!E3",
                        "baselineDescr": "last period",
                        "keyValue": "Data!D3"
                    }
                },
                {
                    "id": "e0b92164-4451-4c0b-bd28-3bab46fd88de",
                    "x": 420,
                    "y": 0,
                    "width": 200,
                    "height": 120,
                    "tag": "chart",
                    "data": {
                        "baselineColorDown": "#DC6965",
                        "baselineColorUp": "#00A04A",
                        "baselineMode": "percentage",
                        "title": "Avg. Session Duration",
                        "type": "scorecard",
                        "background": "",
                        "baseline": "Data!E4",
                        "baselineDescr": "last period",
                        "keyValue": "Data!D4"
                    }
                },
                {
                    "id": "5b8972f1-db5f-48dd-aeca-c0bc87c7155d",
                    "x": 630,
                    "y": 0,
                    "width": 200,
                    "height": 120,
                    "tag": "chart",
                    "data": {
                        "background": "",
                        "sectionRule": {
                            "colors": {
                                "lowerColor": "#cc0000",
                                "middleColor": "#f1c232",
                                "upperColor": "#6aa84f"
                            },
                            "rangeMin": "0",
                            "rangeMax": "5",
                            "lowerInflectionPoint": {
                                "type": "number",
                                "value": "1"
                            },
                            "upperInflectionPoint": {
                                "type": "number",
                                "value": "3"
                            }
                        },
                        "title": "Average Rating",
                        "type": "gauge",
                        "dataRange": "Data!D5"
                    }
                }
            ],
            "areGridLinesVisible": true,
            "isVisible": true
        },
        {
            "id": "16705d67-20c0-466d-ac72-3b955432e0ba",
            "name": "Data",
            "colNumber": 26,
            "rowNumber": 95,
            "rows": {},
            "cols": {
                "0": {
                    "size": 135.8818359375
                },
                "1": {
                    "size": 109.58251953125
                },
                "2": {
                    "size": 109.58251953125
                },
                "3": {
                    "size": 109.58251953125
                },
                "4": {
                    "size": 109.58251953125
                }
            },
            "merges": [],
            "cells": {
                "A1": {
                    "style": 2,
                    "content": "=_t(\"KPI\")"
                },
                "A2": {
                    "content": "=_t(\"Sessions\")"
                },
                "A3": {
                    "content": "=_t(\"Avg. time to answer\")"
                },
                "A4": {
                    "content": "=_t(\"Avg. session duration\")"
                },
                "A5": {
                    "content": "=_t(\"Rating\")"
                },
                "B1": {
                    "style": 2,
                    "content": "=_t(\"Current\")"
                },
                "B2": {
                    "content": "=ODOO.PIVOT(4,\"__count\")"
                },
                "B3": {
                    "content": "=ODOO.PIVOT(1,\"time_to_answer\")"
                },
                "B4": {
                    "content": "=ODOO.PIVOT(1,\"duration\")"
                },
                "B5": {
                    "content": "=ODOO.PIVOT(1,\"rating\")"
                },
                "C1": {
                    "style": 2,
                    "content": "=_t(\"Previous\")"
                },
                "C2": {
                    "content": "=ODOO.PIVOT(5,\"__count\")"
                },
                "C3": {
                    "content": "=ODOO.PIVOT(2,\"time_to_answer\")"
                },
                "C4": {
                    "content": "=ODOO.PIVOT(2,\"duration\")"
                },
                "D1": {
                    "style": 2,
                    "content": "=_t(\"Current\")"
                },
                "D2": {
                    "style": 7,
                    "content": "=FORMAT.LARGE.NUMBER(B2)"
                },
                "D3": {
                    "style": 7,
                    "format": 2,
                    "content": "=CONCATENATE(-ROUND(B3/60),\"min\")"
                },
                "D4": {
                    "style": 7,
                    "format": 2,
                    "content": "=CONCATENATE(ROUND(B4/60),\"min\")"
                },
                "D5": {
                    "style": 7,
                    "content": "=B5"
                },
                "E1": {
                    "style": 2,
                    "content": "=_t(\"Previous\")"
                },
                "E2": {
                    "style": 7,
                    "content": "=FORMAT.LARGE.NUMBER(C2)"
                },
                "E3": {
                    "style": 7,
                    "format": 2,
                    "content": "=-ROUND(C3/60)"
                },
                "E4": {
                    "style": 7,
                    "format": 2,
                    "content": "=ROUND(C4/60)"
                },
                "E5": {
                    "style": 8
                }
            },
            "conditionalFormats": [],
            "figures": [],
            "areGridLinesVisible": true,
            "isVisible": true
        }
    ],
    "entities": {},
    "styles": {
        "1": {
            "textColor": "#01666b",
            "bold": true,
            "fontSize": 16
        },
        "2": {
            "bold": true
        },
        "3": {
            "fillColor": "#f2f2f2",
            "textColor": "#741b47"
        },
        "4": {
            "textColor": "#741b47"
        },
        "5": {
            "bold": true,
            "fontSize": 16
        },
        "6": {
            "align": "right",
            "bold": true
        },
        "7": {
            "fillColor": "#f2f2f2"
        },
        "8": {
            "fillColor": ""
        }
    },
    "formats": {
        "1": "0",
        "2": "#,##0"
    },
    "borders": {
        "1": {
            "bottom": [
                "thin",
                "#000"
            ]
        },
        "2": {
            "top": [
                "thin",
                "#000"
            ]
        }
    },
    "revisionId": "START_REVISION",
    "chartOdooMenusReferences": {
        "57b7bb2f-2b24-435a-83de-d56a0452ac10": "im_livechat.menu_livechat_root",
        "876d7cf5-21ea-441e-b4fd-08556365cb8a": "im_livechat.menu_livechat_root",
        "082454d7-d797-48a6-8db5-9182050a8c55": "im_livechat.menu_reporting_livechat_channel",
        "ced6ca85-c9d2-4804-9100-e1ca5fd290d1": "im_livechat.menu_reporting_livechat_channel",
        "e0b92164-4451-4c0b-bd28-3bab46fd88de": "im_livechat.menu_reporting_livechat_channel",
        "5b8972f1-db5f-48dd-aeca-c0bc87c7155d": "im_livechat.rating_rating_menu_livechat"
    },
    "odooVersion": 4,
    "lists": {},
    "listNextId": 1,
    "pivots": {
        "1": {
            "colGroupBys": [],
            "context": {},
            "domain": [],
            "id": "1",
            "measures": [
                {
                    "field": "duration"
                },
                {
                    "field": "time_to_answer"
                },
                {
                    "field": "rating"
                }
            ],
            "model": "im_livechat.report.channel",
            "rowGroupBys": [],
            "name": "stats 2 - current",
            "sortedColumn": null
        },
        "2": {
            "colGroupBys": [],
            "context": {},
            "domain": [],
            "id": "2",
            "measures": [
                {
                    "field": "duration"
                },
                {
                    "field": "time_to_answer"
                },
                {
                    "field": "rating"
                }
            ],
            "model": "im_livechat.report.channel",
            "rowGroupBys": [],
            "name": "stats 2 - previous",
            "sortedColumn": null
        },
        "3": {
            "colGroupBys": [],
            "context": {},
            "domain": [],
            "id": "3",
            "measures": [
                {
                    "field": "nbr_channel"
                },
                {
                    "field": "time_to_answer"
                },
                {
                    "field": "duration"
                }
            ],
            "model": "im_livechat.report.operator",
            "rowGroupBys": [
                "partner_id"
            ],
            "name": "Livechat Support Statistics by Operator",
            "sortedColumn": {
                "groupId": [
                    [],
                    []
                ],
                "measure": "nbr_channel",
                "order": "desc"
            }
        },
        "4": {
            "colGroupBys": [],
            "context": {},
            "domain": [],
            "id": "4",
            "measures": [
                {
                    "field": "__count"
                }
            ],
            "model": "im_livechat.report.channel",
            "rowGroupBys": [],
            "name": "sessions count - current",
            "sortedColumn": null
        },
        "5": {
            "colGroupBys": [],
            "context": {},
            "domain": [],
            "id": "5",
            "measures": [
                {
                    "field": "__count"
                }
            ],
            "model": "im_livechat.report.channel",
            "rowGroupBys": [],
            "name": "sessions count - previous",
            "sortedColumn": null
        }
    },
    "pivotNextId": 6,
    "globalFilters": [
        {
            "id": "4db3e2d2-5471-44a4-80ca-7c2fa4f1a5ac",
            "type": "date",
            "label": "Period",
            "defaultValue": "last_month",
            "rangeType": "relative",
            "defaultsToCurrentPeriod": false,
            "pivotFields": {
                "1": {
                    "field": "start_date",
                    "type": "datetime",
                    "offset": 0
                },
                "2": {
                    "field": "start_date",
                    "type": "datetime",
                    "offset": -1
                },
                "3": {
                    "field": "start_date",
                    "type": "datetime",
                    "offset": 0
                },
                "4": {
                    "field": "start_date",
                    "type": "datetime",
                    "offset": 0
                },
                "5": {
                    "field": "start_date",
                    "type": "datetime",
                    "offset": -1
                }
            },
            "listFields": {},
            "graphFields": {
                "876d7cf5-21ea-441e-b4fd-08556365cb8a": {
                    "field": "start_date",
                    "type": "datetime",
                    "offset": 0
                },
                "57b7bb2f-2b24-435a-83de-d56a0452ac10": {
                    "field": "start_date",
                    "type": "datetime",
                    "offset": 0
                }
            }
        },
        {
            "id": "5124b7b1-aa17-46cc-b574-2309708de75b",
            "type": "relation",
            "label": "Operator",
            "modelName": "res.partner",
            "defaultValue": [],
            "defaultValueDisplayNames": [],
            "rangeType": "year",
            "defaultsToCurrentPeriod": false,
            "pivotFields": {
                "1": {
                    "field": "partner_id",
                    "type": "many2one"
                },
                "2": {
                    "field": "partner_id",
                    "type": "many2one"
                },
                "3": {
                    "field": "partner_id",
                    "type": "many2one"
                },
                "4": {
                    "field": "partner_id",
                    "type": "many2one"
                },
                "5": {
                    "field": "partner_id",
                    "type": "many2one"
                }
            },
            "listFields": {},
            "graphFields": {
                "57b7bb2f-2b24-435a-83de-d56a0452ac10": {
                    "field": "partner_id",
                    "type": "many2one"
                },
                "876d7cf5-21ea-441e-b4fd-08556365cb8a": {
                    "field": "partner_id",
                    "type": "many2one"
                }
            }
        }
    ]
}
