id,name,model_id:id,group_id:id,perm_read,perm_write,perm_create,perm_unlink
access_slide_slide_all,slide.slide.all,model_slide_slide,,1,0,0,0
access_slide_slide_officer,slide.slide.officer,model_slide_slide,website_slides.group_website_slides_officer,1,1,1,0
access_slide_slide_manager,slide.slide.manager,model_slide_slide,website_slides.group_website_slides_manager,1,1,1,1
access_slide_slide_partner_all,slide.slide.partner.all,model_slide_slide_partner,,0,0,0,0
access_slide_slide_partner_system,slide.slide.partner.system,model_slide_slide_partner,website_slides.group_website_slides_officer,1,1,1,1
access_slide_question_all,slide.question.all,model_slide_question,,1,0,0,0
access_slide_question_officer,slide.question.officer,model_slide_question,website_slides.group_website_slides_officer,1,1,1,1
access_slide_answer_all,slide.answer.all,model_slide_answer,,0,0,0,0
access_slide_answer_officer,slide.answer.officer,model_slide_answer,website_slides.group_website_slides_officer,1,1,1,1
access_slide_tag_all,slide.tag.all,model_slide_tag,,1,0,0,0
access_slide_tag_officer,slide.tag.officer,model_slide_tag,website_slides.group_website_slides_officer,1,1,1,1
access_slide_channel_tag_all,slide.channel.tag.all,model_slide_channel_tag,,1,0,0,0
access_slide_channel_tag_user,slide.channel.tag.user,model_slide_channel_tag,website_slides.group_website_slides_officer,1,1,1,1
access_slide_channel_tag_group_all,slide.channel.tag.group.all,model_slide_channel_tag_group,,1,0,0,0
access_slide_channel_tag_group_user,slide.channel.tag.group.user,model_slide_channel_tag_group,website_slides.group_website_slides_officer,1,1,1,1
access_slide_channel_all,slide.channel.all,model_slide_channel,,1,0,0,0
access_slide_channel_officer,slide.channel.officer,model_slide_channel,website_slides.group_website_slides_officer,1,1,1,0
access_slide_channel_manager,slide.channel.manager,model_slide_channel,website_slides.group_website_slides_manager,1,1,1,1
access_slide_channel_partners_all,slide.channel.users.all,model_slide_channel_partner,,0,0,0,0
access_slide_channel_partners_system,slide.channel.users.system,model_slide_channel_partner,website_slides.group_website_slides_officer,1,1,1,1
access_slide_embed_all,slide.embed.all,model_slide_embed,,1,0,0,0
access_slide_embed_user,slide.embed.user,model_slide_embed,base.group_user,1,1,1,1
access_slide_slide_resource_all,slide.slide.resource.all,model_slide_slide_resource,,0,0,0,0
access_slide_slide_resource_public,slide.slide.resource.public,model_slide_slide_resource,base.group_public,0,0,0,0
access_slide_slide_resource_portal,slide.slide.resource.portal,model_slide_slide_resource,base.group_portal,1,0,0,0
access_slide_slide_resource_internal,slide.slide.resource.internal,model_slide_slide_resource,base.group_user,1,0,0,0
access_slide_slide_resource_publisher,slide.slide.resource.publisher,model_slide_slide_resource,website_slides.group_website_slides_officer,1,1,1,1
access_slide_channel_invite,access.slide.channel.invite,model_slide_channel_invite,base.group_user,1,1,1,0
