"id","name","code","account_type","chart_template_id/id","tag_ids/id","reconcile","note"
"tr700","Maliyet Muhasebesi Bağlantı Hesabı",700,"expense","chart_template_7a",,"False","Genel Muhasebe ile maliyet muhasebesi arasında bağlantıyı sağlayan ve genel muhasebe tarafından tutulan hesaptır.\n\nMaliyet muhasebesinin genel muhasebeden ayrı izlendiği durumlarda maliyetlerle ilgili giderler genel muhasebe tarafından bu hesaba borç kaydedilir.\n\nİşleyişi :\n\nMaliyetle ilgili tüm giderler tahakkuk ettikçe hu hesaba borç, ilgili aktif ve pasif hesaplara alacak kaydedilir. Maliyet dönemleri sonunda maliyet muhasebesi tarafından genel muhasebeye bildirilen veriler bu hesabın alacağına, ilgili hesapların borcuna kaydedilir."
"tr701","Maliyet Muhasebesi Yansıtma Hesabı",701,"expense","chart_template_7a",,"False","Genel Muhasebe ile maliyet muhasebesi arasında bağlantıyı sağlayan ve maliyet muhasebesi tarafından tutulan ve ""700- Maliyet Muhasebesi Bağlantı Hesabı""nın borcuna kaydedilen giderlerin, maliyet muhasebesince ilgili hesaplara aktarılmasını sağlayan hesaptır.\n\nİşleyişi :\n\nGenel muhasebede ""700- Maliyet Muhasebesi Bağlantı Hesabı""nın borcuna kaydedilen giderler genel muhasebeden gelen belgeler doğrultusunda maliyet muhasebesinde bu hesabın alacağına, fonksiyonel gider hesaplarının borcuna kaydedilir. Maliyet muhasebesinden genel muhasebeye aktarılan tutarlar ise bu hesabın borcuna, ilgili fonksiyonel gider yansıtma hesaplarının alacağına kaydedilir.\n\n71 DİREKT İLKMADDE VE MALZEME GİDERLERİ\n\nBu grupta yer alan he"
"tr710","Direk İlk Madde Ve Malzeme Giderleri Hesabı",710,"expense","chart_template_7a",,"False","Bu giderler, esas üretim gider yerleri ile ilgili olup, mamülün bünyesine giren, mamülün temel öğesini oluşturan ve mamülün bünyesine doğrudan yüklenebilen maddelerin kullanımı fiili tutarlarla bu hesapta izlenir. Üretimde kullanılmayan ve satılan ilkmadde ve malzemenin maliyeti bu hesapta izlenmez.\n\nİşleyişi :\n\nDönem içinde üretimde kullanılmak üzere ana ve yardımcı üretim yerlerinde ambardan çekilen direkt maddeler bu hesabın borcuna, ""150- İlkmadde ve Malzeme Hesabı""nın alacağına kaydedilir. Eş zamanlı kayıt sistemi uygulayan işletmelerde giderlerin tahakkuk kaydının yapılmasını sağlamak üzere düzenlenen fişde, gider çeşidi ile gider yeri kodunun yazılması esastır.\n\nHesapla ilgili yapılan düzeltmeler hesabın "
"tr711","Direkt İlk Madde Ve Malzeme Yansıtma Hesabı",711,"expense","chart_template_7a",,"False","Fiili maliyet yönteminin uygulandığı durumlarda ""710- Direkt İlkmadde ve Malzeme Giderleri Hesabı""nın borcuna gider çeşidi olarak kaydedilen giderler ile, önceden saptanmış maliyet yöntemlerinin uygulandığı durumlarda, önceden hesaplanmış giderler, maliyet unsuru olarak bu hesabın alacağı karşılığında ""151- Yarı Mamüller-Üretim Hesabı""na borç kaydedilir. Dönem sonlarında ""710- Direkt İlkmadde ve Malzeme Giderleri Hesabı"" ile karşılaştırılarak kapatılır."
"tr712","Direkt İlk Madde Ve Malzeme Fiyat Farkı",712,"expense","chart_template_7a",,"False","Önceden saptanmış maliyet hesaplama yöntemlerinin uygulandığı durumlarda fiili direkt ilkmadde ve malzeme giderleri ile önceden saptanmış ve maliyetlere yüklenmiş, direkt ilkmadde ve malzeme giderleri arasındaki olumlu veya olumsuz fiyat farklarının izlendiği hesaptır. Olumsuz fiyat farkları bu hesabın borcuna, olumlu fiyat farkları ise alacağına kaydedilir. Dönem sonlarında bu hesap ilgili stok ve satış maliyet hesaplarına aktarılarak kapatılır."
"tr713","Direkt İlk Madde Ve Malzeme Miktar Farkı",713,"expense","chart_template_7a",,"False","Önceden saptanmış maliyet yöntemlerinin uygulandığı durumlarda fiili direkt ilkmadde ve malzeme giderleri ile önceden saptanmış direkt ilkmadde ve malzeme giderleri arasındaki olumlu veya olumsuz miktar farklarının kaydedildiği hesaptır. Olumsuz miktar farkları hesabın borcuna, olumlu farklar ise alacağına kaydedilir. Dönem sonunda hu hesap ilgili stok ve satış maliyet hesaplarına aktarılarak kapatılır.\n\n72 DİREKT İŞÇİLİK GİDERLERİ\n\nBu grup bir mal veya hizmetin üretim maliyetine doğrudan doğruya verilebilen işçilik giderleri ile ilgili gider, yansıtma ve fark hesaplarından oluşur."
"tr720","Direkt İşçilik Giderleri",720,"expense","chart_template_7a",,"False","Bu giderler esas üretim gider yerleri ile ilgili olup, belli bir mamül veya hizmetin üretim maliyetine doğrudan doğruya yüklenebilen işçilik giderlerini kapsar. Bu giderler hangi mamül veya mamül grubu için harcandığı izlenebilen ve herhangi bir dağıtım anahtarına gerek duymadan, işçi başına düşen çalışma süresi ölçülebilen işçilik giderlerinden oluşur."
"tr721","Direkt İşçilik Giderleri Yansıtma Hesabı",721,"expense","chart_template_7a",,"False","Fiili maliyet yönteminin uygulandığı durumlarda ""720- Direkt İşçilik Giderleri Hesabı""nın borcuna gider çeşidi olarak kaydedilen giderler ile önceden saptanmış maliyet yöntemlerinin uygulandığı durumlarda önceden saptanmış direkt işçilik giderleri, maliyet unsuru olarak bu hesabın alacağı karşılığında ""151- Yarı Mamüller Üretim Hesabı""na borç kaydedilir.\n\nFiili maliyet yönteminin uygulandığı işletmelerde üretim yapılmayan işçilikler olağan durumlarda bu hesabın alacağı karşılığı ""680- Çalışmayan Kısım Giderleri Hesabı""nın borcuna aktarılır."
"tr722","Direkt İşçilik Ücret Farkları",722,"expense","chart_template_7a",,"False","Önceden saptanmış maliyet hesaplama yöntemlerinin uygulandığı durumlarda, fiili direkt işçilik giderleri ile önceden saptanmış ve maliyetlere yüklenmiş direkt işçilik giderleri arasındaki olumlu veya olumsuz ücret farklarının izlendiği hesaptır.\n\nOlumsuz ücret farkları bu hesabın borcuna, olumlu ücret farkları ise alacağına kaydedilir. Bu hesap dönem sonlarında ilgili stok ve satış maliyeti hesaplarına aktarılarak kapatılır."
"tr723","Direkt İşçilik Süre Farkları",723,"expense","chart_template_7a",,"False","Önceden saptanmış maliyet yöntemlerinin uygulandığı durumlarda fiili giderler ile önceden saptanmış giderler arasındaki olumlu ya da olumsuz süre (zaman) farklarının kaydedildiği hesaptır.\n\nOlumsuz süre farkları bu hesabın borcuna olumlu süre farkları ise alacağına kaydedilir. Dönem sonlarında bu hesap ilgili stok ve satış maliyeti hesaplarına aktarılarak kapatılır.\n\n73 GENEL ÜRETİM GİDERLERİ\n\nBu grup işletmenin üretimi ve bu üretime bağlı hizmetler için yapılan direkt ilk madde ve malzeme ve direkt işçilik dışında kalan giderlerle ilgili gider, yansıtma ve fark hesaplarından oluşur."
"tr730","Genel Üretim Giderleri",730,"expense","chart_template_7a",,"False","İşletmenin üretimi ve bu üretime bağlı hizmetler için yapılan direkt işçilik ve direkt ilkmadde ve malzeme dışında kalan giderlerin izlendiği hesaptır.\n\nBu giderlerin;\n\n— Üretim ve hizmet maliyeti ile ilgili bir gider niteliğini taşıması,\n\n— Çeşit ve değer yönü ile doğrudan doğruya değil ancak dağıtım yoluyla üretim ve hizmet maliyetlerine yansıtılabilir nitelikte olması, gerekir.\n\nTahakkuk eden giderler bu hesabın borcuna kaydedilir. Dönem sonlarında ""731- Genel Üretim Giderleri Yansıtma Hesabı"" ile karşılaştırılarak kapatılır."
"tr731","Genel Üretim Giderleri Yansıtma Hesabı",731,"expense","chart_template_7a",,"False","Önceden saptanmış maliyet yöntemlerinin uygulandığı durumlarda, önceden saptanmış genel üretim giderleri,\n\nFiili maliyet yönteminin uygulandığı durumlarda, ""730- Genel üretim Giderleri Hesabı""nın borcuna kaydedilen giderleri, bu hesabın alacağı karşılığı ""151- Yarı Mamüller Üretim Hesabı"" ile diğer aktif, gider ve zarar hesaplarına borç kaydedilir."
"tr732","Genel Üretim Giderleri Bütçe Farkları",732,"expense","chart_template_7a",,"False","Fiili üretim genel giderleri ile maliyetlere yüklenen önceden saptanmış giderler arasındaki olumlu ya da olumsuz bütçe farklarının izlendiği hesaptır.\n\nOlumsuz farklar hesabın borcuna olumlu farklar ise alacağına kaydedilir. Dönem sonlarında bu hesap ilgili stok ve satış maliyeti hesaplarına aktarılarak kapatılır."
"tr733","Genel Üretim Giderleri Verimlilik Giderleri",733,"expense","chart_template_7a",,"False","Fiili üretim genel giderleri ile maliyetlere yüklenen önceden saptanmış giderler arasındaki olumlu ya da olumsuz verimlilik farklarının izlendiği hesaptır.\n\nOlumsuz farklar hesabın borcuna olumlu farklar ise alacağına kaydedilir. Dönem sonlarında bu hesap ilgili stok ve satış maliyeti hesaplarına aktarılarak kapatılır."
"tr734","Genel Üretim Giderleri Kapasite Farkları",734,"expense","chart_template_7a",,"False","Fiili üretim genel giderleri ile maliyetlere yüklenen önceden saptanmış giderler arasındaki olumlu ya da olumsuz kapasite farklarının izlendiği hesaptır.\n\nOlumsuz farklar hesabın borcuna olumlu farklar ise alacağına kaydedilir. Dönem sonlarında bu hesap ilgili stok ve satış maliyeti hesaplarına aktarılarak kapatılır.\n\n74 HİZMET ÜRETİM MALİYETİ\n\nBu grup hizmet işletmeleri ile ilgilidir. Hizmet işletmelerinde 71, 72 ve 73 gruplarda yer alan hesaplar kullanılmaz. Bu hesaplar yerine bu gruptaki hesaplar kullanılır. Hizmet işletmelerinin üretim maliyetlerinin izlenmesinde kullanılan hesaplar bu grupta yeralır."
"tr740","Hizmet Üretim Maliyeti",740,"expense","chart_template_7a",,"False","Hizmet işletmelerinde üretilen hizmetler için yapılan giderlerin fiili tutarları bu hesabın horcuna kaydedilir. Dönem sonlarında bu hesap ""741- Hizmet Üretim Maliyeti Yansıtma"" hesabı ile karşılaştırılarak kapatılır."
"tr741","Hizmet Üretim Maliyeti Yansıtma Hesabı",741,"expense","chart_template_7a",,"False","Önceden saptanmış maliyet yöntemlerinin uygulandığı durumlarda, önceden saptanmış hizmet maliyetini oluşturan giderler, fiili maliyet yönteminin uygulandığı durumlarda ""740- Hizmet Üretim Maliyeti Hesabı""nın borcuna kaydedilen tutarları hu hesabın alacağı karşılığı ""622- Satılan Hizmet Maliyeti Hesabı""nın borcuna aktarılır. Dönem sonlarında bu hesap ""740- Hizmet Üretim Maliyeti Hesabı"" ile karşılaştırılarak kapatılır."
"tr742","Hizmet Üretim Maliyeti Fark Hesapları",742,"expense","chart_template_7a",,"False","Hizmet üretim maliyetlerinin fiili tutarları ile önceden saptanmış hizmet üretim maliyeti arasındaki olumlu veya olumsuz farkların izlendiği hesaptır. Olumsuz farklar hesabın borcuna, olumlu farklar hesabın alacağına kaydedilir. Dönem sonlarında hu hesap ""622 Satılan Hizmet Maliyeti Hesabına"" aktarılarak kapatılır."
"tr760","Atraştırma Ve Geliştirme Giderleri",760,"expense","chart_template_7a",,"False","Mamülün stoklara verildiği ve hizmetin tamamlandığı andan itibaren bu mal ve hizmetlerin alıcılara teslimine kadar yapılan giderler bu hesaba borç kaydedilir. Dönem sonlarında bu hesap, ""761- Pazarlama Satış ve Dağıtım Giderleri Yansıtma Hesabı"" ile karşılaştırılarak kapatılır."
"tr761","Pazarlama Satış Ve Dagıtım Giderleri Yansıtma Hesabı",761,"expense","chart_template_7a",,"False","Önceden saptanmış maliyet yöntemlerinin uygulandığı durumlarda önceden saptanmış pazarlama, satış ve dağıtım giderleri ile, fiili maliyet yönteminin uygulandığı durumlarda ""760- Pazarlama Satış ve Dağıtım Giderleri Hesabı""nın borcuna kaydedilen giderler bu hesabın alacağı karşılığı ""631- Pazarlama Satış ve Dağıtım Giderleri Hesabı""na devredilir.\n\nDönem sonlarında bu hesap, ""760- Pazarlama Satış ve Dağıtım Giderleri Hesabı"" ile karşılaştırılarak kapatılır."
"tr762","Pazarlama Satış Ve Dağıtım Giderleri Fark Hesabı",762,"expense","chart_template_7a",,"False","Pazarlama giderlerinin fiili tutarları ile önceden saptanmış giderler arasındaki olumlu ya da olumsuz farkların izlendiği hesaptır.\n\nOlumsuz farklar hesabın borcuna olumlu farklar ise alacağına kaydedilir. Dönem sonlarında bu hesap ""631- Pazarlama Satış ve Dağıtım Giderleri Hesabı""na aktarılarak kapatılır.\n\n77 GENEL YÖNETİM GİDERLERİ :\n\nBu grup yönetim fonksiyonu ile ilgili gider, yansıtma ve fark hesaplarından oluşur."
"tr770","Genel Yönetim Giderleri",770,"expense","chart_template_7a",,"False","Bir işletmenin yönetim fonksiyonları, işletme politikasının tayini, organizasyon ve kadro kuruluşu, büro hizmetleri, kamu ilişkileri, güvenlik, hukuk işleri, personel işleri, kredi ve tahsilatı da kapsayan muhasebe ve mali işler servislerin giderleri bu hesaba borç kaydedilir. Dönem sonlarında bu hesap, "" 771- Araştırma ve geliştirme Giderleri Yan-sıtma Hesabı"" ile karşılaştırılarak kapatılır.(1)"
"tr771","Genel Yönetim Giderleri Yansıtma Hesabı",771,"expense","chart_template_7a",,"False","Önceden saptanmış maliyet yöntemlerinin uygulandığı durumlarda, önceden saptanmış genel yönetim giderleri,\n\nFiili maliyet yönteminin uygulandığı durumlarda ""770- Genel Yönetim Giderleri Hesabı""nın borcuna kaydedilen giderleri hesabın alacağı karşılığı ""632- Genel Yönetim Giderleri Hesabı""na borç kaydedilir. Bu hesap, dönem sonlarında ""770- Genel Yönetim Giderleri Hesabı"" ile karşılaştırılarak kapatılır."
"tr772","Genel Yönetim Gider Farkları Hesabı",772,"expense","chart_template_7a",,"False","Fiili genel yönetim giderleri ile önceden saptanmış giderler arasındaki olumlu ya da olumsuz farklar bu hesaba alınır ve dönem sonlarında ""632- Genel Yönetim Giderleri Hesabı""na aktarılarak kapatılır.\n\n78 FİNANSMAN GİDERLERİ :\n\nBu grupta işletmenin borçlandığı tutarlarla ilgili olarak katlanılan ve varlıkların maliyetine eklenmemiş bulunan faiz ve benzeri giderlerle, yansıtma ve fark hesapları yer alır."
"tr780","Finansman Giderleri",780,"expense","chart_template_7a",,"False","İşletme faaliyetlerinin aksamadan yürütülebilmesi amacıyla borçlanılan tutarlarla ilgili faiz, kur farkları, komisyon ve benzeri giderler bu hesaba borç kaydedilir."
"tr781","Finansman Giderleri Yansıtma Hesabı",781,"expense","chart_template_7a",,"False","Önceden saptanmış maliyet yöntemlerinin uygulandığı durumlarda, önceden saptanmış finansman giderleri ile fiili maliyet yöntemlerinin uygulandığı durumlarda ""780- Finansman Giderleri Hesabı""nın borcuna kaydedilen giderler bu hesabın alacağı karşılığında sonuç hesaplarındaki ""66- Finansman Giderleri"" grubunun ilgili hesabına borç kaydedilir."
"tr782","Finansman Giderleri Fark Hesabı",782,"expense","chart_template_7a",,"False","Finansman Giderlerinin fiili tutarları ile önceden saptanmış tutarları arasındaki olumlu ya da olumsuz farkların izlendiği hesaptır."
