<?xml version="1.0" encoding="utf-8"?>
<odoo>
    <!-- Chart template -->
    <record id="chart_template_common" model="account.chart.template">
        <field name="property_account_receivable_id" ref="tr120"/>
        <field name="property_account_payable_id" ref="tr320"/>
        <field name="property_account_expense_categ_id" ref="tr150"/>
        <field name="property_account_income_categ_id" ref="tr600"/>
        <field name="income_currency_exchange_account_id" ref="tr646"/>
        <field name="expense_currency_exchange_account_id" ref="tr656"/>
        <field name="default_pos_receivable_account_id" ref="tr123" />
        <field name="account_journal_suspense_account_id" ref="tr102999" />
        <field name="account_journal_payment_debit_account_id" ref="tr102997" />
        <field name="account_journal_payment_credit_account_id" ref="tr102998" />
    </record>
</odoo>
