<?xml version="1.0" encoding="utf-8"?>
<odoo noupdate="1">
    <record id="tax_group_vat_16" model="account.tax.group">
        <field name="name">VAT 16%</field>
        <field name="country_id" ref="base.il"/>
    </record>
    <record id="tax_group_vat_17" model="account.tax.group">
        <field name="name">VAT 17%</field>
        <field name="country_id" ref="base.il"/>
    </record>
    <record id="tax_group_vat_exempt" model="account.tax.group">
        <field name="name">VAT exempt sale</field>
        <field name="country_id" ref="base.il"/>
    </record>
    <record id="tax_group_vat_exempt_purchase" model="account.tax.group">
        <field name="name">VAT exempt purchase</field>
        <field name="country_id" ref="base.il"/>
    </record>
</odoo>
