<?xml version="1.0" encoding="utf-8"?>
<odoo>
    <record id="account_tag_retention_tax_vendor_account" model="account.account.tag">
        <field name="name">Withholding Vendor Tax Account</field>
    </record>

	<record id="account_tag_dividend_account" model="account.account.tag">
        <field name="name">Dividend Account</field>
    </record>

    <record id="account_tag_retention_tax_dividend_account" model="account.account.tag">
        <field name="name">Withholding Dividend Tax Account</field>
    </record>

    <record id="account_tag_retention_tax_employees_account" model="account.account.tag">
        <field name="name">Withholding Employees Tax Account</field>
    </record>

    <record id="account_tag_retention_tax_customers_account" model="account.account.tag">
        <field name="name">Withholding Customers Tax Account</field>
    </record>

</odoo>