<?xml version="1.0" encoding="utf-8"?>
<odoo>
    <record id="il_chart_template" model="account.chart.template">
        <field name="name">Israel - Chart of Accounts</field>
        <field name="bank_account_code_prefix">1014</field>
        <field name="cash_account_code_prefix">1015</field>
        <field name="transfer_account_code_prefix">1017</field>
        <field name="code_digits">6</field>
        <field name="currency_id" ref="base.ILS"/>
        <field name="spoken_languages" eval="'he_IL'"/>
        <field name="country_id" ref="base.il"/>
    </record>
</odoo>
