<?xml version="1.0" encoding="utf-8"?>
<odoo>
    <record id="tax_report" model="account.report">
        <field name="name">Tax Report</field>
        <field name="root_report_id" ref="account.generic_tax_report"/>
        <field name="country_id" ref="base.de"/>
        <field name="filter_fiscal_position" eval="True"/>
        <field name="availability_condition">country</field>
        <field name="column_ids">
            <record id="tax_report_balance" model="account.report.column">
                <field name="name">Balance</field>
                <field name="expression_label">balance</field>
            </record>
        </field>
        <field name="line_ids">
            <record id="tax_report_de_tag_01" model="account.report.line">
                <field name="name">Bemessungsgrundlage</field>
                <field name="aggregation_formula">I_ANMELDUNG_DER_UMSATZSTEUERVORAUSZAHLUNG_ZEILE_17_GRUNDLAGE.balance</field>
                <field name="children_ids">
                    <record id="tax_report_de_tag_17" model="account.report.line">
                        <field name="name">I. Anmeldung der Umsatzsteuer-Vorauszahlung (zeile 17)</field>
                        <field name="code">I_ANMELDUNG_DER_UMSATZSTEUERVORAUSZAHLUNG_ZEILE_17_GRUNDLAGE</field>
                        <field name="aggregation_formula">LIEFERUNGEN_UND_SONSTIGE_LEISTUNGEN_ZEILE_18_GRUNDLAGE.balance + INNERGEMEINSCHAFTLICHE_ERWERBE_ZEILE_31_GRUNDLAGE.balance + ERGANZENDE_ANGABEN_ZU_UMSATZEN_ZEILE_37_GRUNDLAGE.balance + LEISTUNGSEMPFANGER_ALS_STEUERSCHULDNER_ZEILE_46_GRUNDLAGE.balance</field>
                        <field name="children_ids">
                            <record id="tax_report_de_tag_18" model="account.report.line">
                                <field name="name">Lieferungen und sonstige Leistungen (zeile 18)</field>
                                <field name="code">LIEFERUNGEN_UND_SONSTIGE_LEISTUNGEN_ZEILE_18_GRUNDLAGE</field>
                                <field name="aggregation_formula">STEUERFREIE_UMSATZE_MIT_VORSTEUERABZUG_ZEILE_19.balance + DE_48.balance + STEUERPFLICHTIGE_UMSATZE_ZEILE_25.balance</field>
                                <field name="children_ids">
                                    <record id="tax_report_de_tag_19" model="account.report.line">
                                        <field name="name">Steuerfreie Umsätze mit Vorsteuerabzug (zeile 19)</field>
                                        <field name="code">STEUERFREIE_UMSATZE_MIT_VORSTEUERABZUG_ZEILE_19</field>
                                        <field name="aggregation_formula">DE_41.balance + DE_44.balance + DE_49.balance + DE_43.balance</field>
                                        <field name="children_ids">
                                            <record id="tax_report_de_tag_41" model="account.report.line">
                                                <field name="name">41. an Abnehmer mit USt-IdNr (zeile 20)</field>
                                                <field name="code">DE_41</field>
                                                <field name="expression_ids">
                                                    <record id="tax_report_de_tag_41_tag" model="account.report.expression">
                                                        <field name="label">balance</field>
                                                        <field name="engine">tax_tags</field>
                                                        <field name="formula">41</field>
                                                    </record>
                                                </field>
                                            </record>
                                            <record id="tax_report_de_tag_44" model="account.report.line">
                                                <field name="name">44. neuer Fahrzeuge an Abnehmer ohne USt-IdNr (zeile 21)</field>
                                                <field name="code">DE_44</field>
                                                <field name="expression_ids">
                                                    <record id="tax_report_de_tag_44_tag" model="account.report.expression">
                                                        <field name="label">balance</field>
                                                        <field name="engine">tax_tags</field>
                                                        <field name="formula">44</field>
                                                    </record>
                                                </field>
                                            </record>
                                            <record id="tax_report_de_tag_49" model="account.report.line">
                                                <field name="name">49. neuer Fahrzeuge außerhalb eines Unternehmens (zeile 22)</field>
                                                <field name="code">DE_49</field>
                                                <field name="expression_ids">
                                                    <record id="tax_report_de_tag_49_tag" model="account.report.expression">
                                                        <field name="label">balance</field>
                                                        <field name="engine">tax_tags</field>
                                                        <field name="formula">49</field>
                                                    </record>
                                                </field>
                                            </record>
                                            <record id="tax_report_de_tag_43" model="account.report.line">
                                                <field name="name">43. Weitere steuerfreie Umsätze mit Vorsteuerabzug (zeile 23)</field>
                                                <field name="code">DE_43</field>
                                                <field name="expression_ids">
                                                    <record id="tax_report_de_tag_43_tag" model="account.report.expression">
                                                        <field name="label">balance</field>
                                                        <field name="engine">tax_tags</field>
                                                        <field name="formula">43</field>
                                                    </record>
                                                </field>
                                            </record>
                                        </field>
                                    </record>
                                    <record id="tax_report_de_tag_24" model="account.report.line">
                                        <field name="name">48. Steuerfreie Umsätze ohne Vorsteuerabzug (zeile 24)</field>
                                        <field name="code">DE_48</field>
                                        <field name="expression_ids">
                                            <record id="tax_report_de_tag_24_tag" model="account.report.expression">
                                                <field name="label">balance</field>
                                                <field name="engine">tax_tags</field>
                                                <field name="formula">48</field>
                                            </record>
                                        </field>
                                    </record>
                                    <record id="tax_report_de_tag_25" model="account.report.line">
                                        <field name="name">Steuerpflichtige Umsätze (zeile 25)</field>
                                        <field name="code">STEUERPFLICHTIGE_UMSATZE_ZEILE_25</field>
                                        <field name="aggregation_formula">DE_81_BASE.balance + DE_86_BASE.balance + DE_35.balance + DE_77.balance + DE_76.balance</field>
                                        <field name="children_ids">
                                            <record id="tax_report_de_tag_81" model="account.report.line">
                                                <field name="name">81. zum Steuersatz von 19 % (zeile 26)</field>
                                                <field name="code">DE_81_BASE</field>
                                                <field name="expression_ids">
                                                    <record id="tax_report_de_tag_81_tag" model="account.report.expression">
                                                        <field name="label">balance</field>
                                                        <field name="engine">tax_tags</field>
                                                        <field name="formula">81_BASE</field>
                                                    </record>
                                                </field>
                                            </record>
                                            <record id="tax_report_de_tag_86" model="account.report.line">
                                                <field name="name">86. zum Steuersatz von 7 % (zeile 27)</field>
                                                <field name="code">DE_86_BASE</field>
                                                <field name="expression_ids">
                                                    <record id="tax_report_de_tag_86_tag" model="account.report.expression">
                                                        <field name="label">balance</field>
                                                        <field name="engine">tax_tags</field>
                                                        <field name="formula">86_BASE</field>
                                                    </record>
                                                </field>
                                            </record>
                                            <record id="tax_report_de_tag_35" model="account.report.line">
                                                <field name="name">35. zu anderen Steuersätzen (zeile 28)</field>
                                                <field name="code">DE_35</field>
                                                <field name="expression_ids">
                                                    <record id="tax_report_de_tag_35_tag" model="account.report.expression">
                                                        <field name="label">balance</field>
                                                        <field name="engine">tax_tags</field>
                                                        <field name="formula">35</field>
                                                    </record>
                                                </field>
                                            </record>
                                            <record id="tax_report_de_tag_77" model="account.report.line">
                                                <field name="name">77. Lieferungen land- und forstwirtschaftlicher Betriebe nach § 24 UStG an Abnehmer mit USt-IdNr. (zeile 29)</field>
                                                <field name="code">DE_77</field>
                                                <field name="expression_ids">
                                                    <record id="tax_report_de_tag_77_tag" model="account.report.expression">
                                                        <field name="label">balance</field>
                                                        <field name="engine">tax_tags</field>
                                                        <field name="formula">77</field>
                                                    </record>
                                                </field>
                                            </record>
                                            <record id="tax_report_de_tag_76" model="account.report.line">
                                                <field name="name">76. Umsätze, für die eine Steuer nach § 24 UStG zu entrichten ist (zeile 30)</field>
                                                <field name="code">DE_76</field>
                                                <field name="expression_ids">
                                                    <record id="tax_report_de_tag_76_tag" model="account.report.expression">
                                                        <field name="label">balance</field>
                                                        <field name="engine">tax_tags</field>
                                                        <field name="formula">76</field>
                                                    </record>
                                                </field>
                                            </record>
                                        </field>
                                    </record>
                                </field>
                            </record>
                            <record id="tax_report_de_tag_31" model="account.report.line">
                                <field name="name">Innergemeinschaftliche Erwerbe (zeile 31)</field>
                                <field name="code">INNERGEMEINSCHAFTLICHE_ERWERBE_ZEILE_31_GRUNDLAGE</field>
                                <field name="aggregation_formula">DE_91.balance + DE_89_BASE.balance + DE_93_BASE.balance + DE_95.balance + DE_94.balance</field>
                                <field name="children_ids">
                                    <record id="tax_report_de_tag_91" model="account.report.line">
                                        <field name="name">91. Steuerfreie innergemeinschaftliche Erwerbe (zeile 32)</field>
                                        <field name="code">DE_91</field>
                                        <field name="expression_ids">
                                            <record id="tax_report_de_tag_91_tag" model="account.report.expression">
                                                <field name="label">balance</field>
                                                <field name="engine">tax_tags</field>
                                                <field name="formula">91</field>
                                            </record>
                                        </field>
                                    </record>
                                    <record id="tax_report_de_tag_89" model="account.report.line">
                                        <field name="name">89. Steuerpflichtige innergemeinschaftliche Erwerbe zum Steuersatz von 19 % (zeile 33)</field>
                                        <field name="code">DE_89_BASE</field>
                                        <field name="expression_ids">
                                            <record id="tax_report_de_tag_89_tag" model="account.report.expression">
                                                <field name="label">balance</field>
                                                <field name="engine">tax_tags</field>
                                                <field name="formula">89_BASE</field>
                                            </record>
                                        </field>
                                    </record>
                                    <record id="tax_report_de_tag_93" model="account.report.line">
                                        <field name="name">93. zum Steuersatz von 7 % (zeile 34)</field>
                                        <field name="code">DE_93_BASE</field>
                                        <field name="expression_ids">
                                            <record id="tax_report_de_tag_93_tag" model="account.report.expression">
                                                <field name="label">balance</field>
                                                <field name="engine">tax_tags</field>
                                                <field name="formula">93_BASE</field>
                                            </record>
                                        </field>
                                    </record>
                                    <record id="tax_report_de_tag_95" model="account.report.line">
                                        <field name="name">95. zu anderen Steuersätzen (zeile 35)</field>
                                        <field name="code">DE_95</field>
                                        <field name="expression_ids">
                                            <record id="tax_report_de_tag_95_tag" model="account.report.expression">
                                                <field name="label">balance</field>
                                                <field name="engine">tax_tags</field>
                                                <field name="formula">95</field>
                                            </record>
                                        </field>
                                    </record>
                                    <record id="tax_report_de_tag_94" model="account.report.line">
                                        <field name="name">94. neuer Fahrzeuge von Lieferern ohne (zeile 36)</field>
                                        <field name="code">DE_94</field>
                                        <field name="expression_ids">
                                            <record id="tax_report_de_tag_94_tag" model="account.report.expression">
                                                <field name="label">balance</field>
                                                <field name="engine">tax_tags</field>
                                                <field name="formula">94</field>
                                            </record>
                                        </field>
                                    </record>
                                </field>
                            </record>
                            <record id="tax_report_de_tag_37" model="account.report.line">
                                <field name="name">Ergänzende Angaben zu Umsätzen (zeile 37)</field>
                                <field name="code">ERGANZENDE_ANGABEN_ZU_UMSATZEN_ZEILE_37_GRUNDLAGE</field>
                                <field name="aggregation_formula">DE_42.balance + DE_68.balance + DE_60.balance + DE_21.balance + DE_45_BASE.balance</field>
                                <field name="children_ids">
                                    <record id="tax_report_de_tag_42" model="account.report.line">
                                        <field name="name">42. Dreiecksgeschäften (zeile 38)</field>
                                        <field name="code">DE_42</field>
                                        <field name="expression_ids">
                                            <record id="tax_report_de_tag_42_tag" model="account.report.expression">
                                                <field name="label">balance</field>
                                                <field name="engine">tax_tags</field>
                                                <field name="formula">42</field>
                                            </record>
                                        </field>
                                    </record>
                                    <record id="tax_report_de_tag_68" model="account.report.line">
                                        <field name="name">68. Steuerpflichtige Umsätze, für die der Leistungsempfänger die Steuer nach § 13b Abs. 5 Satz 1 i.V.m. Abs. 2 Nr. 10 UStG schuldet (zeile 39)</field>
                                        <field name="code">DE_68</field>
                                        <field name="expression_ids">
                                            <record id="tax_report_de_tag_68_tag" model="account.report.expression">
                                                <field name="label">balance</field>
                                                <field name="engine">tax_tags</field>
                                                <field name="formula">68</field>
                                            </record>
                                        </field>
                                    </record>
                                    <record id="tax_report_de_tag_60" model="account.report.line">
                                        <field name="name">60. Übrige steuerpflichtige Umsätze, für die der Leistungsempfänger die Steuer nach § 13b Abs. 5 UStG schuldet (zeile 40)</field>
                                        <field name="code">DE_60</field>
                                        <field name="expression_ids">
                                            <record id="tax_report_de_tag_60_tag" model="account.report.expression">
                                                <field name="label">balance</field>
                                                <field name="engine">tax_tags</field>
                                                <field name="formula">60</field>
                                            </record>
                                        </field>
                                    </record>
                                    <record id="tax_report_de_tag_21" model="account.report.line">
                                        <field name="name">21. Nicht steuerbare sonstige Leistungen (zeile 41)</field>
                                        <field name="code">DE_21</field>
                                        <field name="expression_ids">
                                            <record id="tax_report_de_tag_21_tag" model="account.report.expression">
                                                <field name="label">balance</field>
                                                <field name="engine">tax_tags</field>
                                                <field name="formula">21</field>
                                            </record>
                                        </field>
                                    </record>
                                    <record id="tax_report_de_tag_45" model="account.report.line">
                                        <field name="name">45. Übrige nicht steuerbare Umsätze (zeile 42)</field>
                                        <field name="code">DE_45_BASE</field>
                                        <field name="expression_ids">
                                            <record id="tax_report_de_tag_45_tag" model="account.report.expression">
                                                <field name="label">balance</field>
                                                <field name="engine">tax_tags</field>
                                                <field name="formula">45_BASE</field>
                                            </record>
                                        </field>
                                    </record>
                                </field>
                            </record>
                            <record id="tax_report_de_tag_46" model="account.report.line">
                                <field name="name">Leistungsempfänger als Steuerschuldner (zeile 46)</field>
                                <field name="code">LEISTUNGSEMPFANGER_ALS_STEUERSCHULDNER_ZEILE_46_GRUNDLAGE</field>
                                <field name="aggregation_formula">DE_46.balance + DE_52.balance + DE_73.balance + DE_78.balance + DE_84.balance</field>
                                <field name="children_ids">
                                    <record id="tax_report_de_tag_48" model="account.report.line">
                                        <field name="name">46. Steuerpflichtige sonstige Leistungen eines im übrigen Gemeinschaftsgebiet ansässigen Unternehmers (zeile 48)</field>
                                        <field name="code">DE_46</field>
                                        <field name="expression_ids">
                                            <record id="tax_report_de_tag_48_tag" model="account.report.expression">
                                                <field name="label">balance</field>
                                                <field name="engine">tax_tags</field>
                                                <field name="formula">46</field>
                                            </record>
                                        </field>
                                    </record>
                                    <record id="tax_report_de_tag_52" model="account.report.line">
                                        <field name="name">52. Andere Leistungen eines im Ausland ansässigen Unternehmers (zeile 49)</field>
                                        <field name="code">DE_52</field>
                                        <field name="expression_ids">
                                            <record id="tax_report_de_tag_52_tag" model="account.report.expression">
                                                <field name="label">balance</field>
                                                <field name="engine">tax_tags</field>
                                                <field name="formula">52</field>
                                            </record>
                                        </field>
                                    </record>
                                    <record id="tax_report_de_tag_73" model="account.report.line">
                                        <field name="name">73. Lieferungen sicherungsübereigneter Gegenstände und Umsätze, die unter das GrEStG fallen (zeile 50)</field>
                                        <field name="code">DE_73</field>
                                        <field name="expression_ids">
                                            <record id="tax_report_de_tag_73_tag" model="account.report.expression">
                                                <field name="label">balance</field>
                                                <field name="engine">tax_tags</field>
                                                <field name="formula">73</field>
                                            </record>
                                        </field>
                                    </record>
                                    <record id="tax_report_de_tag_78" model="account.report.line">
                                        <field name="name">78. Lieferungen von Mobilfunkgeräten, Tablet-Computern, Spielekonsolen und integrierten Schaltkreisen (zeile 51)</field>
                                        <field name="code">DE_78</field>
                                        <field name="expression_ids">
                                            <record id="tax_report_de_tag_78_tag" model="account.report.expression">
                                                <field name="label">balance</field>
                                                <field name="engine">tax_tags</field>
                                                <field name="formula">78</field>
                                            </record>
                                        </field>
                                    </record>
                                    <record id="tax_report_de_tag_84" model="account.report.line">
                                        <field name="name">84. Andere Leistungen (zeile 52)</field>
                                        <field name="code">DE_84</field>
                                        <field name="expression_ids">
                                            <record id="tax_report_de_tag_84_tag" model="account.report.expression">
                                                <field name="label">balance</field>
                                                <field name="engine">tax_tags</field>
                                                <field name="formula">84</field>
                                            </record>
                                        </field>
                                    </record>
                                </field>
                            </record>
                        </field>
                    </record>
                </field>
            </record>
            <record id="tax_report_de_tag_02" model="account.report.line">
                <field name="name">Steuer</field>
                <field name="aggregation_formula">I_ANMELDUNG_DER_UMSATZSTEUERVORAUSZAHLUNG_ZEILE_17_STEUER.balance</field>
                <field name="children_ids">
                    <record id="tax_report_de_tax_tag_17" model="account.report.line">
                        <field name="name">I. Anmeldung der Umsatzsteuer-Vorauszahlung (zeile 17)</field>
                        <field name="code">I_ANMELDUNG_DER_UMSATZSTEUERVORAUSZAHLUNG_ZEILE_17_STEUER</field>
                        <field name="aggregation_formula">LIEFERUNGEN_UND_SONSTIGE_LEISTUNGEN_ZEILE_18_STEUER.balance + INNERGEMEINSCHAFTLICHE_ERWERBE_ZEILE_31_STEUER.balance + ERGANZENDE_ANGABEN_ZU_UMSATZEN_ZEILE_37_STEUER.balance + LEISTUNGSEMPFANGER_ALS_STEUERSCHULDNER_ZEILE_46.balance + ABZIEHBARE_VORSTEUERBETRAGE_ZEILE_55.balance + ANDERE_STEUERBETRAGE_ZEILE_64.balance + UMSATZSTEUERVORAUSZAHLUNGUBERSCHUSS_ZEILE_66.balance</field>
                        <field name="children_ids">
                            <record id="tax_report_de_tax_tag_18" model="account.report.line">
                                <field name="name">Lieferungen und sonstige Leistungen (zeile 18)</field>
                                <field name="code">LIEFERUNGEN_UND_SONSTIGE_LEISTUNGEN_ZEILE_18_STEUER</field>
                                <field name="aggregation_formula">DE_81.balance + DE_86.balance + DE_36.balance + DE_80.balance</field>
                                <field name="children_ids">
                                    <record id="tax_report_de_tag_26" model="account.report.line">
                                        <field name="name">81. zum Steuersatz von 19 % (zeile 26)</field>
                                        <field name="code">DE_81</field>
                                        <field name="expression_ids">
                                            <record id="tax_report_de_tag_26_tag" model="account.report.expression">
                                                <field name="label">balance</field>
                                                <field name="engine">tax_tags</field>
                                                <field name="formula">81_TAX</field>
                                            </record>
                                        </field>
                                    </record>
                                    <record id="tax_report_de_tag_27" model="account.report.line">
                                        <field name="name">86. zum Steuersatz von 7 % (zeile 27)</field>
                                        <field name="code">DE_86</field>
                                        <field name="expression_ids">
                                            <record id="tax_report_de_tag_27_tag" model="account.report.expression">
                                                <field name="label">balance</field>
                                                <field name="engine">tax_tags</field>
                                                <field name="formula">86_TAX</field>
                                            </record>
                                        </field>
                                    </record>
                                    <record id="tax_report_de_tag_36" model="account.report.line">
                                        <field name="name">36. zu anderen Steuersatzen (zeile 28)</field>
                                        <field name="code">DE_36</field>
                                        <field name="expression_ids">
                                            <record id="tax_report_de_tag_36_tag" model="account.report.expression">
                                                <field name="label">balance</field>
                                                <field name="engine">tax_tags</field>
                                                <field name="formula">36</field>
                                            </record>
                                        </field>
                                    </record>
                                    <record id="tax_report_de_tag_80" model="account.report.line">
                                        <field name="name">80. Umsatze, fur die eine Steuer nach § 24 UStG zu entrichten ist (zeile 30)</field>
                                        <field name="code">DE_80</field>
                                        <field name="expression_ids">
                                            <record id="tax_report_de_tag_80_tag" model="account.report.expression">
                                                <field name="label">balance</field>
                                                <field name="engine">tax_tags</field>
                                                <field name="formula">80</field>
                                            </record>
                                        </field>
                                    </record>
                                </field>
                            </record>
                            <record id="tax_report_de_tax_tag_31" model="account.report.line">
                                <field name="name">Innergemeinschaftliche Erwerbe (zeile 31)</field>
                                <field name="code">INNERGEMEINSCHAFTLICHE_ERWERBE_ZEILE_31_STEUER</field>
                                <field name="aggregation_formula">DE_89.balance + DE_93.balance + DE_98.balance + DE_96.balance</field>
                                <field name="children_ids">
                                    <record id="tax_report_de_tag_33" model="account.report.line">
                                        <field name="name">89. zum Steuersatz von 19 % (zeile 33)</field>
                                        <field name="code">DE_89</field>
                                        <field name="expression_ids">
                                            <record id="tax_report_de_tag_33_tag" model="account.report.expression">
                                                <field name="label">balance</field>
                                                <field name="engine">tax_tags</field>
                                                <field name="formula">89_TAX</field>
                                            </record>
                                        </field>
                                    </record>
                                    <record id="tax_report_de_tag_34" model="account.report.line">
                                        <field name="name">93. zum Steuersatz von 7 % (zeile 34)</field>
                                        <field name="code">DE_93</field>
                                        <field name="expression_ids">
                                            <record id="tax_report_de_tag_34_tag" model="account.report.expression">
                                                <field name="label">balance</field>
                                                <field name="engine">tax_tags</field>
                                                <field name="formula">93_TAX</field>
                                            </record>
                                        </field>
                                    </record>
                                    <record id="tax_report_de_tag_98" model="account.report.line">
                                        <field name="name">98. zu anderen Steuersatzen (zeile 35)</field>
                                        <field name="code">DE_98</field>
                                        <field name="expression_ids">
                                            <record id="tax_report_de_tag_98_tag" model="account.report.expression">
                                                <field name="label">balance</field>
                                                <field name="engine">tax_tags</field>
                                                <field name="formula">98</field>
                                            </record>
                                        </field>
                                    </record>
                                    <record id="tax_report_de_tag_96" model="account.report.line">
                                        <field name="name">96. neuer Fahrzeuge von Lieferern ohne USt-IdNr. zum allgemeinen Steuersatz (zeile 36)</field>
                                        <field name="code">DE_96</field>
                                        <field name="expression_ids">
                                            <record id="tax_report_de_tag_96_tag" model="account.report.expression">
                                                <field name="label">balance</field>
                                                <field name="engine">tax_tags</field>
                                                <field name="formula">96</field>
                                            </record>
                                        </field>
                                    </record>
                                </field>
                            </record>
                            <record id="tax_report_de_tax_tag_37" model="account.report.line">
                                <field name="name">Erganzende Angaben zu Umsatzen (zeile 37)</field>
                                <field name="code">ERGANZENDE_ANGABEN_ZU_UMSATZEN_ZEILE_37_STEUER</field>
                                <field name="aggregation_formula">DE_45.balance</field>
                                <field name="children_ids">
                                    <record id="tax_report_de_tax_tag_45" model="account.report.line">
                                        <field name="name">45. Ubertrag (zeile 45)</field>
                                        <field name="code">DE_45</field>
                                        <field name="expression_ids">
                                            <record id="tax_report_de_tax_tag_45_tag" model="account.report.expression">
                                                <field name="label">balance</field>
                                                <field name="engine">tax_tags</field>
                                                <field name="formula">45_TAX</field>
                                            </record>
                                        </field>
                                    </record>
                                </field>
                            </record>
                            <record id="tax_report_de_tax_tag_46" model="account.report.line">
                                <field name="name">Leistungsempfanger als Steuerschuldner (zeile 46)</field>
                                <field name="code">LEISTUNGSEMPFANGER_ALS_STEUERSCHULDNER_ZEILE_46</field>
                                <field name="aggregation_formula">DE_47.balance + DE_53.balance + DE_74.balance + DE_79.balance + DE_85.balance + DE_65.balance</field>
                                <field name="children_ids">
                                    <record id="tax_report_de_tag_47" model="account.report.line">
                                        <field name="name">47. Steuerpflichtige sonstige Leistungen eines im übrigen Gemeinschaftsgebietansässigen Unternehmers (zeile 48)</field>
                                        <field name="code">DE_47</field>
                                        <field name="expression_ids">
                                            <record id="tax_report_de_tag_47_tag" model="account.report.expression">
                                                <field name="label">balance</field>
                                                <field name="engine">tax_tags</field>
                                                <field name="formula">47</field>
                                            </record>
                                        </field>
                                    </record>
                                    <record id="tax_report_de_tag_53" model="account.report.line">
                                        <field name="name">53. Andere Leistungen eines im Ausland ansässigen Unternehmers (zeile 49)</field>
                                        <field name="code">DE_53</field>
                                        <field name="expression_ids">
                                            <record id="tax_report_de_tag_53_tag" model="account.report.expression">
                                                <field name="label">balance</field>
                                                <field name="engine">tax_tags</field>
                                                <field name="formula">53</field>
                                            </record>
                                        </field>
                                    </record>
                                    <record id="tax_report_de_tag_74" model="account.report.line">
                                        <field name="name">74. Lieferungen sicherungsübereigneter Gegenstände und Umsätze, die unter das GrEStG fallen (zeile 50)</field>
                                        <field name="code">DE_74</field>
                                        <field name="expression_ids">
                                            <record id="tax_report_de_tag_74_tag" model="account.report.expression">
                                                <field name="label">balance</field>
                                                <field name="engine">tax_tags</field>
                                                <field name="formula">74</field>
                                            </record>
                                        </field>
                                    </record>
                                    <record id="tax_report_de_tag_79" model="account.report.line">
                                        <field name="name">79. Lieferungen von Mobilfunkgeräten, Tablet-Computern, Spielekonsolen und integrierten Schaltkreisen (zeile 51)</field>
                                        <field name="code">DE_79</field>
                                        <field name="expression_ids">
                                            <record id="tax_report_de_tag_79_tag" model="account.report.expression">
                                                <field name="label">balance</field>
                                                <field name="engine">tax_tags</field>
                                                <field name="formula">79</field>
                                            </record>
                                        </field>
                                    </record>
                                    <record id="tax_report_de_tag_85" model="account.report.line">
                                        <field name="name">85. Andere Leistungen (zeile 52)</field>
                                        <field name="code">DE_85</field>
                                        <field name="expression_ids">
                                            <record id="tax_report_de_tag_85_tag" model="account.report.expression">
                                                <field name="label">balance</field>
                                                <field name="engine">tax_tags</field>
                                                <field name="formula">85</field>
                                            </record>
                                        </field>
                                    </record>
                                    <record id="tax_report_de_tag_65" model="account.report.line">
                                        <field name="name">65. Steuer infolge Wechsels der Besteuerungsform sowie Nachsteuer auf versteuerte Anzahlungen u. ä. wegen Steuersatzänderung (zeile 53)</field>
                                        <field name="code">DE_65</field>
                                        <field name="expression_ids">
                                            <record id="tax_report_de_tag_65_tag" model="account.report.expression">
                                                <field name="label">balance</field>
                                                <field name="engine">tax_tags</field>
                                                <field name="formula">65</field>
                                            </record>
                                        </field>
                                    </record>
                                </field>
                            </record>
                            <record id="tax_report_de_tax_tag_55" model="account.report.line">
                                <field name="name">Abziehbare Vorsteuerbetrage (zeile 55)</field>
                                <field name="code">ABZIEHBARE_VORSTEUERBETRAGE_ZEILE_55</field>
                                <field name="aggregation_formula">DE_66.balance + DE_61.balance + DE_62.balance + DE_67.balance + DE_63.balance + DE_64.balance + DE_59.balance</field>
                                <field name="children_ids">
                                    <record id="tax_report_de_tag_66" model="account.report.line">
                                        <field name="name">66. Vorsteuerbeträge aus Rechnungen von anderen Unternehmern (zeile 56)</field>
                                        <field name="code">DE_66</field>
                                        <field name="expression_ids">
                                            <record id="tax_report_de_tag_66_tag" model="account.report.expression">
                                                <field name="label">balance</field>
                                                <field name="engine">tax_tags</field>
                                                <field name="formula">66</field>
                                            </record>
                                        </field>
                                    </record>
                                    <record id="tax_report_de_tag_61" model="account.report.line">
                                        <field name="name">61. Vorsteuerbeträge aus dem innergemeinschaftlichen Erwerb von Gegenständen (zeile 57)</field>
                                        <field name="code">DE_61</field>
                                        <field name="expression_ids">
                                            <record id="tax_report_de_tag_61_tag" model="account.report.expression">
                                                <field name="label">balance</field>
                                                <field name="engine">tax_tags</field>
                                                <field name="formula">61</field>
                                            </record>
                                        </field>
                                    </record>
                                    <record id="tax_report_de_tag_62" model="account.report.line">
                                        <field name="name">62. Entstandene Einfuhrumsatzsteuer (zeile 58)</field>
                                        <field name="code">DE_62</field>
                                        <field name="expression_ids">
                                            <record id="tax_report_de_tag_62_tag" model="account.report.expression">
                                                <field name="label">balance</field>
                                                <field name="engine">tax_tags</field>
                                                <field name="formula">62</field>
                                            </record>
                                        </field>
                                    </record>
                                    <record id="tax_report_de_tag_67" model="account.report.line">
                                        <field name="name">67. Vorsteuerbeträge aus Leistungen im Sinne des § 13b UStG (zeile 59)</field>
                                        <field name="code">DE_67</field>
                                        <field name="expression_ids">
                                            <record id="tax_report_de_tag_67_tag" model="account.report.expression">
                                                <field name="label">balance</field>
                                                <field name="engine">tax_tags</field>
                                                <field name="formula">67</field>
                                            </record>
                                        </field>
                                    </record>
                                    <record id="tax_report_de_tag_63" model="account.report.line">
                                        <field name="name">63. Vorsteuerbeträge, die nach allgemeinen Durchschnittssätzen berechnet sind (zeile 60)</field>
                                        <field name="code">DE_63</field>
                                        <field name="expression_ids">
                                            <record id="tax_report_de_tag_63_tag" model="account.report.expression">
                                                <field name="label">balance</field>
                                                <field name="engine">tax_tags</field>
                                                <field name="formula">63</field>
                                            </record>
                                        </field>
                                    </record>
                                    <record id="tax_report_de_tag_64" model="account.report.line">
                                        <field name="name">64. Berichtigung des Vorsteuerabzugs (zeile 61)</field>
                                        <field name="code">DE_64</field>
                                        <field name="expression_ids">
                                            <record id="tax_report_de_tag_64_tag" model="account.report.expression">
                                                <field name="label">balance</field>
                                                <field name="engine">tax_tags</field>
                                                <field name="formula">64</field>
                                            </record>
                                        </field>
                                    </record>
                                    <record id="tax_report_de_tag_59" model="account.report.line">
                                        <field name="name">59. Vorsteuerabzug für innergemeinschaftliche Lieferungen neuer Fahrzeuge außerhalb eines Unternehmens (zeile 62)</field>
                                        <field name="code">DE_59</field>
                                        <field name="expression_ids">
                                            <record id="tax_report_de_tag_59_tag" model="account.report.expression">
                                                <field name="label">balance</field>
                                                <field name="engine">tax_tags</field>
                                                <field name="formula">59</field>
                                            </record>
                                        </field>
                                    </record>
                                </field>
                            </record>
                            <record id="tax_report_de_tax_tag_64" model="account.report.line">
                                <field name="name">Andere Steuerbetrage (zeile 64)</field>
                                <field name="code">ANDERE_STEUERBETRAGE_ZEILE_64</field>
                                <field name="aggregation_formula">DE_69.balance</field>
                                <field name="children_ids">
                                    <record id="tax_report_de_tag_69" model="account.report.line">
                                        <field name="name">69. In Rechnungen unrichtig oder unberechtigt ausgewiesene Steuerbeträge (zeile 65)</field>
                                        <field name="code">DE_69</field>
                                        <field name="expression_ids">
                                            <record id="tax_report_de_tag_69_tag" model="account.report.expression">
                                                <field name="label">balance</field>
                                                <field name="engine">tax_tags</field>
                                                <field name="formula">69</field>
                                            </record>
                                        </field>
                                    </record>
                                </field>
                            </record>
                            <record id="tax_report_de_tax_tag_66" model="account.report.line">
                                <field name="name">Umsatzsteuer-Vorauszahlung/Uberschuss (zeile 66)</field>
                                <field name="code">UMSATZSTEUERVORAUSZAHLUNGUBERSCHUSS_ZEILE_66</field>
                                <field name="aggregation_formula">DE_39.balance + DE_83.balance</field>
                                <field name="children_ids">
                                    <record id="tax_report_de_tag_39" model="account.report.line">
                                        <field name="name">39. Abzug der festgesetzten Sondervorauszahlung für Dauerfristverlängerung (zeile 67)</field>
                                        <field name="code">DE_39</field>
                                        <field name="expression_ids">
                                            <record id="tax_report_de_tag_39_tag" model="account.report.expression">
                                                <field name="label">balance</field>
                                                <field name="engine">tax_tags</field>
                                                <field name="formula">39</field>
                                            </record>
                                        </field>
                                    </record>
                                    <record id="tax_report_de_tag_83" model="account.report.line">
                                        <field name="name">83. Verbleibende Umsatzsteuer-Vorauszahlung (zeile 68)</field>
                                        <field name="code">DE_83</field>
                                        <field name="expression_ids">
                                            <record id="tax_report_de_tag_83_tag" model="account.report.expression">
                                                <field name="label">balance</field>
                                                <field name="engine">tax_tags</field>
                                                <field name="formula">83</field>
                                            </record>
                                        </field>
                                    </record>
                                </field>
                            </record>
                        </field>
                    </record>
                </field>
            </record>
        </field>
    </record>
    <record id="tag_de_intracom_community_delivery" model="account.account.tag">
        <field name="name">Innergemeinschaftliche Lieferung</field>
        <field name="applicability">taxes</field>
        <field name="country_id" ref="base.de"/>
    </record>
    <record id="tag_de_intracom_community_supplies" model="account.account.tag">
        <field name="name">Sonstige Leistungen</field>
        <field name="applicability">taxes</field>
        <field name="country_id" ref="base.de"/>
    </record>
    <record id="tag_de_intracom_ABC" model="account.account.tag">
        <field name="name">Dreiecksgeschäfte</field>
        <field name="applicability">taxes</field>
        <field name="country_id" ref="base.de"/>
    </record>
    <record id="tag_de_pl_01" model="account.account.tag">
        <field name="name">G&amp;V: 1-Umsatzerlöse</field>
        <field name="applicability">accounts</field>
    </record>
    <record id="tag_de_pl_02" model="account.account.tag">
        <field name="name">G&amp;V: 2-Erhöhung oder Verminderung des Bestands an fertigen und unfertigen Erzeugnissen</field>
        <field name="applicability">accounts</field>
    </record>
    <record id="tag_de_pl_03" model="account.account.tag">
        <field name="name">G&amp;V: 3-Andere aktivierte Eigenleistungen</field>
        <field name="applicability">accounts</field>
    </record>
    <record id="tag_de_pl_04" model="account.account.tag">
        <field name="name">G&amp;V: 4-Sonstige betrieliche Erträge</field>
        <field name="applicability">accounts</field>
    </record>
    <record id="tag_de_pl_05" model="account.account.tag">
        <field name="name">G&amp;V: 5-Materialaufwand</field>
        <field name="applicability">accounts</field>
    </record>
    <record id="tag_de_pl_06" model="account.account.tag">
        <field name="name">G&amp;V: 6-Personalaufwand</field>
        <field name="applicability">accounts</field>
    </record>
    <record id="tag_de_pl_07" model="account.account.tag">
        <field name="name">G&amp;V: 7-Abschreibungen</field>
        <field name="applicability">accounts</field>
    </record>
    <record id="tag_de_pl_08_1" model="account.account.tag">
        <field name="name">G&amp;V: 8.1-Raumkosten</field>
        <field name="applicability">accounts</field>
    </record>
    <record id="tag_de_pl_08_2" model="account.account.tag">
        <field name="name">G&amp;V: 8.2-Versicherungen, Beiträge und Abgaben</field>
        <field name="applicability">accounts</field>
    </record>
    <record id="tag_de_pl_08_3" model="account.account.tag">
        <field name="name">G&amp;V: 8.3-Reparaturen und Instandhaltungen</field>
        <field name="applicability">accounts</field>
    </record>
    <record id="tag_de_pl_08_4" model="account.account.tag">
        <field name="name">G&amp;V: 8.4-Fahrzeugkosten</field>
        <field name="applicability">accounts</field>
    </record>
    <record id="tag_de_pl_08_5" model="account.account.tag">
        <field name="name">G&amp;V: 8.5-Werbe- und Reisekosten</field>
        <field name="applicability">accounts</field>
    </record>
    <record id="tag_de_pl_08_6" model="account.account.tag">
        <field name="name">G&amp;V: 8.6-Kosten der Warenabgabe</field>
        <field name="applicability">accounts</field>
    </record>
    <record id="tag_de_pl_08_7" model="account.account.tag">
        <field name="name">G&amp;V: 8.7-verschiedene betriebliche Kosten</field>
        <field name="applicability">accounts</field>
    </record>
    <record id="tag_de_pl_09" model="account.account.tag">
        <field name="name">G&amp;V: 9-Erträge aus Beteiligungen</field>
        <field name="applicability">accounts</field>
    </record>
    <record id="tag_de_pl_10" model="account.account.tag">
        <field name="name">G&amp;V: 10-Erträge aus anderen Wertpapieren und Ausleihungen des Finanzanlagevermögens</field>
        <field name="applicability">accounts</field>
    </record>
    <record id="tag_de_pl_11" model="account.account.tag">
        <field name="name">G&amp;V: 11-Sonstige Zinsen und ähnliche Erträge</field>
        <field name="applicability">accounts</field>
    </record>
    <record id="tag_de_pl_12" model="account.account.tag">
        <field name="name">G&amp;V: 12-Abschreibungen auf Finanzanlagen und auf Wertpapiere des Umlaufvermögens</field>
        <field name="applicability">accounts</field>
    </record>
    <record id="tag_de_pl_13" model="account.account.tag">
        <field name="name">G&amp;V: 13-Zinsen und ähnliche Aufwendungen</field>
        <field name="applicability">accounts</field>
    </record>
    <record id="tag_de_pl_14" model="account.account.tag">
        <field name="name">G&amp;V: 14-Steuern vom Einkommen und Ertrag</field>
        <field name="applicability">accounts</field>
    </record>
    <record id="tag_de_pl_15" model="account.account.tag">
        <field name="name">G&amp;V: 15-Sonstige Steuern</field>
        <field name="applicability">accounts</field>
    </record>
    <record id="tag_de_asset_bs_A_I_1" model="account.account.tag">
        <field name="name">Bilanz-Aktiva: A I 1-Selbst geschaffene gewerbliche Schutzrechte und ähnliche Rechte und Werte</field>
        <field name="applicability">accounts</field>
    </record>
    <record id="tag_de_asset_bs_A_I_2" model="account.account.tag">
        <field name="name">Bilanz-Aktiva: A I 2-Konzessionen, Lizenzen und ähnliche Rechte und Werte</field>
        <field name="applicability">accounts</field>
    </record>
    <record id="tag_de_asset_bs_A_I_3" model="account.account.tag">
        <field name="name">Bilanz-Aktiva: A I 3-Geschäfts- oder Firmenwert</field>
        <field name="applicability">accounts</field>
    </record>
    <record id="tag_de_asset_bs_A_I_4" model="account.account.tag">
        <field name="name">Bilanz-Aktiva: A I 4-geleistete Anzahlungen</field>
        <field name="applicability">accounts</field>
    </record>
    <record id="tag_de_asset_bs_A_II_1" model="account.account.tag">
        <field name="name">Bilanz-Aktiva: A II 1-Grundstücke. grundstücksgleiche Rechte und Bauten</field>
        <field name="applicability">accounts</field>
    </record>
    <record id="tag_de_asset_bs_A_II_2" model="account.account.tag">
        <field name="name">Bilanz-Aktiva: A II 2-Technische  Anlagen und Maschinen</field>
        <field name="applicability">accounts</field>
    </record>
    <record id="tag_de_asset_bs_A_II_3" model="account.account.tag">
        <field name="name">Bilanz-Aktiva: A II 3-Andere Anlagen. Betriebs- und Geschäftsausstattung</field>
        <field name="applicability">accounts</field>
    </record>
    <record id="tag_de_asset_bs_A_II_4" model="account.account.tag">
        <field name="name">Bilanz-Aktiva: A II 4-Geleistete Anzahlungen und Anlagen im Bau</field>
        <field name="applicability">accounts</field>
    </record>
    <record id="tag_de_asset_bs_A_III_1" model="account.account.tag">
        <field name="name">Bilanz-Aktiva: A III 1-Anteile an verbundenen Unternehmen</field>
        <field name="applicability">accounts</field>
    </record>
    <record id="tag_de_asset_bs_A_III_2" model="account.account.tag">
        <field name="name">Bilanz-Aktiva: A III 2-Ausleihungen an verbundene Unternehmen</field>
        <field name="applicability">accounts</field>
    </record>
    <record id="tag_de_asset_bs_A_III_3" model="account.account.tag">
        <field name="name">Bilanz-Aktiva: A III 3-Beteiligungen</field>
        <field name="applicability">accounts</field>
    </record>
    <record id="tag_de_asset_bs_A_III_4" model="account.account.tag">
        <field name="name">Bilanz-Aktiva: A III 4-Ausleihungen an Unternehmen, mit denen ein Beteiligungsverhältnis besteht</field>
        <field name="applicability">accounts</field>
    </record>
    <record id="tag_de_asset_bs_A_III_5" model="account.account.tag">
        <field name="name">Bilanz-Aktiva: A III 5-Wertpapiere des Anlagevermögens</field>
        <field name="applicability">accounts</field>
    </record>
    <record id="tag_de_asset_bs_A_III_6" model="account.account.tag">
        <field name="name">Bilanz-Aktiva: A III 6-sonstige Ausleihungen</field>
        <field name="applicability">accounts</field>
    </record>
    <record id="tag_de_asset_bs_B_I_1" model="account.account.tag">
        <field name="name">Bilanz-Aktiva: B I 1-Roh-, Hilfs- und Betriebsstoffe</field>
        <field name="applicability">accounts</field>
    </record>
    <record id="tag_de_asset_bs_B_I_2" model="account.account.tag">
        <field name="name">Bilanz-Aktiva: B I 2-Unfertige Erzeugnisse, unfertige Leistungen</field>
        <field name="applicability">accounts</field>
    </record>
    <record id="tag_de_asset_bs_B_I_3" model="account.account.tag">
        <field name="name">Bilanz-Aktiva: B I 3-Fertige Erzeugnisse und Waren</field>
        <field name="applicability">accounts</field>
    </record>
    <record id="tag_de_asset_bs_B_I_4" model="account.account.tag">
        <field name="name">Bilanz-Aktiva: B I 4-Geleistete Anzahlungen</field>
        <field name="applicability">accounts</field>
    </record>
    <record id="tag_de_asset_bs_B_II_1" model="account.account.tag">
        <field name="name">Bilanz-Aktiva: B II 1-Forderungen aus Lieferungen und Leistungen</field>
        <field name="applicability">accounts</field>
    </record>
    <record id="tag_de_asset_bs_B_II_2" model="account.account.tag">
        <field name="name">Bilanz-Aktiva: B II 2-Forderungen gegen verbundene Unternehmen</field>
        <field name="applicability">accounts</field>
    </record>
    <record id="tag_de_asset_bs_B_II_3" model="account.account.tag">
        <field name="name">Bilanz-Aktiva: B II 3-Forderungen gegen Unternehmen, mit denen ein Beteiligungsverhältnis besteht</field>
        <field name="applicability">accounts</field>
    </record>
    <record id="tag_de_asset_bs_B_II_4" model="account.account.tag">
        <field name="name">Bilanz-Aktiva: B II 4-Sonstige Vermögensgegenstände</field>
        <field name="applicability">accounts</field>
    </record>
    <record id="tag_de_asset_bs_B_III_1" model="account.account.tag">
        <field name="name">Bilanz-Aktiva: B III 1-Anteile an verbundenen Unternehmen</field>
        <field name="applicability">accounts</field>
    </record>
    <record id="tag_de_asset_bs_B_III_2" model="account.account.tag">
        <field name="name">Bilanz-Aktiva: B III 2-sonstige Wertpapiere</field>
        <field name="applicability">accounts</field>
    </record>
    <record id="tag_de_asset_bs_B_IV" model="account.account.tag">
        <field name="name">Bilanz-Aktiva: B IV-Kassenbestand, Bundesbankguthaben, Guthaben bei Kreditinstituten und Schecks</field>
        <field name="applicability">accounts</field>
    </record>
    <record id="tag_de_asset_bs_C" model="account.account.tag">
        <field name="name">Bilanz-Aktiva: C-Rechnungsabgrenzungsposten</field>
        <field name="applicability">accounts</field>
    </record>
    <record id="tag_de_asset_bs_D" model="account.account.tag">
        <field name="name">Bilanz-Aktiva: D-Aktive latente Steuern</field>
        <field name="applicability">accounts</field>
    </record>
    <record id="tag_de_asset_bs_E" model="account.account.tag">
        <field name="name">Bilanz-Aktiva: E-Aktiver Unterschiedsbetrag aus der Vermögensverrechnung</field>
        <field name="applicability">accounts</field>
    </record>
    <record id="tag_de_liabilities_bs_A_I" model="account.account.tag">
        <field name="name">Bilanz-Passiva: A I-Gezeichnetes Kapital</field>
        <field name="applicability">accounts</field>
    </record>
    <record id="tag_de_liabilities_bs_A_II" model="account.account.tag">
        <field name="name">Bilanz-Passiva: A II-Kapitalrücklage</field>
        <field name="applicability">accounts</field>
    </record>
    <record id="tag_de_liabilities_bs_A_III_1" model="account.account.tag">
        <field name="name">Bilanz-Passiva: A III 1-Gesetzliche Rücklage</field>
        <field name="applicability">accounts</field>
    </record>
    <record id="tag_de_liabilities_bs_A_III_2" model="account.account.tag">
        <field name="name">Bilanz-Passiva: A III 2-Rücklage für Anteile an einem herrschenden oder mehrheitlich beteiligten Unternehmen</field>
        <field name="applicability">accounts</field>
    </record>
    <record id="tag_de_liabilities_bs_A_III_3" model="account.account.tag">
        <field name="name">Bilanz-Passiva: A III 3-Satzungsmäßige Rücklagen</field>
        <field name="applicability">accounts</field>
    </record>
    <record id="tag_de_liabilities_bs_A_III_4" model="account.account.tag">
        <field name="name">Bilanz-Passiva: A III 4-Andere Gewinnrücklagen</field>
        <field name="applicability">accounts</field>
    </record>
    <record id="tag_de_liabilities_bs_A_IV" model="account.account.tag">
        <field name="name">Bilanz-Passiva: A IV-Gewinnvortrag/Verlustvortrag</field>
        <field name="applicability">accounts</field>
    </record>
    <record id="tag_de_liabilities_bs_A_V" model="account.account.tag">
        <field name="name">Bilanz-Passiva: A V-Jahresüberschuß/Jahresfehlbetrag</field>
        <field name="applicability">accounts</field>
    </record>
    <record id="tag_de_liabilities_bs_B" model="account.account.tag">
        <field name="name">Bilanz-Passiva: B Sonderposten mit Rücklageanteil</field>
        <field name="applicability">accounts</field>
    </record>
    <record id="tag_de_liabilities_bs_C_1" model="account.account.tag">
        <field name="name">Bilanz-Passiva: C 1-Rückstellungen für Pensionen und ähnliche Verpflichtungen</field>
        <field name="applicability">accounts</field>
    </record>
    <record id="tag_de_liabilities_bs_C_2" model="account.account.tag">
        <field name="name">Bilanz-Passiva: C 2-Steuerrückstellungen</field>
        <field name="applicability">accounts</field>
    </record>
    <record id="tag_de_liabilities_bs_C_3" model="account.account.tag">
        <field name="name">Bilanz-Passiva: C 3-Sonstige Rückstellungen</field>
        <field name="applicability">accounts</field>
    </record>
    <record id="tag_de_liabilities_bs_D_1" model="account.account.tag">
        <field name="name">Bilanz-Passiva: D 1-Anleihen, davon konvertibeln</field>
        <field name="applicability">accounts</field>
    </record>
    <record id="tag_de_liabilities_bs_D_2" model="account.account.tag">
        <field name="name">Bilanz-Passiva: D 2-Verbindlichkeiten gegenüber Kreditinstituten</field>
        <field name="applicability">accounts</field>
    </record>
    <record id="tag_de_liabilities_bs_D_3" model="account.account.tag">
        <field name="name">Bilanz-Passiva: D 3-Erhaltene Anzahlungen auf Bestellungen</field>
        <field name="applicability">accounts</field>
    </record>
    <record id="tag_de_liabilities_bs_D_4" model="account.account.tag">
        <field name="name">Bilanz-Passiva: D 4-Verbindlichkeiten aus Lieferungen und Leistungen</field>
        <field name="applicability">accounts</field>
    </record>
    <record id="tag_de_liabilities_bs_D_5" model="account.account.tag">
        <field name="name">Bilanz-Passiva: D 5-Verbindlichkeiten aus der Annahme gezogener Wechsel und der Ausstellung eigener Wechsel</field>
        <field name="applicability">accounts</field>
    </record>
    <record id="tag_de_liabilities_bs_D_6" model="account.account.tag">
        <field name="name">Bilanz-Passiva: D 6-Verbindlichkeiten gegenüber verbundenen Unternehmen</field>
        <field name="applicability">accounts</field>
    </record>
    <record id="tag_de_liabilities_bs_D_7" model="account.account.tag">
        <field name="name">Bilanz-Passiva: D 7-Verbindlichkeiten gegenüber Unternehmen, mit denen ein Beteiligungsverhältnis besteht</field>
        <field name="applicability">accounts</field>
    </record>
    <record id="tag_de_liabilities_bs_D_8" model="account.account.tag">
        <field name="name">Bilanz-Passiva: D 8-Sonstige Verbindlichkeiten, davon aus Steuern, davon im Rahmen der sozialen Sicherheit</field>
        <field name="applicability">accounts</field>
    </record>
    <record id="tag_de_liabilities_bs_E" model="account.account.tag">
        <field name="name">Bilanz-Passiva: E-Rechnungsabgrenzungsposten</field>
        <field name="applicability">accounts</field>
    </record>
    <record id="tag_de_liabilities_bs_F" model="account.account.tag">
        <field name="name">Bilanz-Passiva: F-Passive latente Steuern</field>
        <field name="applicability">accounts</field>
    </record>
</odoo>
