<?xml version="1.0" encoding="utf-8"?>
<odoo>
    <data>
        <record id="campaign_stage_1" model="utm.stage">
            <field name="name">Schedule</field>
            <field name="sequence">10</field>
        </record>
        <record id="campaign_stage_2" model="utm.stage">
            <field name="name">Design</field>
            <field name="sequence">20</field>
        </record>
        <record id="campaign_stage_3" model="utm.stage">
            <field name="name">Sent</field>
            <field name="sequence">30</field>
        </record>
    </data>
</odoo>
