<?xml version="1.0" encoding="UTF-8"?>
<odoo>
    <data noupdate="1">
        <record id="website_crm_partner_assign.res_partner_grade_data_gold" model="res.partner.grade">
            <field name="is_published" eval="True" />
        </record>
        <record id="website_crm_partner_assign.res_partner_grade_data_silver" model="res.partner.grade">
            <field name="is_published" eval="True" />
        </record>
        <record id="website_crm_partner_assign.res_partner_grade_data_bronze" model="res.partner.grade">
            <field name="is_published" eval="True" />
        </record>
    </data>
</odoo>
