<?xml version="1.0" encoding="UTF-8"?>
<odoo>
    <record id="res_partner_activation_data_fully_operational" model="res.partner.activation">
        <field name="name">Fully Operational</field>
        <field name="sequence">1</field>
    </record>
    <record id="res_partner_activation_data_ramp_up" model="res.partner.activation">
        <field name="name">Ramp-up</field>
        <field name="sequence">2</field>
    </record>
    <record id="res_partner_activation_data_first_contact" model="res.partner.activation">
        <field name="name">First Contact</field>
        <field name="sequence">3</field>
    </record>
</odoo>
