<odoo>
    <data noupdate="1">
        <record id="tax_group_0" model="account.tax.group">
            <field name="name">VAT 0%</field>
            <field name="country_id" ref="base.at"/>
        </record>
        <record id="tax_group_10" model="account.tax.group">
            <field name="name">VAT 10%</field>
            <field name="country_id" ref="base.at"/>
        </record>
        <record id="tax_group_13" model="account.tax.group">
            <field name="name">VAT 13%</field>
            <field name="country_id" ref="base.at"/>
        </record>
        <record id="tax_group_20" model="account.tax.group">
            <field name="name">VAT 20%</field>
            <field name="country_id" ref="base.at"/>
        </record>
    </data>
</odoo>
