<?xml version="1.0" encoding="utf-8"?>
<odoo>
    <record id="tax_report" model="account.report">
        <field name="name">Tax Report</field>
        <field name="root_report_id" ref="account.generic_tax_report"/>
        <field name="country_id" ref="base.no"/>
        <field name="filter_fiscal_position" eval="True"/>
        <field name="availability_condition">country</field>
        <field name="column_ids">
            <record id="tax_report_balance" model="account.report.column">
                <field name="name">Balance</field>
                <field name="expression_label">balance</field>
            </record>
        </field>
        <field name="line_ids">
            <record id="account_tax_report_line_samlet_omsetning" model="account.report.line">
                <field name="name">A. Samlet omsetning, uttak og innførsel</field>
                <field name="aggregation_formula">NOTAX_01.balance</field>
                <field name="children_ids">
                    <record id="account_tax_report_line_post_1" model="account.report.line">
                        <field name="name">Post 1 Samlet omsetning og uttak utenfor merverdiavgiftsloven</field>
                        <field name="code">NOTAX_01</field>
                        <field name="expression_ids">
                            <record id="account_tax_report_line_post_1_tag" model="account.report.expression">
                                <field name="label">balance</field>
                                <field name="engine">tax_tags</field>
                                <field name="formula">Post 1</field>
                            </record>
                        </field>
                    </record>
                    <record id="account_tax_report_line_post_2" model="account.report.line">
                        <field name="name">Post 2 Samlet omsetning og uttak innenfor merverdiavgiftloven og innførsel</field>
                        <field name="code">NOTAX_02</field>
                        <field name="aggregation_formula">NOTAX_03.balance+NOTAX_04.balance+NOTAX_05.balance+NOTAX_06.balance+NOTAX_07.balance+NOTAX_08.balance</field>
                    </record>
                </field>
            </record>
            <record id="account_tax_report_line_innenlands_omsetning" model="account.report.line">
                <field name="name">B. Innenlands omsetning og uttak</field>
                <field name="aggregation_formula">NOTAX_03.balance + NOTAX_03_1.balance + NOTAX_04.balance + NOTAX_04_1.balance + NOTAX_05.balance + NOTAX_05_1.balance + NOTAX_06.balance + NOTAX_07.balance</field>
                <field name="children_ids">
                    <record id="account_tax_report_line_post_3" model="account.report.line">
                        <field name="name">Post 3 Innenlands omsetning og uttak, og beregnet avgift 25 %</field>
                        <field name="code">NOTAX_03</field>
                        <field name="expression_ids">
                            <record id="account_tax_report_line_post_3_tag" model="account.report.expression">
                                <field name="label">balance</field>
                                <field name="engine">tax_tags</field>
                                <field name="formula">Post 3 Base</field>
                            </record>
                        </field>
                    </record>
                    <record id="account_tax_report_line_post_3_tax" model="account.report.line">
                        <field name="name">Post 3 Innenlands omsetning og uttak, og beregnet avgift 25 % Tax</field>
                        <field name="code">NOTAX_03_1</field>
                        <field name="expression_ids">
                            <record id="account_tax_report_line_post_3_tax_tag" model="account.report.expression">
                                <field name="label">balance</field>
                                <field name="engine">tax_tags</field>
                                <field name="formula">Post 3 Tax</field>
                            </record>
                        </field>
                    </record>
                    <record id="account_tax_report_line_post_4" model="account.report.line">
                        <field name="name">Post 4 Innenlands omsetning og uttak, og beregnet avgift 15 %</field>
                        <field name="code">NOTAX_04</field>
                        <field name="expression_ids">
                            <record id="account_tax_report_line_post_4_tag" model="account.report.expression">
                                <field name="label">balance</field>
                                <field name="engine">tax_tags</field>
                                <field name="formula">Post 4 Base</field>
                            </record>
                        </field>
                    </record>
                    <record id="account_tax_report_line_post_4_tax" model="account.report.line">
                        <field name="name">Post 4 Innenlands omsetning og uttak, og beregnet avgift 15 % Tax</field>
                        <field name="code">NOTAX_04_1</field>
                        <field name="expression_ids">
                            <record id="account_tax_report_line_post_4_tax_tag" model="account.report.expression">
                                <field name="label">balance</field>
                                <field name="engine">tax_tags</field>
                                <field name="formula">Post 4 Tax</field>
                            </record>
                        </field>
                    </record>
                    <record id="account_tax_report_line_post_5" model="account.report.line">
                        <field name="name">Post 5 Innenlands omsetning og uttak, og beregnet avgift 12 %</field>
                        <field name="code">NOTAX_05</field>
                        <field name="expression_ids">
                            <record id="account_tax_report_line_post_5_tag" model="account.report.expression">
                                <field name="label">balance</field>
                                <field name="engine">tax_tags</field>
                                <field name="formula">Post 5 Base</field>
                            </record>
                        </field>
                    </record>
                    <record id="account_tax_report_line_post_5_tax" model="account.report.line">
                        <field name="name">Post 5 Innenlands omsetning og uttak, og beregnet avgift 12 % Tax</field>
                        <field name="code">NOTAX_05_1</field>
                        <field name="expression_ids">
                            <record id="account_tax_report_line_post_5_tax_tag" model="account.report.expression">
                                <field name="label">balance</field>
                                <field name="engine">tax_tags</field>
                                <field name="formula">Post 5 Tax</field>
                            </record>
                        </field>
                    </record>
                    <record id="account_tax_report_line_post_6" model="account.report.line">
                        <field name="name">Post 6 Innenlands omsetning og uttak fritatt for merverdiavgift</field>
                        <field name="code">NOTAX_06</field>
                        <field name="expression_ids">
                            <record id="account_tax_report_line_post_6_tag" model="account.report.expression">
                                <field name="label">balance</field>
                                <field name="engine">tax_tags</field>
                                <field name="formula">Post 6</field>
                            </record>
                        </field>
                    </record>
                    <record id="account_tax_report_line_post_7" model="account.report.line">
                        <field name="name">Post 7 Innenlands omsetning med omvendt avgiftsplikt</field>
                        <field name="code">NOTAX_07</field>
                        <field name="expression_ids">
                            <record id="account_tax_report_line_post_7_tag" model="account.report.expression">
                                <field name="label">balance</field>
                                <field name="engine">tax_tags</field>
                                <field name="formula">Post 7</field>
                            </record>
                        </field>
                    </record>
                </field>
            </record>
            <record id="account_tax_report_line_utforsel" model="account.report.line">
                <field name="name">C. Utførsel</field>
                <field name="aggregation_formula">NOTAX_08.balance</field>
                <field name="children_ids">
                    <record id="account_tax_report_line_post_8" model="account.report.line">
                        <field name="name">Post 8 Utførsel av varer og tjenester fritatt for merverdiavgift</field>
                        <field name="code">NOTAX_08</field>
                        <field name="expression_ids">
                            <record id="account_tax_report_line_post_8_tag" model="account.report.expression">
                                <field name="label">balance</field>
                                <field name="engine">tax_tags</field>
                                <field name="formula">Post 8</field>
                            </record>
                        </field>
                    </record>
                </field>
            </record>
            <record id="account_tax_report_line_innforsel_av_varer" model="account.report.line">
                <field name="name">D. Innførsel av varer</field>
                <field name="aggregation_formula">NOTAX_09.balance + NOTAX_09_1.balance + NOTAX_10.balance + NOTAX_10_1.balance + NOTAX_11.balance</field>
                <field name="children_ids">
                    <record id="account_tax_report_line_post_9" model="account.report.line">
                        <field name="name">Post 9 Innførsel av varer, og beregnet avgift 25 %</field>
                        <field name="code">NOTAX_09</field>
                        <field name="expression_ids">
                            <record id="account_tax_report_line_post_9_tag" model="account.report.expression">
                                <field name="label">balance</field>
                                <field name="engine">tax_tags</field>
                                <field name="formula">Post 9 Base</field>
                            </record>
                        </field>
                    </record>
                    <record id="account_tax_report_line_post_9_tax" model="account.report.line">
                        <field name="name">Post 9 Innførsel av varer, og beregnet avgift 25 % Tax</field>
                        <field name="code">NOTAX_09_1</field>
                        <field name="expression_ids">
                            <record id="account_tax_report_line_post_9_tax_tag" model="account.report.expression">
                                <field name="label">balance</field>
                                <field name="engine">tax_tags</field>
                                <field name="formula">Post 9 Tax</field>
                            </record>
                        </field>
                    </record>
                    <record id="account_tax_report_line_post_10" model="account.report.line">
                        <field name="name">Post 10 Innførsel av varer, og beregnet avgift 15 %</field>
                        <field name="code">NOTAX_10</field>
                        <field name="expression_ids">
                            <record id="account_tax_report_line_post_10_tag" model="account.report.expression">
                                <field name="label">balance</field>
                                <field name="engine">tax_tags</field>
                                <field name="formula">Post 10 Base</field>
                            </record>
                        </field>
                    </record>
                    <record id="account_tax_report_line_post_10_tax" model="account.report.line">
                        <field name="name">Post 10 Innførsel av varer, og beregnet avgift 15 % Tax</field>
                        <field name="code">NOTAX_10_1</field>
                        <field name="expression_ids">
                            <record id="account_tax_report_line_post_10_tax_tag" model="account.report.expression">
                                <field name="label">balance</field>
                                <field name="engine">tax_tags</field>
                                <field name="formula">Post 10 Tax</field>
                            </record>
                        </field>
                    </record>
                    <record id="account_tax_report_line_post_11" model="account.report.line">
                        <field name="name">Post 11 Innførsel av varer som det ikke skal beregnes merverdiavgift av</field>
                        <field name="code">NOTAX_11</field>
                        <field name="expression_ids">
                            <record id="account_tax_report_line_post_11_tag" model="account.report.expression">
                                <field name="label">balance</field>
                                <field name="engine">tax_tags</field>
                                <field name="formula">Post 11</field>
                            </record>
                        </field>
                    </record>
                </field>
            </record>
            <record id="account_tax_report_line_kjop_med_omvendt_avgiftsplikt" model="account.report.line">
                <field name="name">E. Kjøp med omvendt avgiftsplikt</field>
                <field name="aggregation_formula">NOTAX_12.balance + NOTAX_12_1.balance + NOTAX_13.balance + NOTAX_13_1.balance</field>
                <field name="children_ids">
                    <record id="account_tax_report_line_post_12" model="account.report.line">
                        <field name="name">Post 12 Tjenester kjøpt fra utlandet, og beregnet avgift 25 %</field>
                        <field name="code">NOTAX_12</field>
                        <field name="expression_ids">
                            <record id="account_tax_report_line_post_12_tag" model="account.report.expression">
                                <field name="label">balance</field>
                                <field name="engine">tax_tags</field>
                                <field name="formula">Post 12 Base</field>
                            </record>
                        </field>
                    </record>
                    <record id="account_tax_report_line_post_12_tax" model="account.report.line">
                        <field name="name">Post 12 Tjenester kjøpt fra utlandet, og beregnet avgift 25 % Tax</field>
                        <field name="code">NOTAX_12_1</field>
                        <field name="expression_ids">
                            <record id="account_tax_report_line_post_12_tax_tag" model="account.report.expression">
                                <field name="label">balance</field>
                                <field name="engine">tax_tags</field>
                                <field name="formula">Post 12 Tax</field>
                            </record>
                        </field>
                    </record>
                    <record id="account_tax_report_line_post_13" model="account.report.line">
                        <field name="name">Post 13 Innenlands kjøp av varer og tjenester, og beregnet avgift 25 %</field>
                        <field name="code">NOTAX_13</field>
                        <field name="expression_ids">
                            <record id="account_tax_report_line_post_13_tag" model="account.report.expression">
                                <field name="label">balance</field>
                                <field name="engine">tax_tags</field>
                                <field name="formula">Post 13 Base</field>
                            </record>
                        </field>
                    </record>
                    <record id="account_tax_report_line_post_13_tax" model="account.report.line">
                        <field name="name">Post 13 Innenlands kjøp av varer og tjenester, og beregnet avgift 25 % Tax</field>
                        <field name="code">NOTAX_13_1</field>
                        <field name="expression_ids">
                            <record id="account_tax_report_line_post_13_tax_tag" model="account.report.expression">
                                <field name="label">balance</field>
                                <field name="engine">tax_tags</field>
                                <field name="formula">Post 13 Tax</field>
                            </record>
                        </field>
                    </record>
                </field>
            </record>
            <record id="account_tax_report_line_fradragsberettigen_innenlands" model="account.report.line">
                <field name="name">F. Fradragsberettiget innenlands inngående avgift</field>
                <field name="aggregation_formula">NOTAX_14.balance + NOTAX_15.balance + NOTAX_16.balance</field>
                <field name="children_ids">
                    <record id="account_tax_report_line_post_14" model="account.report.line">
                        <field name="name">Post 14 Fradragsberettiget innenlands inngående avgift 25 %</field>
                        <field name="code">NOTAX_14</field>
                        <field name="expression_ids">
                            <record id="account_tax_report_line_post_14_tag" model="account.report.expression">
                                <field name="label">balance</field>
                                <field name="engine">tax_tags</field>
                                <field name="formula">Post 14</field>
                            </record>
                        </field>
                    </record>
                    <record id="account_tax_report_line_post_15" model="account.report.line">
                        <field name="name">Post 15 Fradragsberettiget innenlands inngående avgift 15 %</field>
                        <field name="code">NOTAX_15</field>
                        <field name="expression_ids">
                            <record id="account_tax_report_line_post_15_tag" model="account.report.expression">
                                <field name="label">balance</field>
                                <field name="engine">tax_tags</field>
                                <field name="formula">Post 15</field>
                            </record>
                        </field>
                    </record>
                    <record id="account_tax_report_line_post_16" model="account.report.line">
                        <field name="name">Post 16 Fradragsberettiget innenlands inngående avgift 12 %</field>
                        <field name="code">NOTAX_16</field>
                        <field name="expression_ids">
                            <record id="account_tax_report_line_post_16_tag" model="account.report.expression">
                                <field name="label">balance</field>
                                <field name="engine">tax_tags</field>
                                <field name="formula">Post 16</field>
                            </record>
                        </field>
                    </record>
                </field>
            </record>
            <record id="account_tax_report_line_fradragsberettiget_innforselsmerverdiavgift" model="account.report.line">
                <field name="name">G. Fradragsberettiget innførselsmerverdiavgift</field>
                <field name="aggregation_formula">NOTAX_17.balance + NOTAX_18.balance</field>
                <field name="children_ids">
                    <record id="account_tax_report_line_post_17" model="account.report.line">
                        <field name="name">Post 17 Fradragsberettiget innførselsmerverdiavgift 25 %</field>
                        <field name="code">NOTAX_17</field>
                        <field name="expression_ids">
                            <record id="account_tax_report_line_post_17_tag" model="account.report.expression">
                                <field name="label">balance</field>
                                <field name="engine">tax_tags</field>
                                <field name="formula">Post 17</field>
                            </record>
                        </field>
                    </record>
                    <record id="account_tax_report_line_post_18" model="account.report.line">
                        <field name="name">Post 18 Fradragsberettiget innførselsmerverdiavgift 15 %</field>
                        <field name="code">NOTAX_18</field>
                        <field name="expression_ids">
                            <record id="account_tax_report_line_post_18_tag" model="account.report.expression">
                                <field name="label">balance</field>
                                <field name="engine">tax_tags</field>
                                <field name="formula">Post 18</field>
                            </record>
                        </field>
                    </record>
                </field>
            </record>
            <record id="account_tax_report_line_sum" model="account.report.line">
                <field name="name">H. Sum</field>
                <field name="expression_ids">
                    <record id="account_tax_report_line_sum_formula" model="account.report.expression">
                        <field name="label">balance</field>
                        <field name="engine">external</field>
                        <field name="formula">sum</field>
                        <field name="subformula">editable;rounding=2</field>
                    </record>
                </field>
                <field name="children_ids">
                    <record id="account_tax_report_line_post_19" model="account.report.line">
                        <field name="name">Post 19 Avgift å betale</field>
                        <field name="code">NOTAX_19</field>
                        <field name="aggregation_formula">NOTAX_03_1.balance+NOTAX_04_1.balance+NOTAX_05_1.balance+NOTAX_09_1.balance+NOTAX_10_1.balance+NOTAX_12_1.balance+NOTAX_13_1.balance-NOTAX_14.balance-NOTAX_15.balance-NOTAX_16.balance-NOTAX_17.balance-NOTAX_18.balance</field>
                    </record>
                </field>
            </record>
        </field>
    </record>
</odoo>
