<?xml version="1.0" encoding="utf-8"?>
<odoo>
    <data noupdate="1">
        <record id="tax_group_0" model="account.tax.group">
            <field name="name">MVA 0%</field>
            <field name="country_id" ref="base.no"/>
        </record>
        <record id="tax_group_10" model="account.tax.group">
            <field name="name">MVA 10%</field>
            <field name="country_id" ref="base.no"/>
        </record>
        <record id="tax_group_12" model="account.tax.group">
            <field name="name">MVA 12%</field>
            <field name="country_id" ref="base.no"/>
        </record>
        <record id="tax_group_15" model="account.tax.group">
            <field name="name">MVA 15%</field>
            <field name="country_id" ref="base.no"/>
        </record>
        <record id="tax_group_25" model="account.tax.group">
            <field name="name">MVA 25%</field>
            <field name="country_id" ref="base.no"/>
        </record>
    </data>
</odoo>
