<?xml version="1.0" encoding="utf-8"?>
<odoo>
    <data>
        <record id="no_chart_template" model="account.chart.template">
            <field name="property_account_receivable_id" ref="chart1500"/>
            <field name="property_account_payable_id" ref="chart2400"/>
            <field name="property_account_expense_categ_id" ref="chart4000"/>
            <field name="property_account_income_categ_id" ref="chart3000"/>
            <field name="property_account_expense_id" ref="chart4300"/>
            <field name="property_account_income_id" ref="chart3000"/>
            <field name="income_currency_exchange_account_id" ref="chart8060"/>
            <field name="expense_currency_exchange_account_id" ref="chart8160"/>
            <field name="default_pos_receivable_account_id" ref="chart1501"/>
            <field name="account_journal_early_pay_discount_loss_account_id" ref="chart4370"/>
            <field name="account_journal_early_pay_discount_gain_account_id" ref="chart3080"/>
        </record>
    </data>

    <data noupdate="1">
        <function model="account.chart.template" name="try_loading">
            <value eval="[ref('l10n_no.no_chart_template')]"/>
        </function>
    </data>
</odoo>
