﻿<?xml version="1.0" encoding="utf-8"?>
<odoo>
    <data>

    <!-- COA Templates -->
    <record id="no_chart_template" model="account.chart.template">
        <field name="name">Norway's Chart of Accounts</field>
        <field name="cash_account_code_prefix">1900</field>
        <field name="bank_account_code_prefix">1920</field>
        <field name="transfer_account_code_prefix">1940</field>
        <field name="code_digits">4</field>
        <field name="currency_id" ref="base.NOK"/>
        <field name="country_id" ref="base.no"/>
    </record>

    </data>
</odoo>
