<?xml version="1.0" encoding="utf-8"?>
<odoo>

    <record id="spreadsheet_dashboard_employees" model="spreadsheet.dashboard">
        <field name="name">Employees</field>
        <field name="data" type="base64" file="spreadsheet_dashboard_hr_contract/data/files/employees_dashboard.json"/>
        <field name="dashboard_group_id" ref="spreadsheet_dashboard.spreadsheet_dashboard_group_hr"/>
        <field name="group_ids" eval="[Command.link(ref('hr_contract.group_hr_contract_manager'))]"/>
        <field name="sequence">100</field>
    </record>

</odoo>
