id,name,model_id:id,group_id:id,perm_read,perm_write,perm_create,perm_unlink
access_helpdesk_sale_coupon_generate,access_helpdesk_sale_coupon_generate,model_helpdesk_sale_coupon_generate,helpdesk.group_helpdesk_user,1,1,1,0
access_loyalty_program_helpdesk_user,access_loyalty_program_helpdesk_user,loyalty.model_loyalty_program,helpdesk.group_helpdesk_user,1,0,0,0
access_loyalty_rule_helpdesk_user,access_loyalty_rule_helpdesk_user,loyalty.model_loyalty_rule,helpdesk.group_helpdesk_user,1,0,0,0
access_loyalty_reward_helpdesk_user,access_loyalty_reward_helpdesk_user,loyalty.model_loyalty_reward,helpdesk.group_helpdesk_user,1,0,0,0
access_loyalty_card_helpdesk_user,access_loyalty_card_helpdesk_user,loyalty.model_loyalty_card,helpdesk.group_helpdesk_user,1,0,0,0
