<?xml version="1.0" encoding="utf-8"?>
<odoo>
    <record id="hr_payroll_structure_lux_employee_salary" model="hr.payroll.structure">
        <field name="name">Luxembourg: Regular Pay</field>
        <field name="code">LUXMONTHLY</field>
        <field name="country_id" ref="base.lu"/>
        <field name="type_id" ref="l10n_lu_hr_payroll.structure_type_employee_lux"/>
        <field name="report_id" ref="l10n_lu_hr_payroll.action_report_payslip_lux"/>
    </record>
    <record id="l10n_lu_hr_payroll.structure_type_employee_lux" model="hr.payroll.structure.type">
        <field name="default_struct_id" ref="hr_payroll_structure_lux_employee_salary"/>
    </record>
</odoo>
