<?xml version="1.0" encoding="utf-8"?>
<odoo>
    <record id="hr_salary_rule_category_bik_transport" model="hr.salary.rule.category">
        <field name="name">Benefit in Kind (Transportation)</field>
        <field name="code">BIK_TRANSPORT</field>
    </record>

    <record id="hr_salary_rule_category_gross_tmp" model="hr.salary.rule.category">
        <field name="name">Temporary Gross</field>
        <field name="code">T_GROSS</field>
    </record>

    <record id="hr_salary_rule_category_taxes_data" model="hr.salary.rule.category">
        <field name="name">Total Taxes</field>
        <field name="code">TAXES_TOTAL</field>
    </record>

    <record id="hr_salary_rule_category_total_allowance" model="hr.salary.rule.category">
        <field name="name">Total Allowance</field>
        <field name="code">ALW_TOTAL</field>
    </record>

    <record id="hr_salary_rule_category_taxable_amount" model="hr.salary.rule.category">
        <field name="name">Taxable Amount</field>
        <field name="code">TAXABLE</field>
    </record>
</odoo>
