<?xml version="1.0" encoding="utf-8"?>
<odoo>
    <data>
        <!-- Fiscal Position Templates -->
        <record id="fiscal_position_template_national" model="account.fiscal.position.template">
            <field name="sequence">1</field>
            <field name="name">National</field>
            <field name="chart_template_id" ref="l10nke_chart_template" />
            <field name="auto_apply" eval="True"/>
            <field name="country_id" ref="base.ke"/>
        </record>

        <record id="fiscal_position_template_non_kenyan" model="account.fiscal.position.template">
            <field name="sequence">2</field>
            <field name="name">International</field>
            <field name="chart_template_id" ref="l10nke_chart_template" />
            <field name="auto_apply" eval="True"/>
        </record>

        <record id="import_16" model="account.fiscal.position.tax.template">
            <field name="position_id" ref="fiscal_position_template_non_kenyan"/>
            <field name="tax_src_id" ref="ST16"/>
            <field name="tax_dest_id" ref="ST0"/>
        </record>

        <record id="import_8" model="account.fiscal.position.tax.template">
            <field name="position_id" ref="fiscal_position_template_non_kenyan"/>
            <field name="tax_src_id" ref="ST8"/>
            <field name="tax_dest_id" ref="ST0"/>
        </record>

        <record id="export_16" model="account.fiscal.position.tax.template">
            <field name="position_id" ref="fiscal_position_template_non_kenyan"/>
            <field name="tax_src_id" ref="PT16"/>
            <field name="tax_dest_id" ref="PT0"/>
        </record>

        <record id="export_8" model="account.fiscal.position.tax.template">
            <field name="position_id" ref="fiscal_position_template_non_kenyan"/>
            <field name="tax_src_id" ref="PT8"/>
            <field name="tax_dest_id" ref="PT0"/>
        </record>
    </data>
</odoo>
