<?xml version="1.0" encoding="utf-8"?>
<odoo>
    <!-- Chart template -->
    <record id="l10nke_chart_template" model="account.chart.template">
        <field name="name">Kenyan COA</field>
        <field name="bank_account_code_prefix">12000</field>
        <field name="cash_account_code_prefix">12500</field>
        <field name="transfer_account_code_prefix">12100</field>
        <field name="code_digits">6</field>
        <field name="currency_id" ref="base.KES"/>
        <field name="country_id" ref="base.ke"/>
    </record>
</odoo>
