<?xml version="1.0" encoding="utf-8"?>
<odoo>
    <data noupdate="1">
        <record id="tax_group_16" model="account.tax.group">
            <field name="name">TVA 16%</field>
            <field name="country_id" ref="base.ke"/>
        </record>

        <record id="tax_group_8" model="account.tax.group">
            <field name="name">TVA 8%</field>
            <field name="country_id" ref="base.ke"/>
        </record>

        <record id="tax_group_0" model="account.tax.group">
            <field name="name">TVA 0%</field>
            <field name="country_id" ref="base.ke"/>
        </record>

        <record id="tax_group_withholding" model="account.tax.group">
            <field name="name">Withholding Tax</field>
            <field name="country_id" ref="base.ke"/>
        </record>
    </data>
</odoo>
