<?xml version="1.0" encoding="utf-8"?>
<odoo>
    <data>
        <record id="uy_chart_template" model="account.chart.template">
            <field name="name">Plan de Cuentas Uruguay - Template</field>
            <field name="code_digits">6</field>
            <field name="bank_account_code_prefix">1111</field>
            <field name="cash_account_code_prefix">1112</field>
            <field name="transfer_account_code_prefix">11120</field>
            <field name="currency_id" ref="base.UYU"/>
            <field name="country_id" ref="base.uy"/>
        </record>
    </data>
</odoo>
