id,name,model_id:id,group_id:id,perm_read,perm_write,perm_create,perm_unlink
access_delivery_carrier,delivery.carrier,model_delivery_carrier,sales_team.group_sale_salesman,1,0,0,0
access_delivery_carrier_system,delivery.carrier,model_delivery_carrier,base.group_system,1,0,0,0
access_delivery_zip_prefix,delivery.zip.prefix,model_delivery_zip_prefix,sales_team.group_sale_salesman,1,0,0,0
access_delivery_price_rule,delivery.price.rule,model_delivery_price_rule,sales_team.group_sale_salesman,1,0,0,0
access_delivery_carrier_manager,delivery.carrier,model_delivery_carrier,sales_team.group_sale_manager,1,1,1,1
access_delivery_price_rule_manager,delivery.price.rule,model_delivery_price_rule,sales_team.group_sale_manager,1,1,1,1
access_delivery_carrier_partner_manager,delivery.carrier partner_manager,model_delivery_carrier,base.group_partner_manager,1,0,0,0
access_delivery_carrier_stock_user,delivery.carrier stock_user,model_delivery_carrier,stock.group_stock_user,1,0,0,0
access_delivery_carrier_stock_manager,delivery.carrier,model_delivery_carrier,stock.group_stock_manager,1,1,1,1
access_delivery_zip_prefix_stock_manager,delivery.zip.prefix,model_delivery_zip_prefix,stock.group_stock_manager,1,1,1,1
access_delivery_price_rule_stock_manager,delivery.price.rule,model_delivery_price_rule,stock.group_stock_manager,1,1,1,1
access_choose_delivery_package,access.choose.delivery.package,model_choose_delivery_package,stock.group_stock_user,1,1,1,0
access_choose_delivery_carrier,access.choose.delivery.carrier,model_choose_delivery_carrier,stock.group_stock_user,1,1,1,0
