<?xml version="1.0" encoding="utf-8"?>
<odoo noupdate="1">

    <record id="payment_provider_payumoney" model="payment.provider">
        <field name="name">PayUmoney</field>
        <field name="display_as">Credit Card (powered by PayUmoney)</field>
        <field name="image_128"
               type="base64"
               file="payment_payumoney/static/description/icon.png"/>
        <field name="module_id" ref="base.module_payment_payumoney"/>
        <!-- See https://www.payumoney.com/selfcare.html?userType=seller
             > Banks & Cards > What options do you have in the Credit Card payment? -->
        <field name="payment_icon_ids"
               eval="[(6, 0, [
                   ref('payment.payment_icon_cc_maestro'),
                   ref('payment.payment_icon_cc_mastercard'),
                   ref('payment.payment_icon_cc_american_express'),
                   ref('payment.payment_icon_cc_visa'),
               ])]"/>
        <field name="code">payumoney</field>
        <field name="redirect_form_view_id" ref="redirect_form"/>
    </record>

</odoo>
