id,name,model_id:id,group_id:id,perm_read,perm_write,perm_create,perm_unlink
access_account_analytic_account,access_account_analytic_account,model_account_analytic_account,group_analytic_accounting,1,1,1,1
access_account_analytic_line,access_account_analytic_line,model_account_analytic_line,group_analytic_accounting,1,1,1,1
access_account_analytic_plan,access_account_analytic_plan,model_account_analytic_plan,group_analytic_accounting,1,1,1,1
access_account_analytic_applicability,access_account_analytic_applicability,model_account_analytic_applicability,group_analytic_accounting,1,1,1,1
access_account_analytic_distribution_model,access_account_analytic_distribution_model,model_account_analytic_distribution_model,group_analytic_accounting,1,1,1,1
