<odoo><data>
    <record id="product_category_courses" model="product.category">
        <field name="parent_id" ref="product.product_category_1"/>
        <field name="name">Courses</field>
    </record>

    <record id="default_product_course" model="product.product">
        <field name="name">Course Access</field>
        <field name="standard_price">99.99</field>
        <field name="list_price">99.99</field>
        <field name="detailed_type">course</field>
        <field name="invoice_policy">order</field>
        <field name="is_published" eval="True"/>
        <field name="image_1920" type="base64" file="website_sale_slides/static/img/default_course_product.svg"/>
        <field name="categ_id" ref="product_category_courses"/>
    </record>
</data></odoo>
