<?xml version="1.0" encoding="utf-8"?>
<odoo>
    <data noupdate="1">

        <!-- Eco type by default -->
        <record id="ecotype_workorder" model="mrp.eco.type">
            <field name="name">BOM Updates</field>
        </record>

        <!-- ECO Stage records -->
        <record id="ecostage_new" model="mrp.eco.stage">
            <field name="name">New</field>
            <field name="type_ids" eval="[(4, ref('ecotype_workorder'))]"/>
            <field name="folded" eval="False"/>
        </record>
        <record id="ecostage_progress" model="mrp.eco.stage">
            <field name="name">In Progress</field>
            <field name="type_ids" eval="[(4, ref('ecotype_workorder'))]"/>
            <field name="folded" eval="False"/>
        </record>
        <record id="ecostage_validated" model="mrp.eco.stage">
            <field name="name">Validated</field>
            <field name="type_ids" eval="[(4, ref('ecotype_workorder'))]"/>
            <field name="folded" eval="False"/>
            <field name="allow_apply_change" eval="True"/>
        </record>
        <record id="ecostage_effective" model="mrp.eco.stage">
            <field name="name">Effective</field>
            <field name="type_ids" eval="[(4, ref('ecotype_workorder'))]"/>
            <field name="folded" eval="True"/>
            <field name="allow_apply_change" eval="True"/>
            <field name="final_stage" eval="True"/>
        </record>
    </data>
</odoo>
